"W1"	"W2"	"W3"
"1"	-1	1	1
"2"	-0.99	0.99	1
"3"	-0.99	1	0.99
"4"	-0.98	0.98	1
"5"	-0.98	0.99	0.99
"6"	-0.98	1	0.98
"7"	-0.97	0.97	1
"8"	-0.97	0.98	0.99
"9"	-0.97	0.99	0.98
"10"	-0.97	1	0.97
"11"	-0.96	0.96	1
"12"	-0.96	0.97	0.99
"13"	-0.96	0.98	0.98
"14"	-0.96	0.99	0.97
"15"	-0.96	1	0.96
"16"	-0.95	0.95	1
"17"	-0.95	0.96	0.99
"18"	-0.95	0.97	0.98
"19"	-0.95	0.98	0.97
"20"	-0.95	0.99	0.96
"21"	-0.95	1	0.95
"22"	-0.94	0.94	1
"23"	-0.94	0.95	0.99
"24"	-0.94	0.96	0.98
"25"	-0.94	0.97	0.97
"26"	-0.94	0.98	0.96
"27"	-0.94	0.99	0.95
"28"	-0.94	1	0.94
"29"	-0.93	0.93	1
"30"	-0.93	0.94	0.99
"31"	-0.93	0.95	0.98
"32"	-0.93	0.96	0.97
"33"	-0.93	0.97	0.96
"34"	-0.93	0.98	0.95
"35"	-0.93	0.99	0.94
"36"	-0.93	1	0.93
"37"	-0.92	0.92	1
"38"	-0.92	0.93	0.99
"39"	-0.92	0.94	0.98
"40"	-0.92	0.95	0.97
"41"	-0.92	0.96	0.96
"42"	-0.92	0.97	0.95
"43"	-0.92	0.98	0.94
"44"	-0.92	0.99	0.93
"45"	-0.92	1	0.92
"46"	-0.91	0.91	1
"47"	-0.91	0.92	0.99
"48"	-0.91	0.93	0.98
"49"	-0.91	0.94	0.97
"50"	-0.91	0.95	0.96
"51"	-0.91	0.96	0.95
"52"	-0.91	0.97	0.94
"53"	-0.91	0.98	0.93
"54"	-0.91	0.99	0.92
"55"	-0.91	1	0.91
"56"	-0.9	0.9	1
"57"	-0.9	0.91	0.99
"58"	-0.9	0.92	0.98
"59"	-0.9	0.93	0.97
"60"	-0.9	0.94	0.96
"61"	-0.9	0.95	0.95
"62"	-0.9	0.96	0.94
"63"	-0.9	0.97	0.93
"64"	-0.9	0.98	0.92
"65"	-0.9	0.99	0.91
"66"	-0.9	1	0.9
"67"	-0.89	0.89	1
"68"	-0.89	0.9	0.99
"69"	-0.89	0.91	0.98
"70"	-0.89	0.92	0.97
"71"	-0.89	0.93	0.96
"72"	-0.89	0.94	0.95
"73"	-0.89	0.95	0.94
"74"	-0.89	0.96	0.93
"75"	-0.89	0.97	0.92
"76"	-0.89	0.98	0.91
"77"	-0.89	0.99	0.9
"78"	-0.89	1	0.89
"79"	-0.88	0.88	1
"80"	-0.88	0.89	0.99
"81"	-0.88	0.9	0.98
"82"	-0.88	0.91	0.97
"83"	-0.88	0.92	0.96
"84"	-0.88	0.93	0.95
"85"	-0.88	0.94	0.94
"86"	-0.88	0.95	0.93
"87"	-0.88	0.96	0.92
"88"	-0.88	0.97	0.91
"89"	-0.88	0.98	0.9
"90"	-0.88	0.99	0.89
"91"	-0.88	1	0.88
"92"	-0.87	0.87	1
"93"	-0.87	0.88	0.99
"94"	-0.87	0.89	0.98
"95"	-0.87	0.9	0.97
"96"	-0.87	0.91	0.96
"97"	-0.87	0.92	0.95
"98"	-0.87	0.93	0.94
"99"	-0.87	0.94	0.93
"100"	-0.87	0.95	0.92
"101"	-0.87	0.96	0.91
"102"	-0.87	0.97	0.9
"103"	-0.87	0.98	0.89
"104"	-0.87	0.99	0.88
"105"	-0.87	1	0.87
"106"	-0.86	0.86	1
"107"	-0.86	0.87	0.99
"108"	-0.86	0.88	0.98
"109"	-0.86	0.89	0.97
"110"	-0.86	0.9	0.96
"111"	-0.86	0.91	0.95
"112"	-0.86	0.92	0.94
"113"	-0.86	0.93	0.93
"114"	-0.86	0.94	0.92
"115"	-0.86	0.95	0.91
"116"	-0.86	0.96	0.9
"117"	-0.86	0.97	0.89
"118"	-0.86	0.98	0.88
"119"	-0.86	0.99	0.87
"120"	-0.86	1	0.86
"121"	-0.85	0.85	1
"122"	-0.85	0.86	0.99
"123"	-0.85	0.87	0.98
"124"	-0.85	0.88	0.97
"125"	-0.85	0.89	0.96
"126"	-0.85	0.9	0.95
"127"	-0.85	0.91	0.94
"128"	-0.85	0.92	0.93
"129"	-0.85	0.93	0.92
"130"	-0.85	0.94	0.91
"131"	-0.85	0.95	0.9
"132"	-0.85	0.96	0.89
"133"	-0.85	0.97	0.88
"134"	-0.85	0.98	0.87
"135"	-0.85	0.99	0.86
"136"	-0.85	1	0.85
"137"	-0.84	0.84	1
"138"	-0.84	0.85	0.99
"139"	-0.84	0.86	0.98
"140"	-0.84	0.87	0.97
"141"	-0.84	0.88	0.96
"142"	-0.84	0.89	0.95
"143"	-0.84	0.9	0.94
"144"	-0.84	0.91	0.93
"145"	-0.84	0.92	0.92
"146"	-0.84	0.93	0.91
"147"	-0.84	0.94	0.9
"148"	-0.84	0.95	0.89
"149"	-0.84	0.96	0.88
"150"	-0.84	0.97	0.87
"151"	-0.84	0.98	0.86
"152"	-0.84	0.99	0.85
"153"	-0.84	1	0.84
"154"	-0.83	0.83	1
"155"	-0.83	0.84	0.99
"156"	-0.83	0.85	0.98
"157"	-0.83	0.86	0.97
"158"	-0.83	0.87	0.96
"159"	-0.83	0.88	0.95
"160"	-0.83	0.89	0.94
"161"	-0.83	0.9	0.93
"162"	-0.83	0.91	0.92
"163"	-0.83	0.92	0.91
"164"	-0.83	0.93	0.9
"165"	-0.83	0.94	0.89
"166"	-0.83	0.95	0.88
"167"	-0.83	0.96	0.87
"168"	-0.83	0.97	0.86
"169"	-0.83	0.98	0.85
"170"	-0.83	0.99	0.84
"171"	-0.83	1	0.83
"172"	-0.82	0.82	1
"173"	-0.82	0.83	0.99
"174"	-0.82	0.84	0.98
"175"	-0.82	0.85	0.97
"176"	-0.82	0.86	0.96
"177"	-0.82	0.87	0.95
"178"	-0.82	0.88	0.94
"179"	-0.82	0.89	0.93
"180"	-0.82	0.9	0.92
"181"	-0.82	0.91	0.91
"182"	-0.82	0.92	0.9
"183"	-0.82	0.93	0.89
"184"	-0.82	0.94	0.88
"185"	-0.82	0.95	0.87
"186"	-0.82	0.96	0.86
"187"	-0.82	0.97	0.85
"188"	-0.82	0.98	0.84
"189"	-0.82	0.99	0.83
"190"	-0.82	1	0.82
"191"	-0.81	0.81	1
"192"	-0.81	0.82	0.99
"193"	-0.81	0.83	0.98
"194"	-0.81	0.84	0.97
"195"	-0.81	0.85	0.96
"196"	-0.81	0.86	0.95
"197"	-0.81	0.87	0.94
"198"	-0.81	0.88	0.93
"199"	-0.81	0.89	0.92
"200"	-0.81	0.9	0.91
"201"	-0.81	0.91	0.9
"202"	-0.81	0.92	0.89
"203"	-0.81	0.93	0.88
"204"	-0.81	0.94	0.87
"205"	-0.81	0.95	0.86
"206"	-0.81	0.96	0.85
"207"	-0.81	0.97	0.84
"208"	-0.81	0.98	0.83
"209"	-0.81	0.99	0.82
"210"	-0.81	1	0.81
"211"	-0.8	0.8	1
"212"	-0.8	0.81	0.99
"213"	-0.8	0.82	0.98
"214"	-0.8	0.83	0.97
"215"	-0.8	0.84	0.96
"216"	-0.8	0.85	0.95
"217"	-0.8	0.86	0.94
"218"	-0.8	0.87	0.93
"219"	-0.8	0.88	0.92
"220"	-0.8	0.89	0.91
"221"	-0.8	0.9	0.9
"222"	-0.8	0.91	0.89
"223"	-0.8	0.92	0.88
"224"	-0.8	0.93	0.87
"225"	-0.8	0.94	0.86
"226"	-0.8	0.95	0.85
"227"	-0.8	0.96	0.84
"228"	-0.8	0.97	0.83
"229"	-0.8	0.98	0.82
"230"	-0.8	0.99	0.81
"231"	-0.8	1	0.8
"232"	-0.79	0.79	1
"233"	-0.79	0.8	0.99
"234"	-0.79	0.81	0.98
"235"	-0.79	0.82	0.97
"236"	-0.79	0.83	0.96
"237"	-0.79	0.84	0.95
"238"	-0.79	0.85	0.94
"239"	-0.79	0.86	0.93
"240"	-0.79	0.87	0.92
"241"	-0.79	0.88	0.91
"242"	-0.79	0.89	0.9
"243"	-0.79	0.9	0.89
"244"	-0.79	0.91	0.88
"245"	-0.79	0.92	0.87
"246"	-0.79	0.93	0.86
"247"	-0.79	0.94	0.85
"248"	-0.79	0.95	0.84
"249"	-0.79	0.96	0.83
"250"	-0.79	0.97	0.82
"251"	-0.79	0.98	0.81
"252"	-0.79	0.99	0.8
"253"	-0.79	1	0.79
"254"	-0.78	0.78	1
"255"	-0.78	0.79	0.99
"256"	-0.78	0.8	0.98
"257"	-0.78	0.81	0.97
"258"	-0.78	0.82	0.96
"259"	-0.78	0.83	0.95
"260"	-0.78	0.84	0.94
"261"	-0.78	0.85	0.93
"262"	-0.78	0.86	0.92
"263"	-0.78	0.87	0.91
"264"	-0.78	0.88	0.9
"265"	-0.78	0.89	0.89
"266"	-0.78	0.9	0.88
"267"	-0.78	0.91	0.87
"268"	-0.78	0.92	0.86
"269"	-0.78	0.93	0.85
"270"	-0.78	0.94	0.84
"271"	-0.78	0.95	0.83
"272"	-0.78	0.96	0.82
"273"	-0.78	0.97	0.81
"274"	-0.78	0.98	0.8
"275"	-0.78	0.99	0.79
"276"	-0.78	1	0.78
"277"	-0.77	0.77	1
"278"	-0.77	0.78	0.99
"279"	-0.77	0.79	0.98
"280"	-0.77	0.8	0.97
"281"	-0.77	0.81	0.96
"282"	-0.77	0.82	0.95
"283"	-0.77	0.83	0.94
"284"	-0.77	0.84	0.93
"285"	-0.77	0.85	0.92
"286"	-0.77	0.86	0.91
"287"	-0.77	0.87	0.9
"288"	-0.77	0.88	0.89
"289"	-0.77	0.89	0.88
"290"	-0.77	0.9	0.87
"291"	-0.77	0.91	0.86
"292"	-0.77	0.92	0.85
"293"	-0.77	0.93	0.84
"294"	-0.77	0.94	0.83
"295"	-0.77	0.95	0.82
"296"	-0.77	0.96	0.81
"297"	-0.77	0.97	0.8
"298"	-0.77	0.98	0.79
"299"	-0.77	0.99	0.78
"300"	-0.77	1	0.77
"301"	-0.76	0.76	1
"302"	-0.76	0.77	0.99
"303"	-0.76	0.78	0.98
"304"	-0.76	0.79	0.97
"305"	-0.76	0.8	0.96
"306"	-0.76	0.81	0.95
"307"	-0.76	0.82	0.94
"308"	-0.76	0.83	0.93
"309"	-0.76	0.84	0.92
"310"	-0.76	0.85	0.91
"311"	-0.76	0.86	0.9
"312"	-0.76	0.87	0.89
"313"	-0.76	0.88	0.88
"314"	-0.76	0.89	0.87
"315"	-0.76	0.9	0.86
"316"	-0.76	0.91	0.85
"317"	-0.76	0.92	0.84
"318"	-0.76	0.93	0.83
"319"	-0.76	0.94	0.82
"320"	-0.76	0.95	0.81
"321"	-0.76	0.96	0.8
"322"	-0.76	0.97	0.79
"323"	-0.76	0.98	0.78
"324"	-0.76	0.99	0.77
"325"	-0.76	1	0.76
"326"	-0.75	0.75	1
"327"	-0.75	0.76	0.99
"328"	-0.75	0.77	0.98
"329"	-0.75	0.78	0.97
"330"	-0.75	0.79	0.96
"331"	-0.75	0.8	0.95
"332"	-0.75	0.81	0.94
"333"	-0.75	0.82	0.93
"334"	-0.75	0.83	0.92
"335"	-0.75	0.84	0.91
"336"	-0.75	0.85	0.9
"337"	-0.75	0.86	0.89
"338"	-0.75	0.87	0.88
"339"	-0.75	0.88	0.87
"340"	-0.75	0.89	0.86
"341"	-0.75	0.9	0.85
"342"	-0.75	0.91	0.84
"343"	-0.75	0.92	0.83
"344"	-0.75	0.93	0.82
"345"	-0.75	0.94	0.81
"346"	-0.75	0.95	0.8
"347"	-0.75	0.96	0.79
"348"	-0.75	0.97	0.78
"349"	-0.75	0.98	0.77
"350"	-0.75	0.99	0.76
"351"	-0.75	1	0.75
"352"	-0.74	0.74	1
"353"	-0.74	0.75	0.99
"354"	-0.74	0.76	0.98
"355"	-0.74	0.77	0.97
"356"	-0.74	0.78	0.96
"357"	-0.74	0.79	0.95
"358"	-0.74	0.8	0.94
"359"	-0.74	0.81	0.93
"360"	-0.74	0.82	0.92
"361"	-0.74	0.83	0.91
"362"	-0.74	0.84	0.9
"363"	-0.74	0.85	0.89
"364"	-0.74	0.86	0.88
"365"	-0.74	0.87	0.87
"366"	-0.74	0.88	0.86
"367"	-0.74	0.89	0.85
"368"	-0.74	0.9	0.84
"369"	-0.74	0.91	0.83
"370"	-0.74	0.92	0.82
"371"	-0.74	0.93	0.81
"372"	-0.74	0.94	0.8
"373"	-0.74	0.95	0.79
"374"	-0.74	0.96	0.78
"375"	-0.74	0.97	0.77
"376"	-0.74	0.98	0.76
"377"	-0.74	0.99	0.75
"378"	-0.74	1	0.74
"379"	-0.73	0.73	1
"380"	-0.73	0.74	0.99
"381"	-0.73	0.75	0.98
"382"	-0.73	0.76	0.97
"383"	-0.73	0.77	0.96
"384"	-0.73	0.78	0.95
"385"	-0.73	0.79	0.94
"386"	-0.73	0.8	0.93
"387"	-0.73	0.81	0.92
"388"	-0.73	0.82	0.91
"389"	-0.73	0.83	0.9
"390"	-0.73	0.84	0.89
"391"	-0.73	0.85	0.88
"392"	-0.73	0.86	0.87
"393"	-0.73	0.87	0.86
"394"	-0.73	0.88	0.85
"395"	-0.73	0.89	0.84
"396"	-0.73	0.9	0.83
"397"	-0.73	0.91	0.82
"398"	-0.73	0.92	0.81
"399"	-0.73	0.93	0.8
"400"	-0.73	0.94	0.79
"401"	-0.73	0.95	0.78
"402"	-0.73	0.96	0.77
"403"	-0.73	0.97	0.76
"404"	-0.73	0.98	0.75
"405"	-0.73	0.99	0.74
"406"	-0.73	1	0.73
"407"	-0.72	0.72	1
"408"	-0.72	0.73	0.99
"409"	-0.72	0.74	0.98
"410"	-0.72	0.75	0.97
"411"	-0.72	0.76	0.96
"412"	-0.72	0.77	0.95
"413"	-0.72	0.78	0.94
"414"	-0.72	0.79	0.93
"415"	-0.72	0.8	0.92
"416"	-0.72	0.81	0.91
"417"	-0.72	0.82	0.9
"418"	-0.72	0.83	0.89
"419"	-0.72	0.84	0.88
"420"	-0.72	0.85	0.87
"421"	-0.72	0.86	0.86
"422"	-0.72	0.87	0.85
"423"	-0.72	0.88	0.84
"424"	-0.72	0.89	0.83
"425"	-0.72	0.9	0.82
"426"	-0.72	0.91	0.81
"427"	-0.72	0.92	0.8
"428"	-0.72	0.93	0.79
"429"	-0.72	0.94	0.78
"430"	-0.72	0.95	0.77
"431"	-0.72	0.96	0.76
"432"	-0.72	0.97	0.75
"433"	-0.72	0.98	0.74
"434"	-0.72	0.99	0.73
"435"	-0.72	1	0.72
"436"	-0.71	0.71	1
"437"	-0.71	0.72	0.99
"438"	-0.71	0.73	0.98
"439"	-0.71	0.74	0.97
"440"	-0.71	0.75	0.96
"441"	-0.71	0.76	0.95
"442"	-0.71	0.77	0.94
"443"	-0.71	0.78	0.93
"444"	-0.71	0.79	0.92
"445"	-0.71	0.8	0.91
"446"	-0.71	0.81	0.9
"447"	-0.71	0.82	0.89
"448"	-0.71	0.83	0.88
"449"	-0.71	0.84	0.87
"450"	-0.71	0.85	0.86
"451"	-0.71	0.86	0.85
"452"	-0.71	0.87	0.84
"453"	-0.71	0.88	0.83
"454"	-0.71	0.89	0.82
"455"	-0.71	0.9	0.81
"456"	-0.71	0.91	0.8
"457"	-0.71	0.92	0.79
"458"	-0.71	0.93	0.78
"459"	-0.71	0.94	0.77
"460"	-0.71	0.95	0.76
"461"	-0.71	0.96	0.75
"462"	-0.71	0.97	0.74
"463"	-0.71	0.98	0.73
"464"	-0.71	0.99	0.72
"465"	-0.71	1	0.71
"466"	-0.7	0.7	1
"467"	-0.7	0.71	0.99
"468"	-0.7	0.72	0.98
"469"	-0.7	0.73	0.97
"470"	-0.7	0.74	0.96
"471"	-0.7	0.75	0.95
"472"	-0.7	0.76	0.94
"473"	-0.7	0.77	0.93
"474"	-0.7	0.78	0.92
"475"	-0.7	0.79	0.91
"476"	-0.7	0.8	0.9
"477"	-0.7	0.81	0.89
"478"	-0.7	0.82	0.88
"479"	-0.7	0.83	0.87
"480"	-0.7	0.84	0.86
"481"	-0.7	0.85	0.85
"482"	-0.7	0.86	0.84
"483"	-0.7	0.87	0.83
"484"	-0.7	0.88	0.82
"485"	-0.7	0.89	0.81
"486"	-0.7	0.9	0.8
"487"	-0.7	0.91	0.79
"488"	-0.7	0.92	0.78
"489"	-0.7	0.93	0.77
"490"	-0.7	0.94	0.76
"491"	-0.7	0.95	0.75
"492"	-0.7	0.96	0.74
"493"	-0.7	0.97	0.73
"494"	-0.7	0.98	0.72
"495"	-0.7	0.99	0.71
"496"	-0.7	1	0.7
"497"	-0.69	0.69	1
"498"	-0.69	0.7	0.99
"499"	-0.69	0.71	0.98
"500"	-0.69	0.72	0.97
"501"	-0.69	0.73	0.96
"502"	-0.69	0.74	0.95
"503"	-0.69	0.75	0.94
"504"	-0.69	0.76	0.93
"505"	-0.69	0.77	0.92
"506"	-0.69	0.78	0.91
"507"	-0.69	0.79	0.9
"508"	-0.69	0.8	0.89
"509"	-0.69	0.81	0.88
"510"	-0.69	0.82	0.87
"511"	-0.69	0.83	0.86
"512"	-0.69	0.84	0.85
"513"	-0.69	0.85	0.84
"514"	-0.69	0.86	0.83
"515"	-0.69	0.87	0.82
"516"	-0.69	0.88	0.81
"517"	-0.69	0.89	0.8
"518"	-0.69	0.9	0.79
"519"	-0.69	0.91	0.78
"520"	-0.69	0.92	0.77
"521"	-0.69	0.93	0.76
"522"	-0.69	0.94	0.75
"523"	-0.69	0.95	0.74
"524"	-0.69	0.96	0.73
"525"	-0.69	0.97	0.72
"526"	-0.69	0.98	0.71
"527"	-0.69	0.99	0.7
"528"	-0.69	1	0.69
"529"	-0.68	0.68	1
"530"	-0.68	0.69	0.99
"531"	-0.68	0.7	0.98
"532"	-0.68	0.71	0.97
"533"	-0.68	0.72	0.96
"534"	-0.68	0.73	0.95
"535"	-0.68	0.74	0.94
"536"	-0.68	0.75	0.93
"537"	-0.68	0.76	0.92
"538"	-0.68	0.77	0.91
"539"	-0.68	0.78	0.9
"540"	-0.68	0.79	0.89
"541"	-0.68	0.8	0.88
"542"	-0.68	0.81	0.87
"543"	-0.68	0.82	0.86
"544"	-0.68	0.83	0.85
"545"	-0.68	0.84	0.84
"546"	-0.68	0.85	0.83
"547"	-0.68	0.86	0.82
"548"	-0.68	0.87	0.81
"549"	-0.68	0.88	0.8
"550"	-0.68	0.89	0.79
"551"	-0.68	0.9	0.78
"552"	-0.68	0.91	0.77
"553"	-0.68	0.92	0.76
"554"	-0.68	0.93	0.75
"555"	-0.68	0.94	0.74
"556"	-0.68	0.95	0.73
"557"	-0.68	0.96	0.72
"558"	-0.68	0.97	0.71
"559"	-0.68	0.98	0.7
"560"	-0.68	0.99	0.69
"561"	-0.68	1	0.68
"562"	-0.67	0.67	1
"563"	-0.67	0.68	0.99
"564"	-0.67	0.69	0.98
"565"	-0.67	0.7	0.97
"566"	-0.67	0.71	0.96
"567"	-0.67	0.72	0.95
"568"	-0.67	0.73	0.94
"569"	-0.67	0.74	0.93
"570"	-0.67	0.75	0.92
"571"	-0.67	0.76	0.91
"572"	-0.67	0.77	0.9
"573"	-0.67	0.78	0.89
"574"	-0.67	0.79	0.88
"575"	-0.67	0.8	0.87
"576"	-0.67	0.81	0.86
"577"	-0.67	0.82	0.85
"578"	-0.67	0.83	0.84
"579"	-0.67	0.84	0.83
"580"	-0.67	0.85	0.82
"581"	-0.67	0.86	0.81
"582"	-0.67	0.87	0.8
"583"	-0.67	0.88	0.79
"584"	-0.67	0.89	0.78
"585"	-0.67	0.9	0.77
"586"	-0.67	0.91	0.76
"587"	-0.67	0.92	0.75
"588"	-0.67	0.93	0.74
"589"	-0.67	0.94	0.73
"590"	-0.67	0.95	0.72
"591"	-0.67	0.96	0.71
"592"	-0.67	0.97	0.7
"593"	-0.67	0.98	0.69
"594"	-0.67	0.99	0.68
"595"	-0.67	1	0.67
"596"	-0.66	0.66	1
"597"	-0.66	0.67	0.99
"598"	-0.66	0.68	0.98
"599"	-0.66	0.69	0.97
"600"	-0.66	0.7	0.96
"601"	-0.66	0.71	0.95
"602"	-0.66	0.72	0.94
"603"	-0.66	0.73	0.93
"604"	-0.66	0.74	0.92
"605"	-0.66	0.75	0.91
"606"	-0.66	0.76	0.9
"607"	-0.66	0.77	0.89
"608"	-0.66	0.78	0.88
"609"	-0.66	0.79	0.87
"610"	-0.66	0.8	0.86
"611"	-0.66	0.81	0.85
"612"	-0.66	0.82	0.84
"613"	-0.66	0.83	0.83
"614"	-0.66	0.84	0.82
"615"	-0.66	0.85	0.81
"616"	-0.66	0.86	0.8
"617"	-0.66	0.87	0.79
"618"	-0.66	0.88	0.78
"619"	-0.66	0.89	0.77
"620"	-0.66	0.9	0.76
"621"	-0.66	0.91	0.75
"622"	-0.66	0.92	0.74
"623"	-0.66	0.93	0.73
"624"	-0.66	0.94	0.72
"625"	-0.66	0.95	0.71
"626"	-0.66	0.96	0.7
"627"	-0.66	0.97	0.69
"628"	-0.66	0.98	0.68
"629"	-0.66	0.99	0.67
"630"	-0.66	1	0.66
"631"	-0.65	0.65	1
"632"	-0.65	0.66	0.99
"633"	-0.65	0.67	0.98
"634"	-0.65	0.68	0.97
"635"	-0.65	0.69	0.96
"636"	-0.65	0.7	0.95
"637"	-0.65	0.71	0.94
"638"	-0.65	0.72	0.93
"639"	-0.65	0.73	0.92
"640"	-0.65	0.74	0.91
"641"	-0.65	0.75	0.9
"642"	-0.65	0.76	0.89
"643"	-0.65	0.77	0.88
"644"	-0.65	0.78	0.87
"645"	-0.65	0.79	0.86
"646"	-0.65	0.8	0.85
"647"	-0.65	0.81	0.84
"648"	-0.65	0.82	0.83
"649"	-0.65	0.83	0.82
"650"	-0.65	0.84	0.81
"651"	-0.65	0.85	0.8
"652"	-0.65	0.86	0.79
"653"	-0.65	0.87	0.78
"654"	-0.65	0.88	0.77
"655"	-0.65	0.89	0.76
"656"	-0.65	0.9	0.75
"657"	-0.65	0.91	0.74
"658"	-0.65	0.92	0.73
"659"	-0.65	0.93	0.72
"660"	-0.65	0.94	0.71
"661"	-0.65	0.95	0.7
"662"	-0.65	0.96	0.69
"663"	-0.65	0.97	0.68
"664"	-0.65	0.98	0.67
"665"	-0.65	0.99	0.66
"666"	-0.65	1	0.65
"667"	-0.64	0.64	1
"668"	-0.64	0.65	0.99
"669"	-0.64	0.66	0.98
"670"	-0.64	0.67	0.97
"671"	-0.64	0.68	0.96
"672"	-0.64	0.69	0.95
"673"	-0.64	0.7	0.94
"674"	-0.64	0.71	0.93
"675"	-0.64	0.72	0.92
"676"	-0.64	0.73	0.91
"677"	-0.64	0.74	0.9
"678"	-0.64	0.75	0.89
"679"	-0.64	0.76	0.88
"680"	-0.64	0.77	0.87
"681"	-0.64	0.78	0.86
"682"	-0.64	0.79	0.85
"683"	-0.64	0.8	0.84
"684"	-0.64	0.81	0.83
"685"	-0.64	0.82	0.82
"686"	-0.64	0.83	0.81
"687"	-0.64	0.84	0.8
"688"	-0.64	0.85	0.79
"689"	-0.64	0.86	0.78
"690"	-0.64	0.87	0.77
"691"	-0.64	0.88	0.76
"692"	-0.64	0.89	0.75
"693"	-0.64	0.9	0.74
"694"	-0.64	0.91	0.73
"695"	-0.64	0.92	0.72
"696"	-0.64	0.93	0.71
"697"	-0.64	0.94	0.7
"698"	-0.64	0.95	0.69
"699"	-0.64	0.96	0.68
"700"	-0.64	0.97	0.67
"701"	-0.64	0.98	0.66
"702"	-0.64	0.99	0.65
"703"	-0.64	1	0.64
"704"	-0.63	0.63	1
"705"	-0.63	0.64	0.99
"706"	-0.63	0.65	0.98
"707"	-0.63	0.66	0.97
"708"	-0.63	0.67	0.96
"709"	-0.63	0.68	0.95
"710"	-0.63	0.69	0.94
"711"	-0.63	0.7	0.93
"712"	-0.63	0.71	0.92
"713"	-0.63	0.72	0.91
"714"	-0.63	0.73	0.9
"715"	-0.63	0.74	0.89
"716"	-0.63	0.75	0.88
"717"	-0.63	0.76	0.87
"718"	-0.63	0.77	0.86
"719"	-0.63	0.78	0.85
"720"	-0.63	0.79	0.84
"721"	-0.63	0.8	0.83
"722"	-0.63	0.81	0.82
"723"	-0.63	0.82	0.81
"724"	-0.63	0.83	0.8
"725"	-0.63	0.84	0.79
"726"	-0.63	0.85	0.78
"727"	-0.63	0.86	0.77
"728"	-0.63	0.87	0.76
"729"	-0.63	0.88	0.75
"730"	-0.63	0.89	0.74
"731"	-0.63	0.9	0.73
"732"	-0.63	0.91	0.72
"733"	-0.63	0.92	0.71
"734"	-0.63	0.93	0.7
"735"	-0.63	0.94	0.69
"736"	-0.63	0.95	0.68
"737"	-0.63	0.96	0.67
"738"	-0.63	0.97	0.66
"739"	-0.63	0.98	0.65
"740"	-0.63	0.99	0.64
"741"	-0.63	1	0.63
"742"	-0.62	0.62	1
"743"	-0.62	0.63	0.99
"744"	-0.62	0.64	0.98
"745"	-0.62	0.65	0.97
"746"	-0.62	0.66	0.96
"747"	-0.62	0.67	0.95
"748"	-0.62	0.68	0.94
"749"	-0.62	0.69	0.93
"750"	-0.62	0.7	0.92
"751"	-0.62	0.71	0.91
"752"	-0.62	0.72	0.9
"753"	-0.62	0.73	0.89
"754"	-0.62	0.74	0.88
"755"	-0.62	0.75	0.87
"756"	-0.62	0.76	0.86
"757"	-0.62	0.77	0.85
"758"	-0.62	0.78	0.84
"759"	-0.62	0.79	0.83
"760"	-0.62	0.8	0.82
"761"	-0.62	0.81	0.81
"762"	-0.62	0.82	0.8
"763"	-0.62	0.83	0.79
"764"	-0.62	0.84	0.78
"765"	-0.62	0.85	0.77
"766"	-0.62	0.86	0.76
"767"	-0.62	0.87	0.75
"768"	-0.62	0.88	0.74
"769"	-0.62	0.89	0.73
"770"	-0.62	0.9	0.72
"771"	-0.62	0.91	0.71
"772"	-0.62	0.92	0.7
"773"	-0.62	0.93	0.69
"774"	-0.62	0.94	0.68
"775"	-0.62	0.95	0.67
"776"	-0.62	0.96	0.66
"777"	-0.62	0.97	0.65
"778"	-0.62	0.98	0.64
"779"	-0.62	0.99	0.63
"780"	-0.62	1	0.62
"781"	-0.61	0.61	1
"782"	-0.61	0.62	0.99
"783"	-0.61	0.63	0.98
"784"	-0.61	0.64	0.97
"785"	-0.61	0.65	0.96
"786"	-0.61	0.66	0.95
"787"	-0.61	0.67	0.94
"788"	-0.61	0.68	0.93
"789"	-0.61	0.69	0.92
"790"	-0.61	0.7	0.91
"791"	-0.61	0.71	0.9
"792"	-0.61	0.72	0.89
"793"	-0.61	0.73	0.88
"794"	-0.61	0.74	0.87
"795"	-0.61	0.75	0.86
"796"	-0.61	0.76	0.85
"797"	-0.61	0.77	0.84
"798"	-0.61	0.78	0.83
"799"	-0.61	0.79	0.82
"800"	-0.61	0.8	0.81
"801"	-0.61	0.81	0.8
"802"	-0.61	0.82	0.79
"803"	-0.61	0.83	0.78
"804"	-0.61	0.84	0.77
"805"	-0.61	0.85	0.76
"806"	-0.61	0.86	0.75
"807"	-0.61	0.87	0.74
"808"	-0.61	0.88	0.73
"809"	-0.61	0.89	0.72
"810"	-0.61	0.9	0.71
"811"	-0.61	0.91	0.7
"812"	-0.61	0.92	0.69
"813"	-0.61	0.93	0.68
"814"	-0.61	0.94	0.67
"815"	-0.61	0.95	0.66
"816"	-0.61	0.96	0.65
"817"	-0.61	0.97	0.64
"818"	-0.61	0.98	0.63
"819"	-0.61	0.99	0.62
"820"	-0.61	1	0.61
"821"	-0.6	0.6	1
"822"	-0.6	0.61	0.99
"823"	-0.6	0.62	0.98
"824"	-0.6	0.63	0.97
"825"	-0.6	0.64	0.96
"826"	-0.6	0.65	0.95
"827"	-0.6	0.66	0.94
"828"	-0.6	0.67	0.93
"829"	-0.6	0.68	0.92
"830"	-0.6	0.69	0.91
"831"	-0.6	0.7	0.9
"832"	-0.6	0.71	0.89
"833"	-0.6	0.72	0.88
"834"	-0.6	0.73	0.87
"835"	-0.6	0.74	0.86
"836"	-0.6	0.75	0.85
"837"	-0.6	0.76	0.84
"838"	-0.6	0.77	0.83
"839"	-0.6	0.78	0.82
"840"	-0.6	0.79	0.81
"841"	-0.6	0.8	0.8
"842"	-0.6	0.81	0.79
"843"	-0.6	0.82	0.78
"844"	-0.6	0.83	0.77
"845"	-0.6	0.84	0.76
"846"	-0.6	0.85	0.75
"847"	-0.6	0.86	0.74
"848"	-0.6	0.87	0.73
"849"	-0.6	0.88	0.72
"850"	-0.6	0.89	0.71
"851"	-0.6	0.9	0.7
"852"	-0.6	0.91	0.69
"853"	-0.6	0.92	0.68
"854"	-0.6	0.93	0.67
"855"	-0.6	0.94	0.66
"856"	-0.6	0.95	0.65
"857"	-0.6	0.96	0.64
"858"	-0.6	0.97	0.63
"859"	-0.6	0.98	0.62
"860"	-0.6	0.99	0.61
"861"	-0.6	1	0.6
"862"	-0.59	0.59	1
"863"	-0.59	0.6	0.99
"864"	-0.59	0.61	0.98
"865"	-0.59	0.62	0.97
"866"	-0.59	0.63	0.96
"867"	-0.59	0.64	0.95
"868"	-0.59	0.65	0.94
"869"	-0.59	0.66	0.93
"870"	-0.59	0.67	0.92
"871"	-0.59	0.68	0.91
"872"	-0.59	0.69	0.9
"873"	-0.59	0.7	0.89
"874"	-0.59	0.71	0.88
"875"	-0.59	0.72	0.87
"876"	-0.59	0.73	0.86
"877"	-0.59	0.74	0.85
"878"	-0.59	0.75	0.84
"879"	-0.59	0.76	0.83
"880"	-0.59	0.77	0.82
"881"	-0.59	0.78	0.81
"882"	-0.59	0.79	0.8
"883"	-0.59	0.8	0.79
"884"	-0.59	0.81	0.78
"885"	-0.59	0.82	0.77
"886"	-0.59	0.83	0.76
"887"	-0.59	0.84	0.75
"888"	-0.59	0.85	0.74
"889"	-0.59	0.86	0.73
"890"	-0.59	0.87	0.72
"891"	-0.59	0.88	0.71
"892"	-0.59	0.89	0.7
"893"	-0.59	0.9	0.69
"894"	-0.59	0.91	0.68
"895"	-0.59	0.92	0.67
"896"	-0.59	0.93	0.66
"897"	-0.59	0.94	0.65
"898"	-0.59	0.95	0.64
"899"	-0.59	0.96	0.63
"900"	-0.59	0.97	0.62
"901"	-0.59	0.98	0.61
"902"	-0.59	0.99	0.6
"903"	-0.59	1	0.59
"904"	-0.58	0.58	1
"905"	-0.58	0.59	0.99
"906"	-0.58	0.6	0.98
"907"	-0.58	0.61	0.97
"908"	-0.58	0.62	0.96
"909"	-0.58	0.63	0.95
"910"	-0.58	0.64	0.94
"911"	-0.58	0.65	0.93
"912"	-0.58	0.66	0.92
"913"	-0.58	0.67	0.91
"914"	-0.58	0.68	0.9
"915"	-0.58	0.69	0.89
"916"	-0.58	0.7	0.88
"917"	-0.58	0.71	0.87
"918"	-0.58	0.72	0.86
"919"	-0.58	0.73	0.85
"920"	-0.58	0.74	0.84
"921"	-0.58	0.75	0.83
"922"	-0.58	0.76	0.82
"923"	-0.58	0.77	0.81
"924"	-0.58	0.78	0.8
"925"	-0.58	0.79	0.79
"926"	-0.58	0.8	0.78
"927"	-0.58	0.81	0.77
"928"	-0.58	0.82	0.76
"929"	-0.58	0.83	0.75
"930"	-0.58	0.84	0.74
"931"	-0.58	0.85	0.73
"932"	-0.58	0.86	0.72
"933"	-0.58	0.87	0.71
"934"	-0.58	0.88	0.7
"935"	-0.58	0.89	0.69
"936"	-0.58	0.9	0.68
"937"	-0.58	0.91	0.67
"938"	-0.58	0.92	0.66
"939"	-0.58	0.93	0.65
"940"	-0.58	0.94	0.64
"941"	-0.58	0.95	0.63
"942"	-0.58	0.96	0.62
"943"	-0.58	0.97	0.61
"944"	-0.58	0.98	0.6
"945"	-0.58	0.99	0.59
"946"	-0.58	1	0.58
"947"	-0.57	0.57	1
"948"	-0.57	0.58	0.99
"949"	-0.57	0.59	0.98
"950"	-0.57	0.6	0.97
"951"	-0.57	0.61	0.96
"952"	-0.57	0.62	0.95
"953"	-0.57	0.63	0.94
"954"	-0.57	0.64	0.93
"955"	-0.57	0.65	0.92
"956"	-0.57	0.66	0.91
"957"	-0.57	0.67	0.9
"958"	-0.57	0.68	0.89
"959"	-0.57	0.69	0.88
"960"	-0.57	0.7	0.87
"961"	-0.57	0.71	0.86
"962"	-0.57	0.72	0.85
"963"	-0.57	0.73	0.84
"964"	-0.57	0.74	0.83
"965"	-0.57	0.75	0.82
"966"	-0.57	0.76	0.81
"967"	-0.57	0.77	0.8
"968"	-0.57	0.78	0.79
"969"	-0.57	0.79	0.78
"970"	-0.57	0.8	0.77
"971"	-0.57	0.81	0.76
"972"	-0.57	0.82	0.75
"973"	-0.57	0.83	0.74
"974"	-0.57	0.84	0.73
"975"	-0.57	0.85	0.72
"976"	-0.57	0.86	0.71
"977"	-0.57	0.87	0.7
"978"	-0.57	0.88	0.69
"979"	-0.57	0.89	0.68
"980"	-0.57	0.9	0.67
"981"	-0.57	0.91	0.66
"982"	-0.57	0.92	0.65
"983"	-0.57	0.93	0.64
"984"	-0.57	0.94	0.63
"985"	-0.57	0.95	0.62
"986"	-0.57	0.96	0.61
"987"	-0.57	0.97	0.6
"988"	-0.57	0.98	0.59
"989"	-0.57	0.99	0.58
"990"	-0.57	1	0.57
"991"	-0.56	0.56	1
"992"	-0.56	0.57	0.99
"993"	-0.56	0.58	0.98
"994"	-0.56	0.59	0.97
"995"	-0.56	0.6	0.96
"996"	-0.56	0.61	0.95
"997"	-0.56	0.62	0.94
"998"	-0.56	0.63	0.93
"999"	-0.56	0.64	0.92
"1000"	-0.56	0.65	0.91
"1001"	-0.56	0.66	0.9
"1002"	-0.56	0.67	0.89
"1003"	-0.56	0.68	0.88
"1004"	-0.56	0.69	0.87
"1005"	-0.56	0.7	0.86
"1006"	-0.56	0.71	0.85
"1007"	-0.56	0.72	0.84
"1008"	-0.56	0.73	0.83
"1009"	-0.56	0.74	0.82
"1010"	-0.56	0.75	0.81
"1011"	-0.56	0.76	0.8
"1012"	-0.56	0.77	0.79
"1013"	-0.56	0.78	0.78
"1014"	-0.56	0.79	0.77
"1015"	-0.56	0.8	0.76
"1016"	-0.56	0.81	0.75
"1017"	-0.56	0.82	0.74
"1018"	-0.56	0.83	0.73
"1019"	-0.56	0.84	0.72
"1020"	-0.56	0.85	0.71
"1021"	-0.56	0.86	0.7
"1022"	-0.56	0.87	0.69
"1023"	-0.56	0.88	0.68
"1024"	-0.56	0.89	0.67
"1025"	-0.56	0.9	0.66
"1026"	-0.56	0.91	0.65
"1027"	-0.56	0.92	0.64
"1028"	-0.56	0.93	0.63
"1029"	-0.56	0.94	0.62
"1030"	-0.56	0.95	0.61
"1031"	-0.56	0.96	0.6
"1032"	-0.56	0.97	0.59
"1033"	-0.56	0.98	0.58
"1034"	-0.56	0.99	0.57
"1035"	-0.56	1	0.56
"1036"	-0.55	0.55	1
"1037"	-0.55	0.56	0.99
"1038"	-0.55	0.57	0.98
"1039"	-0.55	0.58	0.97
"1040"	-0.55	0.59	0.96
"1041"	-0.55	0.6	0.95
"1042"	-0.55	0.61	0.94
"1043"	-0.55	0.62	0.93
"1044"	-0.55	0.63	0.92
"1045"	-0.55	0.64	0.91
"1046"	-0.55	0.65	0.9
"1047"	-0.55	0.66	0.89
"1048"	-0.55	0.67	0.88
"1049"	-0.55	0.68	0.87
"1050"	-0.55	0.69	0.86
"1051"	-0.55	0.7	0.85
"1052"	-0.55	0.71	0.84
"1053"	-0.55	0.72	0.83
"1054"	-0.55	0.73	0.82
"1055"	-0.55	0.74	0.81
"1056"	-0.55	0.75	0.8
"1057"	-0.55	0.76	0.79
"1058"	-0.55	0.77	0.78
"1059"	-0.55	0.78	0.77
"1060"	-0.55	0.79	0.76
"1061"	-0.55	0.8	0.75
"1062"	-0.55	0.81	0.74
"1063"	-0.55	0.82	0.73
"1064"	-0.55	0.83	0.72
"1065"	-0.55	0.84	0.71
"1066"	-0.55	0.85	0.7
"1067"	-0.55	0.86	0.69
"1068"	-0.55	0.87	0.68
"1069"	-0.55	0.88	0.67
"1070"	-0.55	0.89	0.66
"1071"	-0.55	0.9	0.65
"1072"	-0.55	0.91	0.64
"1073"	-0.55	0.92	0.63
"1074"	-0.55	0.93	0.62
"1075"	-0.55	0.94	0.61
"1076"	-0.55	0.95	0.6
"1077"	-0.55	0.96	0.59
"1078"	-0.55	0.97	0.58
"1079"	-0.55	0.98	0.57
"1080"	-0.55	0.99	0.56
"1081"	-0.55	1	0.55
"1082"	-0.54	0.54	1
"1083"	-0.54	0.55	0.99
"1084"	-0.54	0.56	0.98
"1085"	-0.54	0.57	0.97
"1086"	-0.54	0.58	0.96
"1087"	-0.54	0.59	0.95
"1088"	-0.54	0.6	0.94
"1089"	-0.54	0.61	0.93
"1090"	-0.54	0.62	0.92
"1091"	-0.54	0.63	0.91
"1092"	-0.54	0.64	0.9
"1093"	-0.54	0.65	0.89
"1094"	-0.54	0.66	0.88
"1095"	-0.54	0.67	0.87
"1096"	-0.54	0.68	0.86
"1097"	-0.54	0.69	0.85
"1098"	-0.54	0.7	0.84
"1099"	-0.54	0.71	0.83
"1100"	-0.54	0.72	0.82
"1101"	-0.54	0.73	0.81
"1102"	-0.54	0.74	0.8
"1103"	-0.54	0.75	0.79
"1104"	-0.54	0.76	0.78
"1105"	-0.54	0.77	0.77
"1106"	-0.54	0.78	0.76
"1107"	-0.54	0.79	0.75
"1108"	-0.54	0.8	0.74
"1109"	-0.54	0.81	0.73
"1110"	-0.54	0.82	0.72
"1111"	-0.54	0.83	0.71
"1112"	-0.54	0.84	0.7
"1113"	-0.54	0.85	0.69
"1114"	-0.54	0.86	0.68
"1115"	-0.54	0.87	0.67
"1116"	-0.54	0.88	0.66
"1117"	-0.54	0.89	0.65
"1118"	-0.54	0.9	0.64
"1119"	-0.54	0.91	0.63
"1120"	-0.54	0.92	0.62
"1121"	-0.54	0.93	0.61
"1122"	-0.54	0.94	0.6
"1123"	-0.54	0.95	0.59
"1124"	-0.54	0.96	0.58
"1125"	-0.54	0.97	0.57
"1126"	-0.54	0.98	0.56
"1127"	-0.54	0.99	0.55
"1128"	-0.54	1	0.54
"1129"	-0.53	0.53	1
"1130"	-0.53	0.54	0.99
"1131"	-0.53	0.55	0.98
"1132"	-0.53	0.56	0.97
"1133"	-0.53	0.57	0.96
"1134"	-0.53	0.58	0.95
"1135"	-0.53	0.59	0.94
"1136"	-0.53	0.6	0.93
"1137"	-0.53	0.61	0.92
"1138"	-0.53	0.62	0.91
"1139"	-0.53	0.63	0.9
"1140"	-0.53	0.64	0.89
"1141"	-0.53	0.65	0.88
"1142"	-0.53	0.66	0.87
"1143"	-0.53	0.67	0.86
"1144"	-0.53	0.68	0.85
"1145"	-0.53	0.69	0.84
"1146"	-0.53	0.7	0.83
"1147"	-0.53	0.71	0.82
"1148"	-0.53	0.72	0.81
"1149"	-0.53	0.73	0.8
"1150"	-0.53	0.74	0.79
"1151"	-0.53	0.75	0.78
"1152"	-0.53	0.76	0.77
"1153"	-0.53	0.77	0.76
"1154"	-0.53	0.78	0.75
"1155"	-0.53	0.79	0.74
"1156"	-0.53	0.8	0.73
"1157"	-0.53	0.81	0.72
"1158"	-0.53	0.82	0.71
"1159"	-0.53	0.83	0.7
"1160"	-0.53	0.84	0.69
"1161"	-0.53	0.85	0.68
"1162"	-0.53	0.86	0.67
"1163"	-0.53	0.87	0.66
"1164"	-0.53	0.88	0.65
"1165"	-0.53	0.89	0.64
"1166"	-0.53	0.9	0.63
"1167"	-0.53	0.91	0.62
"1168"	-0.53	0.92	0.61
"1169"	-0.53	0.93	0.6
"1170"	-0.53	0.94	0.59
"1171"	-0.53	0.95	0.58
"1172"	-0.53	0.96	0.57
"1173"	-0.53	0.97	0.56
"1174"	-0.53	0.98	0.55
"1175"	-0.53	0.99	0.54
"1176"	-0.53	1	0.53
"1177"	-0.52	0.52	1
"1178"	-0.52	0.53	0.99
"1179"	-0.52	0.54	0.98
"1180"	-0.52	0.55	0.97
"1181"	-0.52	0.56	0.96
"1182"	-0.52	0.57	0.95
"1183"	-0.52	0.58	0.94
"1184"	-0.52	0.59	0.93
"1185"	-0.52	0.6	0.92
"1186"	-0.52	0.61	0.91
"1187"	-0.52	0.62	0.9
"1188"	-0.52	0.63	0.89
"1189"	-0.52	0.64	0.88
"1190"	-0.52	0.65	0.87
"1191"	-0.52	0.66	0.86
"1192"	-0.52	0.67	0.85
"1193"	-0.52	0.68	0.84
"1194"	-0.52	0.69	0.83
"1195"	-0.52	0.7	0.82
"1196"	-0.52	0.71	0.81
"1197"	-0.52	0.72	0.8
"1198"	-0.52	0.73	0.79
"1199"	-0.52	0.74	0.78
"1200"	-0.52	0.75	0.77
"1201"	-0.52	0.76	0.76
"1202"	-0.52	0.77	0.75
"1203"	-0.52	0.78	0.74
"1204"	-0.52	0.79	0.73
"1205"	-0.52	0.8	0.72
"1206"	-0.52	0.81	0.71
"1207"	-0.52	0.82	0.7
"1208"	-0.52	0.83	0.69
"1209"	-0.52	0.84	0.68
"1210"	-0.52	0.85	0.67
"1211"	-0.52	0.86	0.66
"1212"	-0.52	0.87	0.65
"1213"	-0.52	0.88	0.64
"1214"	-0.52	0.89	0.63
"1215"	-0.52	0.9	0.62
"1216"	-0.52	0.91	0.61
"1217"	-0.52	0.92	0.6
"1218"	-0.52	0.93	0.59
"1219"	-0.52	0.94	0.58
"1220"	-0.52	0.95	0.57
"1221"	-0.52	0.96	0.56
"1222"	-0.52	0.97	0.55
"1223"	-0.52	0.98	0.54
"1224"	-0.52	0.99	0.53
"1225"	-0.52	1	0.52
"1226"	-0.51	0.51	1
"1227"	-0.51	0.52	0.99
"1228"	-0.51	0.53	0.98
"1229"	-0.51	0.54	0.97
"1230"	-0.51	0.55	0.96
"1231"	-0.51	0.56	0.95
"1232"	-0.51	0.57	0.94
"1233"	-0.51	0.58	0.93
"1234"	-0.51	0.59	0.92
"1235"	-0.51	0.6	0.91
"1236"	-0.51	0.61	0.9
"1237"	-0.51	0.62	0.89
"1238"	-0.51	0.63	0.88
"1239"	-0.51	0.64	0.87
"1240"	-0.51	0.65	0.86
"1241"	-0.51	0.66	0.85
"1242"	-0.51	0.67	0.84
"1243"	-0.51	0.68	0.83
"1244"	-0.51	0.69	0.82
"1245"	-0.51	0.7	0.81
"1246"	-0.51	0.71	0.8
"1247"	-0.51	0.72	0.79
"1248"	-0.51	0.73	0.78
"1249"	-0.51	0.74	0.77
"1250"	-0.51	0.75	0.76
"1251"	-0.51	0.76	0.75
"1252"	-0.51	0.77	0.74
"1253"	-0.51	0.78	0.73
"1254"	-0.51	0.79	0.72
"1255"	-0.51	0.8	0.71
"1256"	-0.51	0.81	0.7
"1257"	-0.51	0.82	0.69
"1258"	-0.51	0.83	0.68
"1259"	-0.51	0.84	0.67
"1260"	-0.51	0.85	0.66
"1261"	-0.51	0.86	0.65
"1262"	-0.51	0.87	0.64
"1263"	-0.51	0.88	0.63
"1264"	-0.51	0.89	0.62
"1265"	-0.51	0.9	0.61
"1266"	-0.51	0.91	0.6
"1267"	-0.51	0.92	0.59
"1268"	-0.51	0.93	0.58
"1269"	-0.51	0.94	0.57
"1270"	-0.51	0.95	0.56
"1271"	-0.51	0.96	0.55
"1272"	-0.51	0.97	0.54
"1273"	-0.51	0.98	0.53
"1274"	-0.51	0.99	0.52
"1275"	-0.51	1	0.51
"1276"	-0.5	0.5	1
"1277"	-0.5	0.51	0.99
"1278"	-0.5	0.52	0.98
"1279"	-0.5	0.53	0.97
"1280"	-0.5	0.54	0.96
"1281"	-0.5	0.55	0.95
"1282"	-0.5	0.56	0.94
"1283"	-0.5	0.57	0.93
"1284"	-0.5	0.58	0.92
"1285"	-0.5	0.59	0.91
"1286"	-0.5	0.6	0.9
"1287"	-0.5	0.61	0.89
"1288"	-0.5	0.62	0.88
"1289"	-0.5	0.63	0.87
"1290"	-0.5	0.64	0.86
"1291"	-0.5	0.65	0.85
"1292"	-0.5	0.66	0.84
"1293"	-0.5	0.67	0.83
"1294"	-0.5	0.68	0.82
"1295"	-0.5	0.69	0.81
"1296"	-0.5	0.7	0.8
"1297"	-0.5	0.71	0.79
"1298"	-0.5	0.72	0.78
"1299"	-0.5	0.73	0.77
"1300"	-0.5	0.74	0.76
"1301"	-0.5	0.75	0.75
"1302"	-0.5	0.76	0.74
"1303"	-0.5	0.77	0.73
"1304"	-0.5	0.78	0.72
"1305"	-0.5	0.79	0.71
"1306"	-0.5	0.8	0.7
"1307"	-0.5	0.81	0.69
"1308"	-0.5	0.82	0.68
"1309"	-0.5	0.83	0.67
"1310"	-0.5	0.84	0.66
"1311"	-0.5	0.85	0.65
"1312"	-0.5	0.86	0.64
"1313"	-0.5	0.87	0.63
"1314"	-0.5	0.88	0.62
"1315"	-0.5	0.89	0.61
"1316"	-0.5	0.9	0.6
"1317"	-0.5	0.91	0.59
"1318"	-0.5	0.92	0.58
"1319"	-0.5	0.93	0.57
"1320"	-0.5	0.94	0.56
"1321"	-0.5	0.95	0.55
"1322"	-0.5	0.96	0.54
"1323"	-0.5	0.97	0.53
"1324"	-0.5	0.98	0.52
"1325"	-0.5	0.99	0.51
"1326"	-0.5	1	0.5
"1327"	-0.49	0.49	1
"1328"	-0.49	0.5	0.99
"1329"	-0.49	0.51	0.98
"1330"	-0.49	0.52	0.97
"1331"	-0.49	0.53	0.96
"1332"	-0.49	0.54	0.95
"1333"	-0.49	0.55	0.94
"1334"	-0.49	0.56	0.93
"1335"	-0.49	0.57	0.92
"1336"	-0.49	0.58	0.91
"1337"	-0.49	0.59	0.9
"1338"	-0.49	0.6	0.89
"1339"	-0.49	0.61	0.88
"1340"	-0.49	0.62	0.87
"1341"	-0.49	0.63	0.86
"1342"	-0.49	0.64	0.85
"1343"	-0.49	0.65	0.84
"1344"	-0.49	0.66	0.83
"1345"	-0.49	0.67	0.82
"1346"	-0.49	0.68	0.81
"1347"	-0.49	0.69	0.8
"1348"	-0.49	0.7	0.79
"1349"	-0.49	0.71	0.78
"1350"	-0.49	0.72	0.77
"1351"	-0.49	0.73	0.76
"1352"	-0.49	0.74	0.75
"1353"	-0.49	0.75	0.74
"1354"	-0.49	0.76	0.73
"1355"	-0.49	0.77	0.72
"1356"	-0.49	0.78	0.71
"1357"	-0.49	0.79	0.7
"1358"	-0.49	0.8	0.69
"1359"	-0.49	0.81	0.68
"1360"	-0.49	0.82	0.67
"1361"	-0.49	0.83	0.66
"1362"	-0.49	0.84	0.65
"1363"	-0.49	0.85	0.64
"1364"	-0.49	0.86	0.63
"1365"	-0.49	0.87	0.62
"1366"	-0.49	0.88	0.61
"1367"	-0.49	0.89	0.6
"1368"	-0.49	0.9	0.59
"1369"	-0.49	0.91	0.58
"1370"	-0.49	0.92	0.57
"1371"	-0.49	0.93	0.56
"1372"	-0.49	0.94	0.55
"1373"	-0.49	0.95	0.54
"1374"	-0.49	0.96	0.53
"1375"	-0.49	0.97	0.52
"1376"	-0.49	0.98	0.51
"1377"	-0.49	0.99	0.5
"1378"	-0.49	1	0.49
"1379"	-0.48	0.48	1
"1380"	-0.48	0.49	0.99
"1381"	-0.48	0.5	0.98
"1382"	-0.48	0.51	0.97
"1383"	-0.48	0.52	0.96
"1384"	-0.48	0.53	0.95
"1385"	-0.48	0.54	0.94
"1386"	-0.48	0.55	0.93
"1387"	-0.48	0.56	0.92
"1388"	-0.48	0.57	0.91
"1389"	-0.48	0.58	0.9
"1390"	-0.48	0.59	0.89
"1391"	-0.48	0.6	0.88
"1392"	-0.48	0.61	0.87
"1393"	-0.48	0.62	0.86
"1394"	-0.48	0.63	0.85
"1395"	-0.48	0.64	0.84
"1396"	-0.48	0.65	0.83
"1397"	-0.48	0.66	0.82
"1398"	-0.48	0.67	0.81
"1399"	-0.48	0.68	0.8
"1400"	-0.48	0.69	0.79
"1401"	-0.48	0.7	0.78
"1402"	-0.48	0.71	0.77
"1403"	-0.48	0.72	0.76
"1404"	-0.48	0.73	0.75
"1405"	-0.48	0.74	0.74
"1406"	-0.48	0.75	0.73
"1407"	-0.48	0.76	0.72
"1408"	-0.48	0.77	0.71
"1409"	-0.48	0.78	0.7
"1410"	-0.48	0.79	0.69
"1411"	-0.48	0.8	0.68
"1412"	-0.48	0.81	0.67
"1413"	-0.48	0.82	0.66
"1414"	-0.48	0.83	0.65
"1415"	-0.48	0.84	0.64
"1416"	-0.48	0.85	0.63
"1417"	-0.48	0.86	0.62
"1418"	-0.48	0.87	0.61
"1419"	-0.48	0.88	0.6
"1420"	-0.48	0.89	0.59
"1421"	-0.48	0.9	0.58
"1422"	-0.48	0.91	0.57
"1423"	-0.48	0.92	0.56
"1424"	-0.48	0.93	0.55
"1425"	-0.48	0.94	0.54
"1426"	-0.48	0.95	0.53
"1427"	-0.48	0.96	0.52
"1428"	-0.48	0.97	0.51
"1429"	-0.48	0.98	0.5
"1430"	-0.48	0.99	0.49
"1431"	-0.48	1	0.48
"1432"	-0.47	0.47	1
"1433"	-0.47	0.48	0.99
"1434"	-0.47	0.49	0.98
"1435"	-0.47	0.5	0.97
"1436"	-0.47	0.51	0.96
"1437"	-0.47	0.52	0.95
"1438"	-0.47	0.53	0.94
"1439"	-0.47	0.54	0.93
"1440"	-0.47	0.55	0.92
"1441"	-0.47	0.56	0.91
"1442"	-0.47	0.57	0.9
"1443"	-0.47	0.58	0.89
"1444"	-0.47	0.59	0.88
"1445"	-0.47	0.6	0.87
"1446"	-0.47	0.61	0.86
"1447"	-0.47	0.62	0.85
"1448"	-0.47	0.63	0.84
"1449"	-0.47	0.64	0.83
"1450"	-0.47	0.65	0.82
"1451"	-0.47	0.66	0.81
"1452"	-0.47	0.67	0.8
"1453"	-0.47	0.68	0.79
"1454"	-0.47	0.69	0.78
"1455"	-0.47	0.7	0.77
"1456"	-0.47	0.71	0.76
"1457"	-0.47	0.72	0.75
"1458"	-0.47	0.73	0.74
"1459"	-0.47	0.74	0.73
"1460"	-0.47	0.75	0.72
"1461"	-0.47	0.76	0.71
"1462"	-0.47	0.77	0.7
"1463"	-0.47	0.78	0.69
"1464"	-0.47	0.79	0.68
"1465"	-0.47	0.8	0.67
"1466"	-0.47	0.81	0.66
"1467"	-0.47	0.82	0.65
"1468"	-0.47	0.83	0.64
"1469"	-0.47	0.84	0.63
"1470"	-0.47	0.85	0.62
"1471"	-0.47	0.86	0.61
"1472"	-0.47	0.87	0.6
"1473"	-0.47	0.88	0.59
"1474"	-0.47	0.89	0.58
"1475"	-0.47	0.9	0.57
"1476"	-0.47	0.91	0.56
"1477"	-0.47	0.92	0.55
"1478"	-0.47	0.93	0.54
"1479"	-0.47	0.94	0.53
"1480"	-0.47	0.95	0.52
"1481"	-0.47	0.96	0.51
"1482"	-0.47	0.97	0.5
"1483"	-0.47	0.98	0.49
"1484"	-0.47	0.99	0.48
"1485"	-0.47	1	0.47
"1486"	-0.46	0.46	1
"1487"	-0.46	0.47	0.99
"1488"	-0.46	0.48	0.98
"1489"	-0.46	0.49	0.97
"1490"	-0.46	0.5	0.96
"1491"	-0.46	0.51	0.95
"1492"	-0.46	0.52	0.94
"1493"	-0.46	0.53	0.93
"1494"	-0.46	0.54	0.92
"1495"	-0.46	0.55	0.91
"1496"	-0.46	0.56	0.9
"1497"	-0.46	0.57	0.89
"1498"	-0.46	0.58	0.88
"1499"	-0.46	0.59	0.87
"1500"	-0.46	0.6	0.86
"1501"	-0.46	0.61	0.85
"1502"	-0.46	0.62	0.84
"1503"	-0.46	0.63	0.83
"1504"	-0.46	0.64	0.82
"1505"	-0.46	0.65	0.81
"1506"	-0.46	0.66	0.8
"1507"	-0.46	0.67	0.79
"1508"	-0.46	0.68	0.78
"1509"	-0.46	0.69	0.77
"1510"	-0.46	0.7	0.76
"1511"	-0.46	0.71	0.75
"1512"	-0.46	0.72	0.74
"1513"	-0.46	0.73	0.73
"1514"	-0.46	0.74	0.72
"1515"	-0.46	0.75	0.71
"1516"	-0.46	0.76	0.7
"1517"	-0.46	0.77	0.69
"1518"	-0.46	0.78	0.68
"1519"	-0.46	0.79	0.67
"1520"	-0.46	0.8	0.66
"1521"	-0.46	0.81	0.65
"1522"	-0.46	0.82	0.64
"1523"	-0.46	0.83	0.63
"1524"	-0.46	0.84	0.62
"1525"	-0.46	0.85	0.61
"1526"	-0.46	0.86	0.6
"1527"	-0.46	0.87	0.59
"1528"	-0.46	0.88	0.58
"1529"	-0.46	0.89	0.57
"1530"	-0.46	0.9	0.56
"1531"	-0.46	0.91	0.55
"1532"	-0.46	0.92	0.54
"1533"	-0.46	0.93	0.53
"1534"	-0.46	0.94	0.52
"1535"	-0.46	0.95	0.51
"1536"	-0.46	0.96	0.5
"1537"	-0.46	0.97	0.49
"1538"	-0.46	0.98	0.48
"1539"	-0.46	0.99	0.47
"1540"	-0.46	1	0.46
"1541"	-0.45	0.45	1
"1542"	-0.45	0.46	0.99
"1543"	-0.45	0.47	0.98
"1544"	-0.45	0.48	0.97
"1545"	-0.45	0.49	0.96
"1546"	-0.45	0.5	0.95
"1547"	-0.45	0.51	0.94
"1548"	-0.45	0.52	0.93
"1549"	-0.45	0.53	0.92
"1550"	-0.45	0.54	0.91
"1551"	-0.45	0.55	0.9
"1552"	-0.45	0.56	0.89
"1553"	-0.45	0.57	0.88
"1554"	-0.45	0.58	0.87
"1555"	-0.45	0.59	0.86
"1556"	-0.45	0.6	0.85
"1557"	-0.45	0.61	0.84
"1558"	-0.45	0.62	0.83
"1559"	-0.45	0.63	0.82
"1560"	-0.45	0.64	0.81
"1561"	-0.45	0.65	0.8
"1562"	-0.45	0.66	0.79
"1563"	-0.45	0.67	0.78
"1564"	-0.45	0.68	0.77
"1565"	-0.45	0.69	0.76
"1566"	-0.45	0.7	0.75
"1567"	-0.45	0.71	0.74
"1568"	-0.45	0.72	0.73
"1569"	-0.45	0.73	0.72
"1570"	-0.45	0.74	0.71
"1571"	-0.45	0.75	0.7
"1572"	-0.45	0.76	0.69
"1573"	-0.45	0.77	0.68
"1574"	-0.45	0.78	0.67
"1575"	-0.45	0.79	0.66
"1576"	-0.45	0.8	0.65
"1577"	-0.45	0.81	0.64
"1578"	-0.45	0.82	0.63
"1579"	-0.45	0.83	0.62
"1580"	-0.45	0.84	0.61
"1581"	-0.45	0.85	0.6
"1582"	-0.45	0.86	0.59
"1583"	-0.45	0.87	0.58
"1584"	-0.45	0.88	0.57
"1585"	-0.45	0.89	0.56
"1586"	-0.45	0.9	0.55
"1587"	-0.45	0.91	0.54
"1588"	-0.45	0.92	0.53
"1589"	-0.45	0.93	0.52
"1590"	-0.45	0.94	0.51
"1591"	-0.45	0.95	0.5
"1592"	-0.45	0.96	0.49
"1593"	-0.45	0.97	0.48
"1594"	-0.45	0.98	0.47
"1595"	-0.45	0.99	0.46
"1596"	-0.45	1	0.45
"1597"	-0.44	0.44	1
"1598"	-0.44	0.45	0.99
"1599"	-0.44	0.46	0.98
"1600"	-0.44	0.47	0.97
"1601"	-0.44	0.48	0.96
"1602"	-0.44	0.49	0.95
"1603"	-0.44	0.5	0.94
"1604"	-0.44	0.51	0.93
"1605"	-0.44	0.52	0.92
"1606"	-0.44	0.53	0.91
"1607"	-0.44	0.54	0.9
"1608"	-0.44	0.55	0.89
"1609"	-0.44	0.56	0.88
"1610"	-0.44	0.57	0.87
"1611"	-0.44	0.58	0.86
"1612"	-0.44	0.59	0.85
"1613"	-0.44	0.6	0.84
"1614"	-0.44	0.61	0.83
"1615"	-0.44	0.62	0.82
"1616"	-0.44	0.63	0.81
"1617"	-0.44	0.64	0.8
"1618"	-0.44	0.65	0.79
"1619"	-0.44	0.66	0.78
"1620"	-0.44	0.67	0.77
"1621"	-0.44	0.68	0.76
"1622"	-0.44	0.69	0.75
"1623"	-0.44	0.7	0.74
"1624"	-0.44	0.71	0.73
"1625"	-0.44	0.72	0.72
"1626"	-0.44	0.73	0.71
"1627"	-0.44	0.74	0.7
"1628"	-0.44	0.75	0.69
"1629"	-0.44	0.76	0.68
"1630"	-0.44	0.77	0.67
"1631"	-0.44	0.78	0.66
"1632"	-0.44	0.79	0.65
"1633"	-0.44	0.8	0.64
"1634"	-0.44	0.81	0.63
"1635"	-0.44	0.82	0.62
"1636"	-0.44	0.83	0.61
"1637"	-0.44	0.84	0.6
"1638"	-0.44	0.85	0.59
"1639"	-0.44	0.86	0.58
"1640"	-0.44	0.87	0.57
"1641"	-0.44	0.88	0.56
"1642"	-0.44	0.89	0.55
"1643"	-0.44	0.9	0.54
"1644"	-0.44	0.91	0.53
"1645"	-0.44	0.92	0.52
"1646"	-0.44	0.93	0.51
"1647"	-0.44	0.94	0.5
"1648"	-0.44	0.95	0.49
"1649"	-0.44	0.96	0.48
"1650"	-0.44	0.97	0.47
"1651"	-0.44	0.98	0.46
"1652"	-0.44	0.99	0.45
"1653"	-0.44	1	0.44
"1654"	-0.43	0.43	1
"1655"	-0.43	0.44	0.99
"1656"	-0.43	0.45	0.98
"1657"	-0.43	0.46	0.97
"1658"	-0.43	0.47	0.96
"1659"	-0.43	0.48	0.95
"1660"	-0.43	0.49	0.94
"1661"	-0.43	0.5	0.93
"1662"	-0.43	0.51	0.92
"1663"	-0.43	0.52	0.91
"1664"	-0.43	0.53	0.9
"1665"	-0.43	0.54	0.89
"1666"	-0.43	0.55	0.88
"1667"	-0.43	0.56	0.87
"1668"	-0.43	0.57	0.86
"1669"	-0.43	0.58	0.85
"1670"	-0.43	0.59	0.84
"1671"	-0.43	0.6	0.83
"1672"	-0.43	0.61	0.82
"1673"	-0.43	0.62	0.81
"1674"	-0.43	0.63	0.8
"1675"	-0.43	0.64	0.79
"1676"	-0.43	0.65	0.78
"1677"	-0.43	0.66	0.77
"1678"	-0.43	0.67	0.76
"1679"	-0.43	0.68	0.75
"1680"	-0.43	0.69	0.74
"1681"	-0.43	0.7	0.73
"1682"	-0.43	0.71	0.72
"1683"	-0.43	0.72	0.71
"1684"	-0.43	0.73	0.7
"1685"	-0.43	0.74	0.69
"1686"	-0.43	0.75	0.68
"1687"	-0.43	0.76	0.67
"1688"	-0.43	0.77	0.66
"1689"	-0.43	0.78	0.65
"1690"	-0.43	0.79	0.64
"1691"	-0.43	0.8	0.63
"1692"	-0.43	0.81	0.62
"1693"	-0.43	0.82	0.61
"1694"	-0.43	0.83	0.6
"1695"	-0.43	0.84	0.59
"1696"	-0.43	0.85	0.58
"1697"	-0.43	0.86	0.57
"1698"	-0.43	0.87	0.56
"1699"	-0.43	0.88	0.55
"1700"	-0.43	0.89	0.54
"1701"	-0.43	0.9	0.53
"1702"	-0.43	0.91	0.52
"1703"	-0.43	0.92	0.51
"1704"	-0.43	0.93	0.5
"1705"	-0.43	0.94	0.49
"1706"	-0.43	0.95	0.48
"1707"	-0.43	0.96	0.47
"1708"	-0.43	0.97	0.46
"1709"	-0.43	0.98	0.45
"1710"	-0.43	0.99	0.44
"1711"	-0.43	1	0.43
"1712"	-0.42	0.42	1
"1713"	-0.42	0.43	0.99
"1714"	-0.42	0.44	0.98
"1715"	-0.42	0.45	0.97
"1716"	-0.42	0.46	0.96
"1717"	-0.42	0.47	0.95
"1718"	-0.42	0.48	0.94
"1719"	-0.42	0.49	0.93
"1720"	-0.42	0.5	0.92
"1721"	-0.42	0.51	0.91
"1722"	-0.42	0.52	0.9
"1723"	-0.42	0.53	0.89
"1724"	-0.42	0.54	0.88
"1725"	-0.42	0.55	0.87
"1726"	-0.42	0.56	0.86
"1727"	-0.42	0.57	0.85
"1728"	-0.42	0.58	0.84
"1729"	-0.42	0.59	0.83
"1730"	-0.42	0.6	0.82
"1731"	-0.42	0.61	0.81
"1732"	-0.42	0.62	0.8
"1733"	-0.42	0.63	0.79
"1734"	-0.42	0.64	0.78
"1735"	-0.42	0.65	0.77
"1736"	-0.42	0.66	0.76
"1737"	-0.42	0.67	0.75
"1738"	-0.42	0.68	0.74
"1739"	-0.42	0.69	0.73
"1740"	-0.42	0.7	0.72
"1741"	-0.42	0.71	0.71
"1742"	-0.42	0.72	0.7
"1743"	-0.42	0.73	0.69
"1744"	-0.42	0.74	0.68
"1745"	-0.42	0.75	0.67
"1746"	-0.42	0.76	0.66
"1747"	-0.42	0.77	0.65
"1748"	-0.42	0.78	0.64
"1749"	-0.42	0.79	0.63
"1750"	-0.42	0.8	0.62
"1751"	-0.42	0.81	0.61
"1752"	-0.42	0.82	0.6
"1753"	-0.42	0.83	0.59
"1754"	-0.42	0.84	0.58
"1755"	-0.42	0.85	0.57
"1756"	-0.42	0.86	0.56
"1757"	-0.42	0.87	0.55
"1758"	-0.42	0.88	0.54
"1759"	-0.42	0.89	0.53
"1760"	-0.42	0.9	0.52
"1761"	-0.42	0.91	0.51
"1762"	-0.42	0.92	0.5
"1763"	-0.42	0.93	0.49
"1764"	-0.42	0.94	0.48
"1765"	-0.42	0.95	0.47
"1766"	-0.42	0.96	0.46
"1767"	-0.42	0.97	0.45
"1768"	-0.42	0.98	0.44
"1769"	-0.42	0.99	0.43
"1770"	-0.42	1	0.42
"1771"	-0.41	0.41	1
"1772"	-0.41	0.42	0.99
"1773"	-0.41	0.43	0.98
"1774"	-0.41	0.44	0.97
"1775"	-0.41	0.45	0.96
"1776"	-0.41	0.46	0.95
"1777"	-0.41	0.47	0.94
"1778"	-0.41	0.48	0.93
"1779"	-0.41	0.49	0.92
"1780"	-0.41	0.5	0.91
"1781"	-0.41	0.51	0.9
"1782"	-0.41	0.52	0.89
"1783"	-0.41	0.53	0.88
"1784"	-0.41	0.54	0.87
"1785"	-0.41	0.55	0.86
"1786"	-0.41	0.56	0.85
"1787"	-0.41	0.57	0.84
"1788"	-0.41	0.58	0.83
"1789"	-0.41	0.59	0.82
"1790"	-0.41	0.6	0.81
"1791"	-0.41	0.61	0.8
"1792"	-0.41	0.62	0.79
"1793"	-0.41	0.63	0.78
"1794"	-0.41	0.64	0.77
"1795"	-0.41	0.65	0.76
"1796"	-0.41	0.66	0.75
"1797"	-0.41	0.67	0.74
"1798"	-0.41	0.68	0.73
"1799"	-0.41	0.69	0.72
"1800"	-0.41	0.7	0.71
"1801"	-0.41	0.71	0.7
"1802"	-0.41	0.72	0.69
"1803"	-0.41	0.73	0.68
"1804"	-0.41	0.74	0.67
"1805"	-0.41	0.75	0.66
"1806"	-0.41	0.76	0.65
"1807"	-0.41	0.77	0.64
"1808"	-0.41	0.78	0.63
"1809"	-0.41	0.79	0.62
"1810"	-0.41	0.8	0.61
"1811"	-0.41	0.81	0.6
"1812"	-0.41	0.82	0.59
"1813"	-0.41	0.83	0.58
"1814"	-0.41	0.84	0.57
"1815"	-0.41	0.85	0.56
"1816"	-0.41	0.86	0.55
"1817"	-0.41	0.87	0.54
"1818"	-0.41	0.88	0.53
"1819"	-0.41	0.89	0.52
"1820"	-0.41	0.9	0.51
"1821"	-0.41	0.91	0.5
"1822"	-0.41	0.92	0.49
"1823"	-0.41	0.93	0.48
"1824"	-0.41	0.94	0.47
"1825"	-0.41	0.95	0.46
"1826"	-0.41	0.96	0.45
"1827"	-0.41	0.97	0.44
"1828"	-0.41	0.98	0.43
"1829"	-0.41	0.99	0.42
"1830"	-0.41	1	0.41
"1831"	-0.4	0.4	1
"1832"	-0.4	0.41	0.99
"1833"	-0.4	0.42	0.98
"1834"	-0.4	0.43	0.97
"1835"	-0.4	0.44	0.96
"1836"	-0.4	0.45	0.95
"1837"	-0.4	0.46	0.94
"1838"	-0.4	0.47	0.93
"1839"	-0.4	0.48	0.92
"1840"	-0.4	0.49	0.91
"1841"	-0.4	0.5	0.9
"1842"	-0.4	0.51	0.89
"1843"	-0.4	0.52	0.88
"1844"	-0.4	0.53	0.87
"1845"	-0.4	0.54	0.86
"1846"	-0.4	0.55	0.85
"1847"	-0.4	0.56	0.84
"1848"	-0.4	0.57	0.83
"1849"	-0.4	0.58	0.82
"1850"	-0.4	0.59	0.81
"1851"	-0.4	0.6	0.8
"1852"	-0.4	0.61	0.79
"1853"	-0.4	0.62	0.78
"1854"	-0.4	0.63	0.77
"1855"	-0.4	0.64	0.76
"1856"	-0.4	0.65	0.75
"1857"	-0.4	0.66	0.74
"1858"	-0.4	0.67	0.73
"1859"	-0.4	0.68	0.72
"1860"	-0.4	0.69	0.71
"1861"	-0.4	0.7	0.7
"1862"	-0.4	0.71	0.69
"1863"	-0.4	0.72	0.68
"1864"	-0.4	0.73	0.67
"1865"	-0.4	0.74	0.66
"1866"	-0.4	0.75	0.65
"1867"	-0.4	0.76	0.64
"1868"	-0.4	0.77	0.63
"1869"	-0.4	0.78	0.62
"1870"	-0.4	0.79	0.61
"1871"	-0.4	0.8	0.6
"1872"	-0.4	0.81	0.59
"1873"	-0.4	0.82	0.58
"1874"	-0.4	0.83	0.57
"1875"	-0.4	0.84	0.56
"1876"	-0.4	0.85	0.55
"1877"	-0.4	0.86	0.54
"1878"	-0.4	0.87	0.53
"1879"	-0.4	0.88	0.52
"1880"	-0.4	0.89	0.51
"1881"	-0.4	0.9	0.5
"1882"	-0.4	0.91	0.49
"1883"	-0.4	0.92	0.48
"1884"	-0.4	0.93	0.47
"1885"	-0.4	0.94	0.46
"1886"	-0.4	0.95	0.45
"1887"	-0.4	0.96	0.44
"1888"	-0.4	0.97	0.43
"1889"	-0.4	0.98	0.42
"1890"	-0.4	0.99	0.41
"1891"	-0.4	1	0.4
"1892"	-0.39	0.39	1
"1893"	-0.39	0.4	0.99
"1894"	-0.39	0.41	0.98
"1895"	-0.39	0.42	0.97
"1896"	-0.39	0.43	0.96
"1897"	-0.39	0.44	0.95
"1898"	-0.39	0.45	0.94
"1899"	-0.39	0.46	0.93
"1900"	-0.39	0.47	0.92
"1901"	-0.39	0.48	0.91
"1902"	-0.39	0.49	0.9
"1903"	-0.39	0.5	0.89
"1904"	-0.39	0.51	0.88
"1905"	-0.39	0.52	0.87
"1906"	-0.39	0.53	0.86
"1907"	-0.39	0.54	0.85
"1908"	-0.39	0.55	0.84
"1909"	-0.39	0.56	0.83
"1910"	-0.39	0.57	0.82
"1911"	-0.39	0.58	0.81
"1912"	-0.39	0.59	0.8
"1913"	-0.39	0.6	0.79
"1914"	-0.39	0.61	0.78
"1915"	-0.39	0.62	0.77
"1916"	-0.39	0.63	0.76
"1917"	-0.39	0.64	0.75
"1918"	-0.39	0.65	0.74
"1919"	-0.39	0.66	0.73
"1920"	-0.39	0.67	0.72
"1921"	-0.39	0.68	0.71
"1922"	-0.39	0.69	0.7
"1923"	-0.39	0.7	0.69
"1924"	-0.39	0.71	0.68
"1925"	-0.39	0.72	0.67
"1926"	-0.39	0.73	0.66
"1927"	-0.39	0.74	0.65
"1928"	-0.39	0.75	0.64
"1929"	-0.39	0.76	0.63
"1930"	-0.39	0.77	0.62
"1931"	-0.39	0.78	0.61
"1932"	-0.39	0.79	0.6
"1933"	-0.39	0.8	0.59
"1934"	-0.39	0.81	0.58
"1935"	-0.39	0.82	0.57
"1936"	-0.39	0.83	0.56
"1937"	-0.39	0.84	0.55
"1938"	-0.39	0.85	0.54
"1939"	-0.39	0.86	0.53
"1940"	-0.39	0.87	0.52
"1941"	-0.39	0.88	0.51
"1942"	-0.39	0.89	0.5
"1943"	-0.39	0.9	0.49
"1944"	-0.39	0.91	0.48
"1945"	-0.39	0.92	0.47
"1946"	-0.39	0.93	0.46
"1947"	-0.39	0.94	0.45
"1948"	-0.39	0.95	0.44
"1949"	-0.39	0.96	0.43
"1950"	-0.39	0.97	0.42
"1951"	-0.39	0.98	0.41
"1952"	-0.39	0.99	0.4
"1953"	-0.39	1	0.39
"1954"	-0.38	0.38	1
"1955"	-0.38	0.39	0.99
"1956"	-0.38	0.4	0.98
"1957"	-0.38	0.41	0.97
"1958"	-0.38	0.42	0.96
"1959"	-0.38	0.43	0.95
"1960"	-0.38	0.44	0.94
"1961"	-0.38	0.45	0.93
"1962"	-0.38	0.46	0.92
"1963"	-0.38	0.47	0.91
"1964"	-0.38	0.48	0.9
"1965"	-0.38	0.49	0.89
"1966"	-0.38	0.5	0.88
"1967"	-0.38	0.51	0.87
"1968"	-0.38	0.52	0.86
"1969"	-0.38	0.53	0.85
"1970"	-0.38	0.54	0.84
"1971"	-0.38	0.55	0.83
"1972"	-0.38	0.56	0.82
"1973"	-0.38	0.57	0.81
"1974"	-0.38	0.58	0.8
"1975"	-0.38	0.59	0.79
"1976"	-0.38	0.6	0.78
"1977"	-0.38	0.61	0.77
"1978"	-0.38	0.62	0.76
"1979"	-0.38	0.63	0.75
"1980"	-0.38	0.64	0.74
"1981"	-0.38	0.65	0.73
"1982"	-0.38	0.66	0.72
"1983"	-0.38	0.67	0.71
"1984"	-0.38	0.68	0.7
"1985"	-0.38	0.69	0.69
"1986"	-0.38	0.7	0.68
"1987"	-0.38	0.71	0.67
"1988"	-0.38	0.72	0.66
"1989"	-0.38	0.73	0.65
"1990"	-0.38	0.74	0.64
"1991"	-0.38	0.75	0.63
"1992"	-0.38	0.76	0.62
"1993"	-0.38	0.77	0.61
"1994"	-0.38	0.78	0.6
"1995"	-0.38	0.79	0.59
"1996"	-0.38	0.8	0.58
"1997"	-0.38	0.81	0.57
"1998"	-0.38	0.82	0.56
"1999"	-0.38	0.83	0.55
"2000"	-0.38	0.84	0.54
"2001"	-0.38	0.85	0.53
"2002"	-0.38	0.86	0.52
"2003"	-0.38	0.87	0.51
"2004"	-0.38	0.88	0.5
"2005"	-0.38	0.89	0.49
"2006"	-0.38	0.9	0.48
"2007"	-0.38	0.91	0.47
"2008"	-0.38	0.92	0.46
"2009"	-0.38	0.93	0.45
"2010"	-0.38	0.94	0.44
"2011"	-0.38	0.95	0.43
"2012"	-0.38	0.96	0.42
"2013"	-0.38	0.97	0.41
"2014"	-0.38	0.98	0.4
"2015"	-0.38	0.99	0.39
"2016"	-0.38	1	0.38
"2017"	-0.37	0.37	1
"2018"	-0.37	0.38	0.99
"2019"	-0.37	0.39	0.98
"2020"	-0.37	0.4	0.97
"2021"	-0.37	0.41	0.96
"2022"	-0.37	0.42	0.95
"2023"	-0.37	0.43	0.94
"2024"	-0.37	0.44	0.93
"2025"	-0.37	0.45	0.92
"2026"	-0.37	0.46	0.91
"2027"	-0.37	0.47	0.9
"2028"	-0.37	0.48	0.89
"2029"	-0.37	0.49	0.88
"2030"	-0.37	0.5	0.87
"2031"	-0.37	0.51	0.86
"2032"	-0.37	0.52	0.85
"2033"	-0.37	0.53	0.84
"2034"	-0.37	0.54	0.83
"2035"	-0.37	0.55	0.82
"2036"	-0.37	0.56	0.81
"2037"	-0.37	0.57	0.8
"2038"	-0.37	0.58	0.79
"2039"	-0.37	0.59	0.78
"2040"	-0.37	0.6	0.77
"2041"	-0.37	0.61	0.76
"2042"	-0.37	0.62	0.75
"2043"	-0.37	0.63	0.74
"2044"	-0.37	0.64	0.73
"2045"	-0.37	0.65	0.72
"2046"	-0.37	0.66	0.71
"2047"	-0.37	0.67	0.7
"2048"	-0.37	0.68	0.69
"2049"	-0.37	0.69	0.68
"2050"	-0.37	0.7	0.67
"2051"	-0.37	0.71	0.66
"2052"	-0.37	0.72	0.65
"2053"	-0.37	0.73	0.64
"2054"	-0.37	0.74	0.63
"2055"	-0.37	0.75	0.62
"2056"	-0.37	0.76	0.61
"2057"	-0.37	0.77	0.6
"2058"	-0.37	0.78	0.59
"2059"	-0.37	0.79	0.58
"2060"	-0.37	0.8	0.57
"2061"	-0.37	0.81	0.56
"2062"	-0.37	0.82	0.55
"2063"	-0.37	0.83	0.54
"2064"	-0.37	0.84	0.53
"2065"	-0.37	0.85	0.52
"2066"	-0.37	0.86	0.51
"2067"	-0.37	0.87	0.5
"2068"	-0.37	0.88	0.49
"2069"	-0.37	0.89	0.48
"2070"	-0.37	0.9	0.47
"2071"	-0.37	0.91	0.46
"2072"	-0.37	0.92	0.45
"2073"	-0.37	0.93	0.44
"2074"	-0.37	0.94	0.43
"2075"	-0.37	0.95	0.42
"2076"	-0.37	0.96	0.41
"2077"	-0.37	0.97	0.4
"2078"	-0.37	0.98	0.39
"2079"	-0.37	0.99	0.38
"2080"	-0.37	1	0.37
"2081"	-0.36	0.36	1
"2082"	-0.36	0.37	0.99
"2083"	-0.36	0.38	0.98
"2084"	-0.36	0.39	0.97
"2085"	-0.36	0.4	0.96
"2086"	-0.36	0.41	0.95
"2087"	-0.36	0.42	0.94
"2088"	-0.36	0.43	0.93
"2089"	-0.36	0.44	0.92
"2090"	-0.36	0.45	0.91
"2091"	-0.36	0.46	0.9
"2092"	-0.36	0.47	0.89
"2093"	-0.36	0.48	0.88
"2094"	-0.36	0.49	0.87
"2095"	-0.36	0.5	0.86
"2096"	-0.36	0.51	0.85
"2097"	-0.36	0.52	0.84
"2098"	-0.36	0.53	0.83
"2099"	-0.36	0.54	0.82
"2100"	-0.36	0.55	0.81
"2101"	-0.36	0.56	0.8
"2102"	-0.36	0.57	0.79
"2103"	-0.36	0.58	0.78
"2104"	-0.36	0.59	0.77
"2105"	-0.36	0.6	0.76
"2106"	-0.36	0.61	0.75
"2107"	-0.36	0.62	0.74
"2108"	-0.36	0.63	0.73
"2109"	-0.36	0.64	0.72
"2110"	-0.36	0.65	0.71
"2111"	-0.36	0.66	0.7
"2112"	-0.36	0.67	0.69
"2113"	-0.36	0.68	0.68
"2114"	-0.36	0.69	0.67
"2115"	-0.36	0.7	0.66
"2116"	-0.36	0.71	0.65
"2117"	-0.36	0.72	0.64
"2118"	-0.36	0.73	0.63
"2119"	-0.36	0.74	0.62
"2120"	-0.36	0.75	0.61
"2121"	-0.36	0.76	0.6
"2122"	-0.36	0.77	0.59
"2123"	-0.36	0.78	0.58
"2124"	-0.36	0.79	0.57
"2125"	-0.36	0.8	0.56
"2126"	-0.36	0.81	0.55
"2127"	-0.36	0.82	0.54
"2128"	-0.36	0.83	0.53
"2129"	-0.36	0.84	0.52
"2130"	-0.36	0.85	0.51
"2131"	-0.36	0.86	0.5
"2132"	-0.36	0.87	0.49
"2133"	-0.36	0.88	0.48
"2134"	-0.36	0.89	0.47
"2135"	-0.36	0.9	0.46
"2136"	-0.36	0.91	0.45
"2137"	-0.36	0.92	0.44
"2138"	-0.36	0.93	0.43
"2139"	-0.36	0.94	0.42
"2140"	-0.36	0.95	0.41
"2141"	-0.36	0.96	0.4
"2142"	-0.36	0.97	0.39
"2143"	-0.36	0.98	0.38
"2144"	-0.36	0.99	0.37
"2145"	-0.36	1	0.36
"2146"	-0.35	0.35	1
"2147"	-0.35	0.36	0.99
"2148"	-0.35	0.37	0.98
"2149"	-0.35	0.38	0.97
"2150"	-0.35	0.39	0.96
"2151"	-0.35	0.4	0.95
"2152"	-0.35	0.41	0.94
"2153"	-0.35	0.42	0.93
"2154"	-0.35	0.43	0.92
"2155"	-0.35	0.44	0.91
"2156"	-0.35	0.45	0.9
"2157"	-0.35	0.46	0.89
"2158"	-0.35	0.47	0.88
"2159"	-0.35	0.48	0.87
"2160"	-0.35	0.49	0.86
"2161"	-0.35	0.5	0.85
"2162"	-0.35	0.51	0.84
"2163"	-0.35	0.52	0.83
"2164"	-0.35	0.53	0.82
"2165"	-0.35	0.54	0.81
"2166"	-0.35	0.55	0.8
"2167"	-0.35	0.56	0.79
"2168"	-0.35	0.57	0.78
"2169"	-0.35	0.58	0.77
"2170"	-0.35	0.59	0.76
"2171"	-0.35	0.6	0.75
"2172"	-0.35	0.61	0.74
"2173"	-0.35	0.62	0.73
"2174"	-0.35	0.63	0.72
"2175"	-0.35	0.64	0.71
"2176"	-0.35	0.65	0.7
"2177"	-0.35	0.66	0.69
"2178"	-0.35	0.67	0.68
"2179"	-0.35	0.68	0.67
"2180"	-0.35	0.69	0.66
"2181"	-0.35	0.7	0.65
"2182"	-0.35	0.71	0.64
"2183"	-0.35	0.72	0.63
"2184"	-0.35	0.73	0.62
"2185"	-0.35	0.74	0.61
"2186"	-0.35	0.75	0.6
"2187"	-0.35	0.76	0.59
"2188"	-0.35	0.77	0.58
"2189"	-0.35	0.78	0.57
"2190"	-0.35	0.79	0.56
"2191"	-0.35	0.8	0.55
"2192"	-0.35	0.81	0.54
"2193"	-0.35	0.82	0.53
"2194"	-0.35	0.83	0.52
"2195"	-0.35	0.84	0.51
"2196"	-0.35	0.85	0.5
"2197"	-0.35	0.86	0.49
"2198"	-0.35	0.87	0.48
"2199"	-0.35	0.88	0.47
"2200"	-0.35	0.89	0.46
"2201"	-0.35	0.9	0.45
"2202"	-0.35	0.91	0.44
"2203"	-0.35	0.92	0.43
"2204"	-0.35	0.93	0.42
"2205"	-0.35	0.94	0.41
"2206"	-0.35	0.95	0.4
"2207"	-0.35	0.96	0.39
"2208"	-0.35	0.97	0.38
"2209"	-0.35	0.98	0.37
"2210"	-0.35	0.99	0.36
"2211"	-0.35	1	0.35
"2212"	-0.34	0.34	1
"2213"	-0.34	0.35	0.99
"2214"	-0.34	0.36	0.98
"2215"	-0.34	0.37	0.97
"2216"	-0.34	0.38	0.96
"2217"	-0.34	0.39	0.95
"2218"	-0.34	0.4	0.94
"2219"	-0.34	0.41	0.93
"2220"	-0.34	0.42	0.92
"2221"	-0.34	0.43	0.91
"2222"	-0.34	0.44	0.9
"2223"	-0.34	0.45	0.89
"2224"	-0.34	0.46	0.88
"2225"	-0.34	0.47	0.87
"2226"	-0.34	0.48	0.86
"2227"	-0.34	0.49	0.85
"2228"	-0.34	0.5	0.84
"2229"	-0.34	0.51	0.83
"2230"	-0.34	0.52	0.82
"2231"	-0.34	0.53	0.81
"2232"	-0.34	0.54	0.8
"2233"	-0.34	0.55	0.79
"2234"	-0.34	0.56	0.78
"2235"	-0.34	0.57	0.77
"2236"	-0.34	0.58	0.76
"2237"	-0.34	0.59	0.75
"2238"	-0.34	0.6	0.74
"2239"	-0.34	0.61	0.73
"2240"	-0.34	0.62	0.72
"2241"	-0.34	0.63	0.71
"2242"	-0.34	0.64	0.7
"2243"	-0.34	0.65	0.69
"2244"	-0.34	0.66	0.68
"2245"	-0.34	0.67	0.67
"2246"	-0.34	0.68	0.66
"2247"	-0.34	0.69	0.65
"2248"	-0.34	0.7	0.64
"2249"	-0.34	0.71	0.63
"2250"	-0.34	0.72	0.62
"2251"	-0.34	0.73	0.61
"2252"	-0.34	0.74	0.6
"2253"	-0.34	0.75	0.59
"2254"	-0.34	0.76	0.58
"2255"	-0.34	0.77	0.57
"2256"	-0.34	0.78	0.56
"2257"	-0.34	0.79	0.55
"2258"	-0.34	0.8	0.54
"2259"	-0.34	0.81	0.53
"2260"	-0.34	0.82	0.52
"2261"	-0.34	0.83	0.51
"2262"	-0.34	0.84	0.5
"2263"	-0.34	0.85	0.49
"2264"	-0.34	0.86	0.48
"2265"	-0.34	0.87	0.47
"2266"	-0.34	0.88	0.46
"2267"	-0.34	0.89	0.45
"2268"	-0.34	0.9	0.44
"2269"	-0.34	0.91	0.43
"2270"	-0.34	0.92	0.42
"2271"	-0.34	0.93	0.41
"2272"	-0.34	0.94	0.4
"2273"	-0.34	0.95	0.39
"2274"	-0.34	0.96	0.38
"2275"	-0.34	0.97	0.37
"2276"	-0.34	0.98	0.36
"2277"	-0.34	0.99	0.35
"2278"	-0.34	1	0.34
"2279"	-0.33	0.33	1
"2280"	-0.33	0.34	0.99
"2281"	-0.33	0.35	0.98
"2282"	-0.33	0.36	0.97
"2283"	-0.33	0.37	0.96
"2284"	-0.33	0.38	0.95
"2285"	-0.33	0.39	0.94
"2286"	-0.33	0.4	0.93
"2287"	-0.33	0.41	0.92
"2288"	-0.33	0.42	0.91
"2289"	-0.33	0.43	0.9
"2290"	-0.33	0.44	0.89
"2291"	-0.33	0.45	0.88
"2292"	-0.33	0.46	0.87
"2293"	-0.33	0.47	0.86
"2294"	-0.33	0.48	0.85
"2295"	-0.33	0.49	0.84
"2296"	-0.33	0.5	0.83
"2297"	-0.33	0.51	0.82
"2298"	-0.33	0.52	0.81
"2299"	-0.33	0.53	0.8
"2300"	-0.33	0.54	0.79
"2301"	-0.33	0.55	0.78
"2302"	-0.33	0.56	0.77
"2303"	-0.33	0.57	0.76
"2304"	-0.33	0.58	0.75
"2305"	-0.33	0.59	0.74
"2306"	-0.33	0.6	0.73
"2307"	-0.33	0.61	0.72
"2308"	-0.33	0.62	0.71
"2309"	-0.33	0.63	0.7
"2310"	-0.33	0.64	0.69
"2311"	-0.33	0.65	0.68
"2312"	-0.33	0.66	0.67
"2313"	-0.33	0.67	0.66
"2314"	-0.33	0.68	0.65
"2315"	-0.33	0.69	0.64
"2316"	-0.33	0.7	0.63
"2317"	-0.33	0.71	0.62
"2318"	-0.33	0.72	0.61
"2319"	-0.33	0.73	0.6
"2320"	-0.33	0.74	0.59
"2321"	-0.33	0.75	0.58
"2322"	-0.33	0.76	0.57
"2323"	-0.33	0.77	0.56
"2324"	-0.33	0.78	0.55
"2325"	-0.33	0.79	0.54
"2326"	-0.33	0.8	0.53
"2327"	-0.33	0.81	0.52
"2328"	-0.33	0.82	0.51
"2329"	-0.33	0.83	0.5
"2330"	-0.33	0.84	0.49
"2331"	-0.33	0.85	0.48
"2332"	-0.33	0.86	0.47
"2333"	-0.33	0.87	0.46
"2334"	-0.33	0.88	0.45
"2335"	-0.33	0.89	0.44
"2336"	-0.33	0.9	0.43
"2337"	-0.33	0.91	0.42
"2338"	-0.33	0.92	0.41
"2339"	-0.33	0.93	0.4
"2340"	-0.33	0.94	0.39
"2341"	-0.33	0.95	0.38
"2342"	-0.33	0.96	0.37
"2343"	-0.33	0.97	0.36
"2344"	-0.33	0.98	0.35
"2345"	-0.33	0.99	0.34
"2346"	-0.33	1	0.33
"2347"	-0.32	0.32	1
"2348"	-0.32	0.33	0.99
"2349"	-0.32	0.34	0.98
"2350"	-0.32	0.35	0.97
"2351"	-0.32	0.36	0.96
"2352"	-0.32	0.37	0.95
"2353"	-0.32	0.38	0.94
"2354"	-0.32	0.39	0.93
"2355"	-0.32	0.4	0.92
"2356"	-0.32	0.41	0.91
"2357"	-0.32	0.42	0.9
"2358"	-0.32	0.43	0.89
"2359"	-0.32	0.44	0.88
"2360"	-0.32	0.45	0.87
"2361"	-0.32	0.46	0.86
"2362"	-0.32	0.47	0.85
"2363"	-0.32	0.48	0.84
"2364"	-0.32	0.49	0.83
"2365"	-0.32	0.5	0.82
"2366"	-0.32	0.51	0.81
"2367"	-0.32	0.52	0.8
"2368"	-0.32	0.53	0.79
"2369"	-0.32	0.54	0.78
"2370"	-0.32	0.55	0.77
"2371"	-0.32	0.56	0.76
"2372"	-0.32	0.57	0.75
"2373"	-0.32	0.58	0.74
"2374"	-0.32	0.59	0.73
"2375"	-0.32	0.6	0.72
"2376"	-0.32	0.61	0.71
"2377"	-0.32	0.62	0.7
"2378"	-0.32	0.63	0.69
"2379"	-0.32	0.64	0.68
"2380"	-0.32	0.65	0.67
"2381"	-0.32	0.66	0.66
"2382"	-0.32	0.67	0.65
"2383"	-0.32	0.68	0.64
"2384"	-0.32	0.69	0.63
"2385"	-0.32	0.7	0.62
"2386"	-0.32	0.71	0.61
"2387"	-0.32	0.72	0.6
"2388"	-0.32	0.73	0.59
"2389"	-0.32	0.74	0.58
"2390"	-0.32	0.75	0.57
"2391"	-0.32	0.76	0.56
"2392"	-0.32	0.77	0.55
"2393"	-0.32	0.78	0.54
"2394"	-0.32	0.79	0.53
"2395"	-0.32	0.8	0.52
"2396"	-0.32	0.81	0.51
"2397"	-0.32	0.82	0.5
"2398"	-0.32	0.83	0.49
"2399"	-0.32	0.84	0.48
"2400"	-0.32	0.85	0.47
"2401"	-0.32	0.86	0.46
"2402"	-0.32	0.87	0.45
"2403"	-0.32	0.88	0.44
"2404"	-0.32	0.89	0.43
"2405"	-0.32	0.9	0.42
"2406"	-0.32	0.91	0.41
"2407"	-0.32	0.92	0.4
"2408"	-0.32	0.93	0.39
"2409"	-0.32	0.94	0.38
"2410"	-0.32	0.95	0.37
"2411"	-0.32	0.96	0.36
"2412"	-0.32	0.97	0.35
"2413"	-0.32	0.98	0.34
"2414"	-0.32	0.99	0.33
"2415"	-0.32	1	0.32
"2416"	-0.31	0.31	1
"2417"	-0.31	0.32	0.99
"2418"	-0.31	0.33	0.98
"2419"	-0.31	0.34	0.97
"2420"	-0.31	0.35	0.96
"2421"	-0.31	0.36	0.95
"2422"	-0.31	0.37	0.94
"2423"	-0.31	0.38	0.93
"2424"	-0.31	0.39	0.92
"2425"	-0.31	0.4	0.91
"2426"	-0.31	0.41	0.9
"2427"	-0.31	0.42	0.89
"2428"	-0.31	0.43	0.88
"2429"	-0.31	0.44	0.87
"2430"	-0.31	0.45	0.86
"2431"	-0.31	0.46	0.85
"2432"	-0.31	0.47	0.84
"2433"	-0.31	0.48	0.83
"2434"	-0.31	0.49	0.82
"2435"	-0.31	0.5	0.81
"2436"	-0.31	0.51	0.8
"2437"	-0.31	0.52	0.79
"2438"	-0.31	0.53	0.78
"2439"	-0.31	0.54	0.77
"2440"	-0.31	0.55	0.76
"2441"	-0.31	0.56	0.75
"2442"	-0.31	0.57	0.74
"2443"	-0.31	0.58	0.73
"2444"	-0.31	0.59	0.72
"2445"	-0.31	0.6	0.71
"2446"	-0.31	0.61	0.7
"2447"	-0.31	0.62	0.69
"2448"	-0.31	0.63	0.68
"2449"	-0.31	0.64	0.67
"2450"	-0.31	0.65	0.66
"2451"	-0.31	0.66	0.65
"2452"	-0.31	0.67	0.64
"2453"	-0.31	0.68	0.63
"2454"	-0.31	0.69	0.62
"2455"	-0.31	0.7	0.61
"2456"	-0.31	0.71	0.6
"2457"	-0.31	0.72	0.59
"2458"	-0.31	0.73	0.58
"2459"	-0.31	0.74	0.57
"2460"	-0.31	0.75	0.56
"2461"	-0.31	0.76	0.55
"2462"	-0.31	0.77	0.54
"2463"	-0.31	0.78	0.53
"2464"	-0.31	0.79	0.52
"2465"	-0.31	0.8	0.51
"2466"	-0.31	0.81	0.5
"2467"	-0.31	0.82	0.49
"2468"	-0.31	0.83	0.48
"2469"	-0.31	0.84	0.47
"2470"	-0.31	0.85	0.46
"2471"	-0.31	0.86	0.45
"2472"	-0.31	0.87	0.44
"2473"	-0.31	0.88	0.43
"2474"	-0.31	0.89	0.42
"2475"	-0.31	0.9	0.41
"2476"	-0.31	0.91	0.4
"2477"	-0.31	0.92	0.39
"2478"	-0.31	0.93	0.38
"2479"	-0.31	0.94	0.37
"2480"	-0.31	0.95	0.36
"2481"	-0.31	0.96	0.35
"2482"	-0.31	0.97	0.34
"2483"	-0.31	0.98	0.33
"2484"	-0.31	0.99	0.32
"2485"	-0.31	1	0.31
"2486"	-0.3	0.3	1
"2487"	-0.3	0.31	0.99
"2488"	-0.3	0.32	0.98
"2489"	-0.3	0.33	0.97
"2490"	-0.3	0.34	0.96
"2491"	-0.3	0.35	0.95
"2492"	-0.3	0.36	0.94
"2493"	-0.3	0.37	0.93
"2494"	-0.3	0.38	0.92
"2495"	-0.3	0.39	0.91
"2496"	-0.3	0.4	0.9
"2497"	-0.3	0.41	0.89
"2498"	-0.3	0.42	0.88
"2499"	-0.3	0.43	0.87
"2500"	-0.3	0.44	0.86
"2501"	-0.3	0.45	0.85
"2502"	-0.3	0.46	0.84
"2503"	-0.3	0.47	0.83
"2504"	-0.3	0.48	0.82
"2505"	-0.3	0.49	0.81
"2506"	-0.3	0.5	0.8
"2507"	-0.3	0.51	0.79
"2508"	-0.3	0.52	0.78
"2509"	-0.3	0.53	0.77
"2510"	-0.3	0.54	0.76
"2511"	-0.3	0.55	0.75
"2512"	-0.3	0.56	0.74
"2513"	-0.3	0.57	0.73
"2514"	-0.3	0.58	0.72
"2515"	-0.3	0.59	0.71
"2516"	-0.3	0.6	0.7
"2517"	-0.3	0.61	0.69
"2518"	-0.3	0.62	0.68
"2519"	-0.3	0.63	0.67
"2520"	-0.3	0.64	0.66
"2521"	-0.3	0.65	0.65
"2522"	-0.3	0.66	0.64
"2523"	-0.3	0.67	0.63
"2524"	-0.3	0.68	0.62
"2525"	-0.3	0.69	0.61
"2526"	-0.3	0.7	0.6
"2527"	-0.3	0.71	0.59
"2528"	-0.3	0.72	0.58
"2529"	-0.3	0.73	0.57
"2530"	-0.3	0.74	0.56
"2531"	-0.3	0.75	0.55
"2532"	-0.3	0.76	0.54
"2533"	-0.3	0.77	0.53
"2534"	-0.3	0.78	0.52
"2535"	-0.3	0.79	0.51
"2536"	-0.3	0.8	0.5
"2537"	-0.3	0.81	0.49
"2538"	-0.3	0.82	0.48
"2539"	-0.3	0.83	0.47
"2540"	-0.3	0.84	0.46
"2541"	-0.3	0.85	0.45
"2542"	-0.3	0.86	0.44
"2543"	-0.3	0.87	0.43
"2544"	-0.3	0.88	0.42
"2545"	-0.3	0.89	0.41
"2546"	-0.3	0.9	0.4
"2547"	-0.3	0.91	0.39
"2548"	-0.3	0.92	0.38
"2549"	-0.3	0.93	0.37
"2550"	-0.3	0.94	0.36
"2551"	-0.3	0.95	0.35
"2552"	-0.3	0.96	0.34
"2553"	-0.3	0.97	0.33
"2554"	-0.3	0.98	0.32
"2555"	-0.3	0.99	0.31
"2556"	-0.3	1	0.3
"2557"	-0.29	0.29	1
"2558"	-0.29	0.3	0.99
"2559"	-0.29	0.31	0.98
"2560"	-0.29	0.32	0.97
"2561"	-0.29	0.33	0.96
"2562"	-0.29	0.34	0.95
"2563"	-0.29	0.35	0.94
"2564"	-0.29	0.36	0.93
"2565"	-0.29	0.37	0.92
"2566"	-0.29	0.38	0.91
"2567"	-0.29	0.39	0.9
"2568"	-0.29	0.4	0.89
"2569"	-0.29	0.41	0.88
"2570"	-0.29	0.42	0.87
"2571"	-0.29	0.43	0.86
"2572"	-0.29	0.44	0.85
"2573"	-0.29	0.45	0.84
"2574"	-0.29	0.46	0.83
"2575"	-0.29	0.47	0.82
"2576"	-0.29	0.48	0.81
"2577"	-0.29	0.49	0.8
"2578"	-0.29	0.5	0.79
"2579"	-0.29	0.51	0.78
"2580"	-0.29	0.52	0.77
"2581"	-0.29	0.53	0.76
"2582"	-0.29	0.54	0.75
"2583"	-0.29	0.55	0.74
"2584"	-0.29	0.56	0.73
"2585"	-0.29	0.57	0.72
"2586"	-0.29	0.58	0.71
"2587"	-0.29	0.59	0.7
"2588"	-0.29	0.6	0.69
"2589"	-0.29	0.61	0.68
"2590"	-0.29	0.62	0.67
"2591"	-0.29	0.63	0.66
"2592"	-0.29	0.64	0.65
"2593"	-0.29	0.65	0.64
"2594"	-0.29	0.66	0.63
"2595"	-0.29	0.67	0.62
"2596"	-0.29	0.68	0.61
"2597"	-0.29	0.69	0.6
"2598"	-0.29	0.7	0.59
"2599"	-0.29	0.71	0.58
"2600"	-0.29	0.72	0.57
"2601"	-0.29	0.73	0.56
"2602"	-0.29	0.74	0.55
"2603"	-0.29	0.75	0.54
"2604"	-0.29	0.76	0.53
"2605"	-0.29	0.77	0.52
"2606"	-0.29	0.78	0.51
"2607"	-0.29	0.79	0.5
"2608"	-0.29	0.8	0.49
"2609"	-0.29	0.81	0.48
"2610"	-0.29	0.82	0.47
"2611"	-0.29	0.83	0.46
"2612"	-0.29	0.84	0.45
"2613"	-0.29	0.85	0.44
"2614"	-0.29	0.86	0.43
"2615"	-0.29	0.87	0.42
"2616"	-0.29	0.88	0.41
"2617"	-0.29	0.89	0.4
"2618"	-0.29	0.9	0.39
"2619"	-0.29	0.91	0.38
"2620"	-0.29	0.92	0.37
"2621"	-0.29	0.93	0.36
"2622"	-0.29	0.94	0.35
"2623"	-0.29	0.95	0.34
"2624"	-0.29	0.96	0.33
"2625"	-0.29	0.97	0.32
"2626"	-0.29	0.98	0.31
"2627"	-0.29	0.99	0.3
"2628"	-0.29	1	0.29
"2629"	-0.28	0.28	1
"2630"	-0.28	0.29	0.99
"2631"	-0.28	0.3	0.98
"2632"	-0.28	0.31	0.97
"2633"	-0.28	0.32	0.96
"2634"	-0.28	0.33	0.95
"2635"	-0.28	0.34	0.94
"2636"	-0.28	0.35	0.93
"2637"	-0.28	0.36	0.92
"2638"	-0.28	0.37	0.91
"2639"	-0.28	0.38	0.9
"2640"	-0.28	0.39	0.89
"2641"	-0.28	0.4	0.88
"2642"	-0.28	0.41	0.87
"2643"	-0.28	0.42	0.86
"2644"	-0.28	0.43	0.85
"2645"	-0.28	0.44	0.84
"2646"	-0.28	0.45	0.83
"2647"	-0.28	0.46	0.82
"2648"	-0.28	0.47	0.81
"2649"	-0.28	0.48	0.8
"2650"	-0.28	0.49	0.79
"2651"	-0.28	0.5	0.78
"2652"	-0.28	0.51	0.77
"2653"	-0.28	0.52	0.76
"2654"	-0.28	0.53	0.75
"2655"	-0.28	0.54	0.74
"2656"	-0.28	0.55	0.73
"2657"	-0.28	0.56	0.72
"2658"	-0.28	0.57	0.71
"2659"	-0.28	0.58	0.7
"2660"	-0.28	0.59	0.69
"2661"	-0.28	0.6	0.68
"2662"	-0.28	0.61	0.67
"2663"	-0.28	0.62	0.66
"2664"	-0.28	0.63	0.65
"2665"	-0.28	0.64	0.64
"2666"	-0.28	0.65	0.63
"2667"	-0.28	0.66	0.62
"2668"	-0.28	0.67	0.61
"2669"	-0.28	0.68	0.6
"2670"	-0.28	0.69	0.59
"2671"	-0.28	0.7	0.58
"2672"	-0.28	0.71	0.57
"2673"	-0.28	0.72	0.56
"2674"	-0.28	0.73	0.55
"2675"	-0.28	0.74	0.54
"2676"	-0.28	0.75	0.53
"2677"	-0.28	0.76	0.52
"2678"	-0.28	0.77	0.51
"2679"	-0.28	0.78	0.5
"2680"	-0.28	0.79	0.49
"2681"	-0.28	0.8	0.48
"2682"	-0.28	0.81	0.47
"2683"	-0.28	0.82	0.46
"2684"	-0.28	0.83	0.45
"2685"	-0.28	0.84	0.44
"2686"	-0.28	0.85	0.43
"2687"	-0.28	0.86	0.42
"2688"	-0.28	0.87	0.41
"2689"	-0.28	0.88	0.4
"2690"	-0.28	0.89	0.39
"2691"	-0.28	0.9	0.38
"2692"	-0.28	0.91	0.37
"2693"	-0.28	0.92	0.36
"2694"	-0.28	0.93	0.35
"2695"	-0.28	0.94	0.34
"2696"	-0.28	0.95	0.33
"2697"	-0.28	0.96	0.32
"2698"	-0.28	0.97	0.31
"2699"	-0.28	0.98	0.3
"2700"	-0.28	0.99	0.29
"2701"	-0.28	1	0.28
"2702"	-0.27	0.27	1
"2703"	-0.27	0.28	0.99
"2704"	-0.27	0.29	0.98
"2705"	-0.27	0.3	0.97
"2706"	-0.27	0.31	0.96
"2707"	-0.27	0.32	0.95
"2708"	-0.27	0.33	0.94
"2709"	-0.27	0.34	0.93
"2710"	-0.27	0.35	0.92
"2711"	-0.27	0.36	0.91
"2712"	-0.27	0.37	0.9
"2713"	-0.27	0.38	0.89
"2714"	-0.27	0.39	0.88
"2715"	-0.27	0.4	0.87
"2716"	-0.27	0.41	0.86
"2717"	-0.27	0.42	0.85
"2718"	-0.27	0.43	0.84
"2719"	-0.27	0.44	0.83
"2720"	-0.27	0.45	0.82
"2721"	-0.27	0.46	0.81
"2722"	-0.27	0.47	0.8
"2723"	-0.27	0.48	0.79
"2724"	-0.27	0.49	0.78
"2725"	-0.27	0.5	0.77
"2726"	-0.27	0.51	0.76
"2727"	-0.27	0.52	0.75
"2728"	-0.27	0.53	0.74
"2729"	-0.27	0.54	0.73
"2730"	-0.27	0.55	0.72
"2731"	-0.27	0.56	0.71
"2732"	-0.27	0.57	0.7
"2733"	-0.27	0.58	0.69
"2734"	-0.27	0.59	0.68
"2735"	-0.27	0.6	0.67
"2736"	-0.27	0.61	0.66
"2737"	-0.27	0.62	0.65
"2738"	-0.27	0.63	0.64
"2739"	-0.27	0.64	0.63
"2740"	-0.27	0.65	0.62
"2741"	-0.27	0.66	0.61
"2742"	-0.27	0.67	0.6
"2743"	-0.27	0.68	0.59
"2744"	-0.27	0.69	0.58
"2745"	-0.27	0.7	0.57
"2746"	-0.27	0.71	0.56
"2747"	-0.27	0.72	0.55
"2748"	-0.27	0.73	0.54
"2749"	-0.27	0.74	0.53
"2750"	-0.27	0.75	0.52
"2751"	-0.27	0.76	0.51
"2752"	-0.27	0.77	0.5
"2753"	-0.27	0.78	0.49
"2754"	-0.27	0.79	0.48
"2755"	-0.27	0.8	0.47
"2756"	-0.27	0.81	0.46
"2757"	-0.27	0.82	0.45
"2758"	-0.27	0.83	0.44
"2759"	-0.27	0.84	0.43
"2760"	-0.27	0.85	0.42
"2761"	-0.27	0.86	0.41
"2762"	-0.27	0.87	0.4
"2763"	-0.27	0.88	0.39
"2764"	-0.27	0.89	0.38
"2765"	-0.27	0.9	0.37
"2766"	-0.27	0.91	0.36
"2767"	-0.27	0.92	0.35
"2768"	-0.27	0.93	0.34
"2769"	-0.27	0.94	0.33
"2770"	-0.27	0.95	0.32
"2771"	-0.27	0.96	0.31
"2772"	-0.27	0.97	0.3
"2773"	-0.27	0.98	0.29
"2774"	-0.27	0.99	0.28
"2775"	-0.27	1	0.27
"2776"	-0.26	0.26	1
"2777"	-0.26	0.27	0.99
"2778"	-0.26	0.28	0.98
"2779"	-0.26	0.29	0.97
"2780"	-0.26	0.3	0.96
"2781"	-0.26	0.31	0.95
"2782"	-0.26	0.32	0.94
"2783"	-0.26	0.33	0.93
"2784"	-0.26	0.34	0.92
"2785"	-0.26	0.35	0.91
"2786"	-0.26	0.36	0.9
"2787"	-0.26	0.37	0.89
"2788"	-0.26	0.38	0.88
"2789"	-0.26	0.39	0.87
"2790"	-0.26	0.4	0.86
"2791"	-0.26	0.41	0.85
"2792"	-0.26	0.42	0.84
"2793"	-0.26	0.43	0.83
"2794"	-0.26	0.44	0.82
"2795"	-0.26	0.45	0.81
"2796"	-0.26	0.46	0.8
"2797"	-0.26	0.47	0.79
"2798"	-0.26	0.48	0.78
"2799"	-0.26	0.49	0.77
"2800"	-0.26	0.5	0.76
"2801"	-0.26	0.51	0.75
"2802"	-0.26	0.52	0.74
"2803"	-0.26	0.53	0.73
"2804"	-0.26	0.54	0.72
"2805"	-0.26	0.55	0.71
"2806"	-0.26	0.56	0.7
"2807"	-0.26	0.57	0.69
"2808"	-0.26	0.58	0.68
"2809"	-0.26	0.59	0.67
"2810"	-0.26	0.6	0.66
"2811"	-0.26	0.61	0.65
"2812"	-0.26	0.62	0.64
"2813"	-0.26	0.63	0.63
"2814"	-0.26	0.64	0.62
"2815"	-0.26	0.65	0.61
"2816"	-0.26	0.66	0.6
"2817"	-0.26	0.67	0.59
"2818"	-0.26	0.68	0.58
"2819"	-0.26	0.69	0.57
"2820"	-0.26	0.7	0.56
"2821"	-0.26	0.71	0.55
"2822"	-0.26	0.72	0.54
"2823"	-0.26	0.73	0.53
"2824"	-0.26	0.74	0.52
"2825"	-0.26	0.75	0.51
"2826"	-0.26	0.76	0.5
"2827"	-0.26	0.77	0.49
"2828"	-0.26	0.78	0.48
"2829"	-0.26	0.79	0.47
"2830"	-0.26	0.8	0.46
"2831"	-0.26	0.81	0.45
"2832"	-0.26	0.82	0.44
"2833"	-0.26	0.83	0.43
"2834"	-0.26	0.84	0.42
"2835"	-0.26	0.85	0.41
"2836"	-0.26	0.86	0.4
"2837"	-0.26	0.87	0.39
"2838"	-0.26	0.88	0.38
"2839"	-0.26	0.89	0.37
"2840"	-0.26	0.9	0.36
"2841"	-0.26	0.91	0.35
"2842"	-0.26	0.92	0.34
"2843"	-0.26	0.93	0.33
"2844"	-0.26	0.94	0.32
"2845"	-0.26	0.95	0.31
"2846"	-0.26	0.96	0.3
"2847"	-0.26	0.97	0.29
"2848"	-0.26	0.98	0.28
"2849"	-0.26	0.99	0.27
"2850"	-0.26	1	0.26
"2851"	-0.25	0.25	1
"2852"	-0.25	0.26	0.99
"2853"	-0.25	0.27	0.98
"2854"	-0.25	0.28	0.97
"2855"	-0.25	0.29	0.96
"2856"	-0.25	0.3	0.95
"2857"	-0.25	0.31	0.94
"2858"	-0.25	0.32	0.93
"2859"	-0.25	0.33	0.92
"2860"	-0.25	0.34	0.91
"2861"	-0.25	0.35	0.9
"2862"	-0.25	0.36	0.89
"2863"	-0.25	0.37	0.88
"2864"	-0.25	0.38	0.87
"2865"	-0.25	0.39	0.86
"2866"	-0.25	0.4	0.85
"2867"	-0.25	0.41	0.84
"2868"	-0.25	0.42	0.83
"2869"	-0.25	0.43	0.82
"2870"	-0.25	0.44	0.81
"2871"	-0.25	0.45	0.8
"2872"	-0.25	0.46	0.79
"2873"	-0.25	0.47	0.78
"2874"	-0.25	0.48	0.77
"2875"	-0.25	0.49	0.76
"2876"	-0.25	0.5	0.75
"2877"	-0.25	0.51	0.74
"2878"	-0.25	0.52	0.73
"2879"	-0.25	0.53	0.72
"2880"	-0.25	0.54	0.71
"2881"	-0.25	0.55	0.7
"2882"	-0.25	0.56	0.69
"2883"	-0.25	0.57	0.68
"2884"	-0.25	0.58	0.67
"2885"	-0.25	0.59	0.66
"2886"	-0.25	0.6	0.65
"2887"	-0.25	0.61	0.64
"2888"	-0.25	0.62	0.63
"2889"	-0.25	0.63	0.62
"2890"	-0.25	0.64	0.61
"2891"	-0.25	0.65	0.6
"2892"	-0.25	0.66	0.59
"2893"	-0.25	0.67	0.58
"2894"	-0.25	0.68	0.57
"2895"	-0.25	0.69	0.56
"2896"	-0.25	0.7	0.55
"2897"	-0.25	0.71	0.54
"2898"	-0.25	0.72	0.53
"2899"	-0.25	0.73	0.52
"2900"	-0.25	0.74	0.51
"2901"	-0.25	0.75	0.5
"2902"	-0.25	0.76	0.49
"2903"	-0.25	0.77	0.48
"2904"	-0.25	0.78	0.47
"2905"	-0.25	0.79	0.46
"2906"	-0.25	0.8	0.45
"2907"	-0.25	0.81	0.44
"2908"	-0.25	0.82	0.43
"2909"	-0.25	0.83	0.42
"2910"	-0.25	0.84	0.41
"2911"	-0.25	0.85	0.4
"2912"	-0.25	0.86	0.39
"2913"	-0.25	0.87	0.38
"2914"	-0.25	0.88	0.37
"2915"	-0.25	0.89	0.36
"2916"	-0.25	0.9	0.35
"2917"	-0.25	0.91	0.34
"2918"	-0.25	0.92	0.33
"2919"	-0.25	0.93	0.32
"2920"	-0.25	0.94	0.31
"2921"	-0.25	0.95	0.3
"2922"	-0.25	0.96	0.29
"2923"	-0.25	0.97	0.28
"2924"	-0.25	0.98	0.27
"2925"	-0.25	0.99	0.26
"2926"	-0.25	1	0.25
"2927"	-0.24	0.24	1
"2928"	-0.24	0.25	0.99
"2929"	-0.24	0.26	0.98
"2930"	-0.24	0.27	0.97
"2931"	-0.24	0.28	0.96
"2932"	-0.24	0.29	0.95
"2933"	-0.24	0.3	0.94
"2934"	-0.24	0.31	0.93
"2935"	-0.24	0.32	0.92
"2936"	-0.24	0.33	0.91
"2937"	-0.24	0.34	0.9
"2938"	-0.24	0.35	0.89
"2939"	-0.24	0.36	0.88
"2940"	-0.24	0.37	0.87
"2941"	-0.24	0.38	0.86
"2942"	-0.24	0.39	0.85
"2943"	-0.24	0.4	0.84
"2944"	-0.24	0.41	0.83
"2945"	-0.24	0.42	0.82
"2946"	-0.24	0.43	0.81
"2947"	-0.24	0.44	0.8
"2948"	-0.24	0.45	0.79
"2949"	-0.24	0.46	0.78
"2950"	-0.24	0.47	0.77
"2951"	-0.24	0.48	0.76
"2952"	-0.24	0.49	0.75
"2953"	-0.24	0.5	0.74
"2954"	-0.24	0.51	0.73
"2955"	-0.24	0.52	0.72
"2956"	-0.24	0.53	0.71
"2957"	-0.24	0.54	0.7
"2958"	-0.24	0.55	0.69
"2959"	-0.24	0.56	0.68
"2960"	-0.24	0.57	0.67
"2961"	-0.24	0.58	0.66
"2962"	-0.24	0.59	0.65
"2963"	-0.24	0.6	0.64
"2964"	-0.24	0.61	0.63
"2965"	-0.24	0.62	0.62
"2966"	-0.24	0.63	0.61
"2967"	-0.24	0.64	0.6
"2968"	-0.24	0.65	0.59
"2969"	-0.24	0.66	0.58
"2970"	-0.24	0.67	0.57
"2971"	-0.24	0.68	0.56
"2972"	-0.24	0.69	0.55
"2973"	-0.24	0.7	0.54
"2974"	-0.24	0.71	0.53
"2975"	-0.24	0.72	0.52
"2976"	-0.24	0.73	0.51
"2977"	-0.24	0.74	0.5
"2978"	-0.24	0.75	0.49
"2979"	-0.24	0.76	0.48
"2980"	-0.24	0.77	0.47
"2981"	-0.24	0.78	0.46
"2982"	-0.24	0.79	0.45
"2983"	-0.24	0.8	0.44
"2984"	-0.24	0.81	0.43
"2985"	-0.24	0.82	0.42
"2986"	-0.24	0.83	0.41
"2987"	-0.24	0.84	0.4
"2988"	-0.24	0.85	0.39
"2989"	-0.24	0.86	0.38
"2990"	-0.24	0.87	0.37
"2991"	-0.24	0.88	0.36
"2992"	-0.24	0.89	0.35
"2993"	-0.24	0.9	0.34
"2994"	-0.24	0.91	0.33
"2995"	-0.24	0.92	0.32
"2996"	-0.24	0.93	0.31
"2997"	-0.24	0.94	0.3
"2998"	-0.24	0.95	0.29
"2999"	-0.24	0.96	0.28
"3000"	-0.24	0.97	0.27
"3001"	-0.24	0.98	0.26
"3002"	-0.24	0.99	0.25
"3003"	-0.24	1	0.24
"3004"	-0.23	0.23	1
"3005"	-0.23	0.24	0.99
"3006"	-0.23	0.25	0.98
"3007"	-0.23	0.26	0.97
"3008"	-0.23	0.27	0.96
"3009"	-0.23	0.28	0.95
"3010"	-0.23	0.29	0.94
"3011"	-0.23	0.3	0.93
"3012"	-0.23	0.31	0.92
"3013"	-0.23	0.32	0.91
"3014"	-0.23	0.33	0.9
"3015"	-0.23	0.34	0.89
"3016"	-0.23	0.35	0.88
"3017"	-0.23	0.36	0.87
"3018"	-0.23	0.37	0.86
"3019"	-0.23	0.38	0.85
"3020"	-0.23	0.39	0.84
"3021"	-0.23	0.4	0.83
"3022"	-0.23	0.41	0.82
"3023"	-0.23	0.42	0.81
"3024"	-0.23	0.43	0.8
"3025"	-0.23	0.44	0.79
"3026"	-0.23	0.45	0.78
"3027"	-0.23	0.46	0.77
"3028"	-0.23	0.47	0.76
"3029"	-0.23	0.48	0.75
"3030"	-0.23	0.49	0.74
"3031"	-0.23	0.5	0.73
"3032"	-0.23	0.51	0.72
"3033"	-0.23	0.52	0.71
"3034"	-0.23	0.53	0.7
"3035"	-0.23	0.54	0.69
"3036"	-0.23	0.55	0.68
"3037"	-0.23	0.56	0.67
"3038"	-0.23	0.57	0.66
"3039"	-0.23	0.58	0.65
"3040"	-0.23	0.59	0.64
"3041"	-0.23	0.6	0.63
"3042"	-0.23	0.61	0.62
"3043"	-0.23	0.62	0.61
"3044"	-0.23	0.63	0.6
"3045"	-0.23	0.64	0.59
"3046"	-0.23	0.65	0.58
"3047"	-0.23	0.66	0.57
"3048"	-0.23	0.67	0.56
"3049"	-0.23	0.68	0.55
"3050"	-0.23	0.69	0.54
"3051"	-0.23	0.7	0.53
"3052"	-0.23	0.71	0.52
"3053"	-0.23	0.72	0.51
"3054"	-0.23	0.73	0.5
"3055"	-0.23	0.74	0.49
"3056"	-0.23	0.75	0.48
"3057"	-0.23	0.76	0.47
"3058"	-0.23	0.77	0.46
"3059"	-0.23	0.78	0.45
"3060"	-0.23	0.79	0.44
"3061"	-0.23	0.8	0.43
"3062"	-0.23	0.81	0.42
"3063"	-0.23	0.82	0.41
"3064"	-0.23	0.83	0.4
"3065"	-0.23	0.84	0.39
"3066"	-0.23	0.85	0.38
"3067"	-0.23	0.86	0.37
"3068"	-0.23	0.87	0.36
"3069"	-0.23	0.88	0.35
"3070"	-0.23	0.89	0.34
"3071"	-0.23	0.9	0.33
"3072"	-0.23	0.91	0.32
"3073"	-0.23	0.92	0.31
"3074"	-0.23	0.93	0.3
"3075"	-0.23	0.94	0.29
"3076"	-0.23	0.95	0.28
"3077"	-0.23	0.96	0.27
"3078"	-0.23	0.97	0.26
"3079"	-0.23	0.98	0.25
"3080"	-0.23	0.99	0.24
"3081"	-0.23	1	0.23
"3082"	-0.22	0.22	1
"3083"	-0.22	0.23	0.99
"3084"	-0.22	0.24	0.98
"3085"	-0.22	0.25	0.97
"3086"	-0.22	0.26	0.96
"3087"	-0.22	0.27	0.95
"3088"	-0.22	0.28	0.94
"3089"	-0.22	0.29	0.93
"3090"	-0.22	0.3	0.92
"3091"	-0.22	0.31	0.91
"3092"	-0.22	0.32	0.9
"3093"	-0.22	0.33	0.89
"3094"	-0.22	0.34	0.88
"3095"	-0.22	0.35	0.87
"3096"	-0.22	0.36	0.86
"3097"	-0.22	0.37	0.85
"3098"	-0.22	0.38	0.84
"3099"	-0.22	0.39	0.83
"3100"	-0.22	0.4	0.82
"3101"	-0.22	0.41	0.81
"3102"	-0.22	0.42	0.8
"3103"	-0.22	0.43	0.79
"3104"	-0.22	0.44	0.78
"3105"	-0.22	0.45	0.77
"3106"	-0.22	0.46	0.76
"3107"	-0.22	0.47	0.75
"3108"	-0.22	0.48	0.74
"3109"	-0.22	0.49	0.73
"3110"	-0.22	0.5	0.72
"3111"	-0.22	0.51	0.71
"3112"	-0.22	0.52	0.7
"3113"	-0.22	0.53	0.69
"3114"	-0.22	0.54	0.68
"3115"	-0.22	0.55	0.67
"3116"	-0.22	0.56	0.66
"3117"	-0.22	0.57	0.65
"3118"	-0.22	0.58	0.64
"3119"	-0.22	0.59	0.63
"3120"	-0.22	0.6	0.62
"3121"	-0.22	0.61	0.61
"3122"	-0.22	0.62	0.6
"3123"	-0.22	0.63	0.59
"3124"	-0.22	0.64	0.58
"3125"	-0.22	0.65	0.57
"3126"	-0.22	0.66	0.56
"3127"	-0.22	0.67	0.55
"3128"	-0.22	0.68	0.54
"3129"	-0.22	0.69	0.53
"3130"	-0.22	0.7	0.52
"3131"	-0.22	0.71	0.51
"3132"	-0.22	0.72	0.5
"3133"	-0.22	0.73	0.49
"3134"	-0.22	0.74	0.48
"3135"	-0.22	0.75	0.47
"3136"	-0.22	0.76	0.46
"3137"	-0.22	0.77	0.45
"3138"	-0.22	0.78	0.44
"3139"	-0.22	0.79	0.43
"3140"	-0.22	0.8	0.42
"3141"	-0.22	0.81	0.41
"3142"	-0.22	0.82	0.4
"3143"	-0.22	0.83	0.39
"3144"	-0.22	0.84	0.38
"3145"	-0.22	0.85	0.37
"3146"	-0.22	0.86	0.36
"3147"	-0.22	0.87	0.35
"3148"	-0.22	0.88	0.34
"3149"	-0.22	0.89	0.33
"3150"	-0.22	0.9	0.32
"3151"	-0.22	0.91	0.31
"3152"	-0.22	0.92	0.3
"3153"	-0.22	0.93	0.29
"3154"	-0.22	0.94	0.28
"3155"	-0.22	0.95	0.27
"3156"	-0.22	0.96	0.26
"3157"	-0.22	0.97	0.25
"3158"	-0.22	0.98	0.24
"3159"	-0.22	0.99	0.23
"3160"	-0.22	1	0.22
"3161"	-0.21	0.21	1
"3162"	-0.21	0.22	0.99
"3163"	-0.21	0.23	0.98
"3164"	-0.21	0.24	0.97
"3165"	-0.21	0.25	0.96
"3166"	-0.21	0.26	0.95
"3167"	-0.21	0.27	0.94
"3168"	-0.21	0.28	0.93
"3169"	-0.21	0.29	0.92
"3170"	-0.21	0.3	0.91
"3171"	-0.21	0.31	0.9
"3172"	-0.21	0.32	0.89
"3173"	-0.21	0.33	0.88
"3174"	-0.21	0.34	0.87
"3175"	-0.21	0.35	0.86
"3176"	-0.21	0.36	0.85
"3177"	-0.21	0.37	0.84
"3178"	-0.21	0.38	0.83
"3179"	-0.21	0.39	0.82
"3180"	-0.21	0.4	0.81
"3181"	-0.21	0.41	0.8
"3182"	-0.21	0.42	0.79
"3183"	-0.21	0.43	0.78
"3184"	-0.21	0.44	0.77
"3185"	-0.21	0.45	0.76
"3186"	-0.21	0.46	0.75
"3187"	-0.21	0.47	0.74
"3188"	-0.21	0.48	0.73
"3189"	-0.21	0.49	0.72
"3190"	-0.21	0.5	0.71
"3191"	-0.21	0.51	0.7
"3192"	-0.21	0.52	0.69
"3193"	-0.21	0.53	0.68
"3194"	-0.21	0.54	0.67
"3195"	-0.21	0.55	0.66
"3196"	-0.21	0.56	0.65
"3197"	-0.21	0.57	0.64
"3198"	-0.21	0.58	0.63
"3199"	-0.21	0.59	0.62
"3200"	-0.21	0.6	0.61
"3201"	-0.21	0.61	0.6
"3202"	-0.21	0.62	0.59
"3203"	-0.21	0.63	0.58
"3204"	-0.21	0.64	0.57
"3205"	-0.21	0.65	0.56
"3206"	-0.21	0.66	0.55
"3207"	-0.21	0.67	0.54
"3208"	-0.21	0.68	0.53
"3209"	-0.21	0.69	0.52
"3210"	-0.21	0.7	0.51
"3211"	-0.21	0.71	0.5
"3212"	-0.21	0.72	0.49
"3213"	-0.21	0.73	0.48
"3214"	-0.21	0.74	0.47
"3215"	-0.21	0.75	0.46
"3216"	-0.21	0.76	0.45
"3217"	-0.21	0.77	0.44
"3218"	-0.21	0.78	0.43
"3219"	-0.21	0.79	0.42
"3220"	-0.21	0.8	0.41
"3221"	-0.21	0.81	0.4
"3222"	-0.21	0.82	0.39
"3223"	-0.21	0.83	0.38
"3224"	-0.21	0.84	0.37
"3225"	-0.21	0.85	0.36
"3226"	-0.21	0.86	0.35
"3227"	-0.21	0.87	0.34
"3228"	-0.21	0.88	0.33
"3229"	-0.21	0.89	0.32
"3230"	-0.21	0.9	0.31
"3231"	-0.21	0.91	0.3
"3232"	-0.21	0.92	0.29
"3233"	-0.21	0.93	0.28
"3234"	-0.21	0.94	0.27
"3235"	-0.21	0.95	0.26
"3236"	-0.21	0.96	0.25
"3237"	-0.21	0.97	0.24
"3238"	-0.21	0.98	0.23
"3239"	-0.21	0.99	0.22
"3240"	-0.21	1	0.21
"3241"	-0.2	0.2	1
"3242"	-0.2	0.21	0.99
"3243"	-0.2	0.22	0.98
"3244"	-0.2	0.23	0.97
"3245"	-0.2	0.24	0.96
"3246"	-0.2	0.25	0.95
"3247"	-0.2	0.26	0.94
"3248"	-0.2	0.27	0.93
"3249"	-0.2	0.28	0.92
"3250"	-0.2	0.29	0.91
"3251"	-0.2	0.3	0.9
"3252"	-0.2	0.31	0.89
"3253"	-0.2	0.32	0.88
"3254"	-0.2	0.33	0.87
"3255"	-0.2	0.34	0.86
"3256"	-0.2	0.35	0.85
"3257"	-0.2	0.36	0.84
"3258"	-0.2	0.37	0.83
"3259"	-0.2	0.38	0.82
"3260"	-0.2	0.39	0.81
"3261"	-0.2	0.4	0.8
"3262"	-0.2	0.41	0.79
"3263"	-0.2	0.42	0.78
"3264"	-0.2	0.43	0.77
"3265"	-0.2	0.44	0.76
"3266"	-0.2	0.45	0.75
"3267"	-0.2	0.46	0.74
"3268"	-0.2	0.47	0.73
"3269"	-0.2	0.48	0.72
"3270"	-0.2	0.49	0.71
"3271"	-0.2	0.5	0.7
"3272"	-0.2	0.51	0.69
"3273"	-0.2	0.52	0.68
"3274"	-0.2	0.53	0.67
"3275"	-0.2	0.54	0.66
"3276"	-0.2	0.55	0.65
"3277"	-0.2	0.56	0.64
"3278"	-0.2	0.57	0.63
"3279"	-0.2	0.58	0.62
"3280"	-0.2	0.59	0.61
"3281"	-0.2	0.6	0.6
"3282"	-0.2	0.61	0.59
"3283"	-0.2	0.62	0.58
"3284"	-0.2	0.63	0.57
"3285"	-0.2	0.64	0.56
"3286"	-0.2	0.65	0.55
"3287"	-0.2	0.66	0.54
"3288"	-0.2	0.67	0.53
"3289"	-0.2	0.68	0.52
"3290"	-0.2	0.69	0.51
"3291"	-0.2	0.7	0.5
"3292"	-0.2	0.71	0.49
"3293"	-0.2	0.72	0.48
"3294"	-0.2	0.73	0.47
"3295"	-0.2	0.74	0.46
"3296"	-0.2	0.75	0.45
"3297"	-0.2	0.76	0.44
"3298"	-0.2	0.77	0.43
"3299"	-0.2	0.78	0.42
"3300"	-0.2	0.79	0.41
"3301"	-0.2	0.8	0.4
"3302"	-0.2	0.81	0.39
"3303"	-0.2	0.82	0.38
"3304"	-0.2	0.83	0.37
"3305"	-0.2	0.84	0.36
"3306"	-0.2	0.85	0.35
"3307"	-0.2	0.86	0.34
"3308"	-0.2	0.87	0.33
"3309"	-0.2	0.88	0.32
"3310"	-0.2	0.89	0.31
"3311"	-0.2	0.9	0.3
"3312"	-0.2	0.91	0.29
"3313"	-0.2	0.92	0.28
"3314"	-0.2	0.93	0.27
"3315"	-0.2	0.94	0.26
"3316"	-0.2	0.95	0.25
"3317"	-0.2	0.96	0.24
"3318"	-0.2	0.97	0.23
"3319"	-0.2	0.98	0.22
"3320"	-0.2	0.99	0.21
"3321"	-0.2	1	0.2
"3322"	-0.19	0.19	1
"3323"	-0.19	0.2	0.99
"3324"	-0.19	0.21	0.98
"3325"	-0.19	0.22	0.97
"3326"	-0.19	0.23	0.96
"3327"	-0.19	0.24	0.95
"3328"	-0.19	0.25	0.94
"3329"	-0.19	0.26	0.93
"3330"	-0.19	0.27	0.92
"3331"	-0.19	0.28	0.91
"3332"	-0.19	0.29	0.9
"3333"	-0.19	0.3	0.89
"3334"	-0.19	0.31	0.88
"3335"	-0.19	0.32	0.87
"3336"	-0.19	0.33	0.86
"3337"	-0.19	0.34	0.85
"3338"	-0.19	0.35	0.84
"3339"	-0.19	0.36	0.83
"3340"	-0.19	0.37	0.82
"3341"	-0.19	0.38	0.81
"3342"	-0.19	0.39	0.8
"3343"	-0.19	0.4	0.79
"3344"	-0.19	0.41	0.78
"3345"	-0.19	0.42	0.77
"3346"	-0.19	0.43	0.76
"3347"	-0.19	0.44	0.75
"3348"	-0.19	0.45	0.74
"3349"	-0.19	0.46	0.73
"3350"	-0.19	0.47	0.72
"3351"	-0.19	0.48	0.71
"3352"	-0.19	0.49	0.7
"3353"	-0.19	0.5	0.69
"3354"	-0.19	0.51	0.68
"3355"	-0.19	0.52	0.67
"3356"	-0.19	0.53	0.66
"3357"	-0.19	0.54	0.65
"3358"	-0.19	0.55	0.64
"3359"	-0.19	0.56	0.63
"3360"	-0.19	0.57	0.62
"3361"	-0.19	0.58	0.61
"3362"	-0.19	0.59	0.6
"3363"	-0.19	0.6	0.59
"3364"	-0.19	0.61	0.58
"3365"	-0.19	0.62	0.57
"3366"	-0.19	0.63	0.56
"3367"	-0.19	0.64	0.55
"3368"	-0.19	0.65	0.54
"3369"	-0.19	0.66	0.53
"3370"	-0.19	0.67	0.52
"3371"	-0.19	0.68	0.51
"3372"	-0.19	0.69	0.5
"3373"	-0.19	0.7	0.49
"3374"	-0.19	0.71	0.48
"3375"	-0.19	0.72	0.47
"3376"	-0.19	0.73	0.46
"3377"	-0.19	0.74	0.45
"3378"	-0.19	0.75	0.44
"3379"	-0.19	0.76	0.43
"3380"	-0.19	0.77	0.42
"3381"	-0.19	0.78	0.41
"3382"	-0.19	0.79	0.4
"3383"	-0.19	0.8	0.39
"3384"	-0.19	0.81	0.38
"3385"	-0.19	0.82	0.37
"3386"	-0.19	0.83	0.36
"3387"	-0.19	0.84	0.35
"3388"	-0.19	0.85	0.34
"3389"	-0.19	0.86	0.33
"3390"	-0.19	0.87	0.32
"3391"	-0.19	0.88	0.31
"3392"	-0.19	0.89	0.3
"3393"	-0.19	0.9	0.29
"3394"	-0.19	0.91	0.28
"3395"	-0.19	0.92	0.27
"3396"	-0.19	0.93	0.26
"3397"	-0.19	0.94	0.25
"3398"	-0.19	0.95	0.24
"3399"	-0.19	0.96	0.23
"3400"	-0.19	0.97	0.22
"3401"	-0.19	0.98	0.21
"3402"	-0.19	0.99	0.2
"3403"	-0.19	1	0.19
"3404"	-0.18	0.18	1
"3405"	-0.18	0.19	0.99
"3406"	-0.18	0.2	0.98
"3407"	-0.18	0.21	0.97
"3408"	-0.18	0.22	0.96
"3409"	-0.18	0.23	0.95
"3410"	-0.18	0.24	0.94
"3411"	-0.18	0.25	0.93
"3412"	-0.18	0.26	0.92
"3413"	-0.18	0.27	0.91
"3414"	-0.18	0.28	0.9
"3415"	-0.18	0.29	0.89
"3416"	-0.18	0.3	0.88
"3417"	-0.18	0.31	0.87
"3418"	-0.18	0.32	0.86
"3419"	-0.18	0.33	0.85
"3420"	-0.18	0.34	0.84
"3421"	-0.18	0.35	0.83
"3422"	-0.18	0.36	0.82
"3423"	-0.18	0.37	0.81
"3424"	-0.18	0.38	0.8
"3425"	-0.18	0.39	0.79
"3426"	-0.18	0.4	0.78
"3427"	-0.18	0.41	0.77
"3428"	-0.18	0.42	0.76
"3429"	-0.18	0.43	0.75
"3430"	-0.18	0.44	0.74
"3431"	-0.18	0.45	0.73
"3432"	-0.18	0.46	0.72
"3433"	-0.18	0.47	0.71
"3434"	-0.18	0.48	0.7
"3435"	-0.18	0.49	0.69
"3436"	-0.18	0.5	0.68
"3437"	-0.18	0.51	0.67
"3438"	-0.18	0.52	0.66
"3439"	-0.18	0.53	0.65
"3440"	-0.18	0.54	0.64
"3441"	-0.18	0.55	0.63
"3442"	-0.18	0.56	0.62
"3443"	-0.18	0.57	0.61
"3444"	-0.18	0.58	0.6
"3445"	-0.18	0.59	0.59
"3446"	-0.18	0.6	0.58
"3447"	-0.18	0.61	0.57
"3448"	-0.18	0.62	0.56
"3449"	-0.18	0.63	0.55
"3450"	-0.18	0.64	0.54
"3451"	-0.18	0.65	0.53
"3452"	-0.18	0.66	0.52
"3453"	-0.18	0.67	0.51
"3454"	-0.18	0.68	0.5
"3455"	-0.18	0.69	0.49
"3456"	-0.18	0.7	0.48
"3457"	-0.18	0.71	0.47
"3458"	-0.18	0.72	0.46
"3459"	-0.18	0.73	0.45
"3460"	-0.18	0.74	0.44
"3461"	-0.18	0.75	0.43
"3462"	-0.18	0.76	0.42
"3463"	-0.18	0.77	0.41
"3464"	-0.18	0.78	0.4
"3465"	-0.18	0.79	0.39
"3466"	-0.18	0.8	0.38
"3467"	-0.18	0.81	0.37
"3468"	-0.18	0.82	0.36
"3469"	-0.18	0.83	0.35
"3470"	-0.18	0.84	0.34
"3471"	-0.18	0.85	0.33
"3472"	-0.18	0.86	0.32
"3473"	-0.18	0.87	0.31
"3474"	-0.18	0.88	0.3
"3475"	-0.18	0.89	0.29
"3476"	-0.18	0.9	0.28
"3477"	-0.18	0.91	0.27
"3478"	-0.18	0.92	0.26
"3479"	-0.18	0.93	0.25
"3480"	-0.18	0.94	0.24
"3481"	-0.18	0.95	0.23
"3482"	-0.18	0.96	0.22
"3483"	-0.18	0.97	0.21
"3484"	-0.18	0.98	0.2
"3485"	-0.18	0.99	0.19
"3486"	-0.18	1	0.18
"3487"	-0.17	0.17	1
"3488"	-0.17	0.18	0.99
"3489"	-0.17	0.19	0.98
"3490"	-0.17	0.2	0.97
"3491"	-0.17	0.21	0.96
"3492"	-0.17	0.22	0.95
"3493"	-0.17	0.23	0.94
"3494"	-0.17	0.24	0.93
"3495"	-0.17	0.25	0.92
"3496"	-0.17	0.26	0.91
"3497"	-0.17	0.27	0.9
"3498"	-0.17	0.28	0.89
"3499"	-0.17	0.29	0.88
"3500"	-0.17	0.3	0.87
"3501"	-0.17	0.31	0.86
"3502"	-0.17	0.32	0.85
"3503"	-0.17	0.33	0.84
"3504"	-0.17	0.34	0.83
"3505"	-0.17	0.35	0.82
"3506"	-0.17	0.36	0.81
"3507"	-0.17	0.37	0.8
"3508"	-0.17	0.38	0.79
"3509"	-0.17	0.39	0.78
"3510"	-0.17	0.4	0.77
"3511"	-0.17	0.41	0.76
"3512"	-0.17	0.42	0.75
"3513"	-0.17	0.43	0.74
"3514"	-0.17	0.44	0.73
"3515"	-0.17	0.45	0.72
"3516"	-0.17	0.46	0.71
"3517"	-0.17	0.47	0.7
"3518"	-0.17	0.48	0.69
"3519"	-0.17	0.49	0.68
"3520"	-0.17	0.5	0.67
"3521"	-0.17	0.51	0.66
"3522"	-0.17	0.52	0.65
"3523"	-0.17	0.53	0.64
"3524"	-0.17	0.54	0.63
"3525"	-0.17	0.55	0.62
"3526"	-0.17	0.56	0.61
"3527"	-0.17	0.57	0.6
"3528"	-0.17	0.58	0.59
"3529"	-0.17	0.59	0.58
"3530"	-0.17	0.6	0.57
"3531"	-0.17	0.61	0.56
"3532"	-0.17	0.62	0.55
"3533"	-0.17	0.63	0.54
"3534"	-0.17	0.64	0.53
"3535"	-0.17	0.65	0.52
"3536"	-0.17	0.66	0.51
"3537"	-0.17	0.67	0.5
"3538"	-0.17	0.68	0.49
"3539"	-0.17	0.69	0.48
"3540"	-0.17	0.7	0.47
"3541"	-0.17	0.71	0.46
"3542"	-0.17	0.72	0.45
"3543"	-0.17	0.73	0.44
"3544"	-0.17	0.74	0.43
"3545"	-0.17	0.75	0.42
"3546"	-0.17	0.76	0.41
"3547"	-0.17	0.77	0.4
"3548"	-0.17	0.78	0.39
"3549"	-0.17	0.79	0.38
"3550"	-0.17	0.8	0.37
"3551"	-0.17	0.81	0.36
"3552"	-0.17	0.82	0.35
"3553"	-0.17	0.83	0.34
"3554"	-0.17	0.84	0.33
"3555"	-0.17	0.85	0.32
"3556"	-0.17	0.86	0.31
"3557"	-0.17	0.87	0.3
"3558"	-0.17	0.88	0.29
"3559"	-0.17	0.89	0.28
"3560"	-0.17	0.9	0.27
"3561"	-0.17	0.91	0.26
"3562"	-0.17	0.92	0.25
"3563"	-0.17	0.93	0.24
"3564"	-0.17	0.94	0.23
"3565"	-0.17	0.95	0.22
"3566"	-0.17	0.96	0.21
"3567"	-0.17	0.97	0.2
"3568"	-0.17	0.98	0.19
"3569"	-0.17	0.99	0.18
"3570"	-0.17	1	0.17
"3571"	-0.16	0.16	1
"3572"	-0.16	0.17	0.99
"3573"	-0.16	0.18	0.98
"3574"	-0.16	0.19	0.97
"3575"	-0.16	0.2	0.96
"3576"	-0.16	0.21	0.95
"3577"	-0.16	0.22	0.94
"3578"	-0.16	0.23	0.93
"3579"	-0.16	0.24	0.92
"3580"	-0.16	0.25	0.91
"3581"	-0.16	0.26	0.9
"3582"	-0.16	0.27	0.89
"3583"	-0.16	0.28	0.88
"3584"	-0.16	0.29	0.87
"3585"	-0.16	0.3	0.86
"3586"	-0.16	0.31	0.85
"3587"	-0.16	0.32	0.84
"3588"	-0.16	0.33	0.83
"3589"	-0.16	0.34	0.82
"3590"	-0.16	0.35	0.81
"3591"	-0.16	0.36	0.8
"3592"	-0.16	0.37	0.79
"3593"	-0.16	0.38	0.78
"3594"	-0.16	0.39	0.77
"3595"	-0.16	0.4	0.76
"3596"	-0.16	0.41	0.75
"3597"	-0.16	0.42	0.74
"3598"	-0.16	0.43	0.73
"3599"	-0.16	0.44	0.72
"3600"	-0.16	0.45	0.71
"3601"	-0.16	0.46	0.7
"3602"	-0.16	0.47	0.69
"3603"	-0.16	0.48	0.68
"3604"	-0.16	0.49	0.67
"3605"	-0.16	0.5	0.66
"3606"	-0.16	0.51	0.65
"3607"	-0.16	0.52	0.64
"3608"	-0.16	0.53	0.63
"3609"	-0.16	0.54	0.62
"3610"	-0.16	0.55	0.61
"3611"	-0.16	0.56	0.6
"3612"	-0.16	0.57	0.59
"3613"	-0.16	0.58	0.58
"3614"	-0.16	0.59	0.57
"3615"	-0.16	0.6	0.56
"3616"	-0.16	0.61	0.55
"3617"	-0.16	0.62	0.54
"3618"	-0.16	0.63	0.53
"3619"	-0.16	0.64	0.52
"3620"	-0.16	0.65	0.51
"3621"	-0.16	0.66	0.5
"3622"	-0.16	0.67	0.49
"3623"	-0.16	0.68	0.48
"3624"	-0.16	0.69	0.47
"3625"	-0.16	0.7	0.46
"3626"	-0.16	0.71	0.45
"3627"	-0.16	0.72	0.44
"3628"	-0.16	0.73	0.43
"3629"	-0.16	0.74	0.42
"3630"	-0.16	0.75	0.41
"3631"	-0.16	0.76	0.4
"3632"	-0.16	0.77	0.39
"3633"	-0.16	0.78	0.38
"3634"	-0.16	0.79	0.37
"3635"	-0.16	0.8	0.36
"3636"	-0.16	0.81	0.35
"3637"	-0.16	0.82	0.34
"3638"	-0.16	0.83	0.33
"3639"	-0.16	0.84	0.32
"3640"	-0.16	0.85	0.31
"3641"	-0.16	0.86	0.3
"3642"	-0.16	0.87	0.29
"3643"	-0.16	0.88	0.28
"3644"	-0.16	0.89	0.27
"3645"	-0.16	0.9	0.26
"3646"	-0.16	0.91	0.25
"3647"	-0.16	0.92	0.24
"3648"	-0.16	0.93	0.23
"3649"	-0.16	0.94	0.22
"3650"	-0.16	0.95	0.21
"3651"	-0.16	0.96	0.2
"3652"	-0.16	0.97	0.19
"3653"	-0.16	0.98	0.18
"3654"	-0.16	0.99	0.17
"3655"	-0.16	1	0.16
"3656"	-0.15	0.15	1
"3657"	-0.15	0.16	0.99
"3658"	-0.15	0.17	0.98
"3659"	-0.15	0.18	0.97
"3660"	-0.15	0.19	0.96
"3661"	-0.15	0.2	0.95
"3662"	-0.15	0.21	0.94
"3663"	-0.15	0.22	0.93
"3664"	-0.15	0.23	0.92
"3665"	-0.15	0.24	0.91
"3666"	-0.15	0.25	0.9
"3667"	-0.15	0.26	0.89
"3668"	-0.15	0.27	0.88
"3669"	-0.15	0.28	0.87
"3670"	-0.15	0.29	0.86
"3671"	-0.15	0.3	0.85
"3672"	-0.15	0.31	0.84
"3673"	-0.15	0.32	0.83
"3674"	-0.15	0.33	0.82
"3675"	-0.15	0.34	0.81
"3676"	-0.15	0.35	0.8
"3677"	-0.15	0.36	0.79
"3678"	-0.15	0.37	0.78
"3679"	-0.15	0.38	0.77
"3680"	-0.15	0.39	0.76
"3681"	-0.15	0.4	0.75
"3682"	-0.15	0.41	0.74
"3683"	-0.15	0.42	0.73
"3684"	-0.15	0.43	0.72
"3685"	-0.15	0.44	0.71
"3686"	-0.15	0.45	0.7
"3687"	-0.15	0.46	0.69
"3688"	-0.15	0.47	0.68
"3689"	-0.15	0.48	0.67
"3690"	-0.15	0.49	0.66
"3691"	-0.15	0.5	0.65
"3692"	-0.15	0.51	0.64
"3693"	-0.15	0.52	0.63
"3694"	-0.15	0.53	0.62
"3695"	-0.15	0.54	0.61
"3696"	-0.15	0.55	0.6
"3697"	-0.15	0.56	0.59
"3698"	-0.15	0.57	0.58
"3699"	-0.15	0.58	0.57
"3700"	-0.15	0.59	0.56
"3701"	-0.15	0.6	0.55
"3702"	-0.15	0.61	0.54
"3703"	-0.15	0.62	0.53
"3704"	-0.15	0.63	0.52
"3705"	-0.15	0.64	0.51
"3706"	-0.15	0.65	0.5
"3707"	-0.15	0.66	0.49
"3708"	-0.15	0.67	0.48
"3709"	-0.15	0.68	0.47
"3710"	-0.15	0.69	0.46
"3711"	-0.15	0.7	0.45
"3712"	-0.15	0.71	0.44
"3713"	-0.15	0.72	0.43
"3714"	-0.15	0.73	0.42
"3715"	-0.15	0.74	0.41
"3716"	-0.15	0.75	0.4
"3717"	-0.15	0.76	0.39
"3718"	-0.15	0.77	0.38
"3719"	-0.15	0.78	0.37
"3720"	-0.15	0.79	0.36
"3721"	-0.15	0.8	0.35
"3722"	-0.15	0.81	0.34
"3723"	-0.15	0.82	0.33
"3724"	-0.15	0.83	0.32
"3725"	-0.15	0.84	0.31
"3726"	-0.15	0.85	0.3
"3727"	-0.15	0.86	0.29
"3728"	-0.15	0.87	0.28
"3729"	-0.15	0.88	0.27
"3730"	-0.15	0.89	0.26
"3731"	-0.15	0.9	0.25
"3732"	-0.15	0.91	0.24
"3733"	-0.15	0.92	0.23
"3734"	-0.15	0.93	0.22
"3735"	-0.15	0.94	0.21
"3736"	-0.15	0.95	0.2
"3737"	-0.15	0.96	0.19
"3738"	-0.15	0.97	0.18
"3739"	-0.15	0.98	0.17
"3740"	-0.15	0.99	0.16
"3741"	-0.15	1	0.15
"3742"	-0.14	0.14	1
"3743"	-0.14	0.15	0.99
"3744"	-0.14	0.16	0.98
"3745"	-0.14	0.17	0.97
"3746"	-0.14	0.18	0.96
"3747"	-0.14	0.19	0.95
"3748"	-0.14	0.2	0.94
"3749"	-0.14	0.21	0.93
"3750"	-0.14	0.22	0.92
"3751"	-0.14	0.23	0.91
"3752"	-0.14	0.24	0.9
"3753"	-0.14	0.25	0.89
"3754"	-0.14	0.26	0.88
"3755"	-0.14	0.27	0.87
"3756"	-0.14	0.28	0.86
"3757"	-0.14	0.29	0.85
"3758"	-0.14	0.3	0.84
"3759"	-0.14	0.31	0.83
"3760"	-0.14	0.32	0.82
"3761"	-0.14	0.33	0.81
"3762"	-0.14	0.34	0.8
"3763"	-0.14	0.35	0.79
"3764"	-0.14	0.36	0.78
"3765"	-0.14	0.37	0.77
"3766"	-0.14	0.38	0.76
"3767"	-0.14	0.39	0.75
"3768"	-0.14	0.4	0.74
"3769"	-0.14	0.41	0.73
"3770"	-0.14	0.42	0.72
"3771"	-0.14	0.43	0.71
"3772"	-0.14	0.44	0.7
"3773"	-0.14	0.45	0.69
"3774"	-0.14	0.46	0.68
"3775"	-0.14	0.47	0.67
"3776"	-0.14	0.48	0.66
"3777"	-0.14	0.49	0.65
"3778"	-0.14	0.5	0.64
"3779"	-0.14	0.51	0.63
"3780"	-0.14	0.52	0.62
"3781"	-0.14	0.53	0.61
"3782"	-0.14	0.54	0.6
"3783"	-0.14	0.55	0.59
"3784"	-0.14	0.56	0.58
"3785"	-0.14	0.57	0.57
"3786"	-0.14	0.58	0.56
"3787"	-0.14	0.59	0.55
"3788"	-0.14	0.6	0.54
"3789"	-0.14	0.61	0.53
"3790"	-0.14	0.62	0.52
"3791"	-0.14	0.63	0.51
"3792"	-0.14	0.64	0.5
"3793"	-0.14	0.65	0.49
"3794"	-0.14	0.66	0.48
"3795"	-0.14	0.67	0.47
"3796"	-0.14	0.68	0.46
"3797"	-0.14	0.69	0.45
"3798"	-0.14	0.7	0.44
"3799"	-0.14	0.71	0.43
"3800"	-0.14	0.72	0.42
"3801"	-0.14	0.73	0.41
"3802"	-0.14	0.74	0.4
"3803"	-0.14	0.75	0.39
"3804"	-0.14	0.76	0.38
"3805"	-0.14	0.77	0.37
"3806"	-0.14	0.78	0.36
"3807"	-0.14	0.79	0.35
"3808"	-0.14	0.8	0.34
"3809"	-0.14	0.81	0.33
"3810"	-0.14	0.82	0.32
"3811"	-0.14	0.83	0.31
"3812"	-0.14	0.84	0.3
"3813"	-0.14	0.85	0.29
"3814"	-0.14	0.86	0.28
"3815"	-0.14	0.87	0.27
"3816"	-0.14	0.88	0.26
"3817"	-0.14	0.89	0.25
"3818"	-0.14	0.9	0.24
"3819"	-0.14	0.91	0.23
"3820"	-0.14	0.92	0.22
"3821"	-0.14	0.93	0.21
"3822"	-0.14	0.94	0.2
"3823"	-0.14	0.95	0.19
"3824"	-0.14	0.96	0.18
"3825"	-0.14	0.97	0.17
"3826"	-0.14	0.98	0.16
"3827"	-0.14	0.99	0.15
"3828"	-0.14	1	0.14
"3829"	-0.13	0.13	1
"3830"	-0.13	0.14	0.99
"3831"	-0.13	0.15	0.98
"3832"	-0.13	0.16	0.97
"3833"	-0.13	0.17	0.96
"3834"	-0.13	0.18	0.95
"3835"	-0.13	0.19	0.94
"3836"	-0.13	0.2	0.93
"3837"	-0.13	0.21	0.92
"3838"	-0.13	0.22	0.91
"3839"	-0.13	0.23	0.9
"3840"	-0.13	0.24	0.89
"3841"	-0.13	0.25	0.88
"3842"	-0.13	0.26	0.87
"3843"	-0.13	0.27	0.86
"3844"	-0.13	0.28	0.85
"3845"	-0.13	0.29	0.84
"3846"	-0.13	0.3	0.83
"3847"	-0.13	0.31	0.82
"3848"	-0.13	0.32	0.81
"3849"	-0.13	0.33	0.8
"3850"	-0.13	0.34	0.79
"3851"	-0.13	0.35	0.78
"3852"	-0.13	0.36	0.77
"3853"	-0.13	0.37	0.76
"3854"	-0.13	0.38	0.75
"3855"	-0.13	0.39	0.74
"3856"	-0.13	0.4	0.73
"3857"	-0.13	0.41	0.72
"3858"	-0.13	0.42	0.71
"3859"	-0.13	0.43	0.7
"3860"	-0.13	0.44	0.69
"3861"	-0.13	0.45	0.68
"3862"	-0.13	0.46	0.67
"3863"	-0.13	0.47	0.66
"3864"	-0.13	0.48	0.65
"3865"	-0.13	0.49	0.64
"3866"	-0.13	0.5	0.63
"3867"	-0.13	0.51	0.62
"3868"	-0.13	0.52	0.61
"3869"	-0.13	0.53	0.6
"3870"	-0.13	0.54	0.59
"3871"	-0.13	0.55	0.58
"3872"	-0.13	0.56	0.57
"3873"	-0.13	0.57	0.56
"3874"	-0.13	0.58	0.55
"3875"	-0.13	0.59	0.54
"3876"	-0.13	0.6	0.53
"3877"	-0.13	0.61	0.52
"3878"	-0.13	0.62	0.51
"3879"	-0.13	0.63	0.5
"3880"	-0.13	0.64	0.49
"3881"	-0.13	0.65	0.48
"3882"	-0.13	0.66	0.47
"3883"	-0.13	0.67	0.46
"3884"	-0.13	0.68	0.45
"3885"	-0.13	0.69	0.44
"3886"	-0.13	0.7	0.43
"3887"	-0.13	0.71	0.42
"3888"	-0.13	0.72	0.41
"3889"	-0.13	0.73	0.4
"3890"	-0.13	0.74	0.39
"3891"	-0.13	0.75	0.38
"3892"	-0.13	0.76	0.37
"3893"	-0.13	0.77	0.36
"3894"	-0.13	0.78	0.35
"3895"	-0.13	0.79	0.34
"3896"	-0.13	0.8	0.33
"3897"	-0.13	0.81	0.32
"3898"	-0.13	0.82	0.31
"3899"	-0.13	0.83	0.3
"3900"	-0.13	0.84	0.29
"3901"	-0.13	0.85	0.28
"3902"	-0.13	0.86	0.27
"3903"	-0.13	0.87	0.26
"3904"	-0.13	0.88	0.25
"3905"	-0.13	0.89	0.24
"3906"	-0.13	0.9	0.23
"3907"	-0.13	0.91	0.22
"3908"	-0.13	0.92	0.21
"3909"	-0.13	0.93	0.2
"3910"	-0.13	0.94	0.19
"3911"	-0.13	0.95	0.18
"3912"	-0.13	0.96	0.17
"3913"	-0.13	0.97	0.16
"3914"	-0.13	0.98	0.15
"3915"	-0.13	0.99	0.14
"3916"	-0.13	1	0.13
"3917"	-0.12	0.12	1
"3918"	-0.12	0.13	0.99
"3919"	-0.12	0.14	0.98
"3920"	-0.12	0.15	0.97
"3921"	-0.12	0.16	0.96
"3922"	-0.12	0.17	0.95
"3923"	-0.12	0.18	0.94
"3924"	-0.12	0.19	0.93
"3925"	-0.12	0.2	0.92
"3926"	-0.12	0.21	0.91
"3927"	-0.12	0.22	0.9
"3928"	-0.12	0.23	0.89
"3929"	-0.12	0.24	0.88
"3930"	-0.12	0.25	0.87
"3931"	-0.12	0.26	0.86
"3932"	-0.12	0.27	0.85
"3933"	-0.12	0.28	0.84
"3934"	-0.12	0.29	0.83
"3935"	-0.12	0.3	0.82
"3936"	-0.12	0.31	0.81
"3937"	-0.12	0.32	0.8
"3938"	-0.12	0.33	0.79
"3939"	-0.12	0.34	0.78
"3940"	-0.12	0.35	0.77
"3941"	-0.12	0.36	0.76
"3942"	-0.12	0.37	0.75
"3943"	-0.12	0.38	0.74
"3944"	-0.12	0.39	0.73
"3945"	-0.12	0.4	0.72
"3946"	-0.12	0.41	0.71
"3947"	-0.12	0.42	0.7
"3948"	-0.12	0.43	0.69
"3949"	-0.12	0.44	0.68
"3950"	-0.12	0.45	0.67
"3951"	-0.12	0.46	0.66
"3952"	-0.12	0.47	0.65
"3953"	-0.12	0.48	0.64
"3954"	-0.12	0.49	0.63
"3955"	-0.12	0.5	0.62
"3956"	-0.12	0.51	0.61
"3957"	-0.12	0.52	0.6
"3958"	-0.12	0.53	0.59
"3959"	-0.12	0.54	0.58
"3960"	-0.12	0.55	0.57
"3961"	-0.12	0.56	0.56
"3962"	-0.12	0.57	0.55
"3963"	-0.12	0.58	0.54
"3964"	-0.12	0.59	0.53
"3965"	-0.12	0.6	0.52
"3966"	-0.12	0.61	0.51
"3967"	-0.12	0.62	0.5
"3968"	-0.12	0.63	0.49
"3969"	-0.12	0.64	0.48
"3970"	-0.12	0.65	0.47
"3971"	-0.12	0.66	0.46
"3972"	-0.12	0.67	0.45
"3973"	-0.12	0.68	0.44
"3974"	-0.12	0.69	0.43
"3975"	-0.12	0.7	0.42
"3976"	-0.12	0.71	0.41
"3977"	-0.12	0.72	0.4
"3978"	-0.12	0.73	0.39
"3979"	-0.12	0.74	0.38
"3980"	-0.12	0.75	0.37
"3981"	-0.12	0.76	0.36
"3982"	-0.12	0.77	0.35
"3983"	-0.12	0.78	0.34
"3984"	-0.12	0.79	0.33
"3985"	-0.12	0.8	0.32
"3986"	-0.12	0.81	0.31
"3987"	-0.12	0.82	0.3
"3988"	-0.12	0.83	0.29
"3989"	-0.12	0.84	0.28
"3990"	-0.12	0.85	0.27
"3991"	-0.12	0.86	0.26
"3992"	-0.12	0.87	0.25
"3993"	-0.12	0.88	0.24
"3994"	-0.12	0.89	0.23
"3995"	-0.12	0.9	0.22
"3996"	-0.12	0.91	0.21
"3997"	-0.12	0.92	0.2
"3998"	-0.12	0.93	0.19
"3999"	-0.12	0.94	0.18
"4000"	-0.12	0.95	0.17
"4001"	-0.12	0.96	0.16
"4002"	-0.12	0.97	0.15
"4003"	-0.12	0.98	0.14
"4004"	-0.12	0.99	0.13
"4005"	-0.12	1	0.12
"4006"	-0.11	0.11	1
"4007"	-0.11	0.12	0.99
"4008"	-0.11	0.13	0.98
"4009"	-0.11	0.14	0.97
"4010"	-0.11	0.15	0.96
"4011"	-0.11	0.16	0.95
"4012"	-0.11	0.17	0.94
"4013"	-0.11	0.18	0.93
"4014"	-0.11	0.19	0.92
"4015"	-0.11	0.2	0.91
"4016"	-0.11	0.21	0.9
"4017"	-0.11	0.22	0.89
"4018"	-0.11	0.23	0.88
"4019"	-0.11	0.24	0.87
"4020"	-0.11	0.25	0.86
"4021"	-0.11	0.26	0.85
"4022"	-0.11	0.27	0.84
"4023"	-0.11	0.28	0.83
"4024"	-0.11	0.29	0.82
"4025"	-0.11	0.3	0.81
"4026"	-0.11	0.31	0.8
"4027"	-0.11	0.32	0.79
"4028"	-0.11	0.33	0.78
"4029"	-0.11	0.34	0.77
"4030"	-0.11	0.35	0.76
"4031"	-0.11	0.36	0.75
"4032"	-0.11	0.37	0.74
"4033"	-0.11	0.38	0.73
"4034"	-0.11	0.39	0.72
"4035"	-0.11	0.4	0.71
"4036"	-0.11	0.41	0.7
"4037"	-0.11	0.42	0.69
"4038"	-0.11	0.43	0.68
"4039"	-0.11	0.44	0.67
"4040"	-0.11	0.45	0.66
"4041"	-0.11	0.46	0.65
"4042"	-0.11	0.47	0.64
"4043"	-0.11	0.48	0.63
"4044"	-0.11	0.49	0.62
"4045"	-0.11	0.5	0.61
"4046"	-0.11	0.51	0.6
"4047"	-0.11	0.52	0.59
"4048"	-0.11	0.53	0.58
"4049"	-0.11	0.54	0.57
"4050"	-0.11	0.55	0.56
"4051"	-0.11	0.56	0.55
"4052"	-0.11	0.57	0.54
"4053"	-0.11	0.58	0.53
"4054"	-0.11	0.59	0.52
"4055"	-0.11	0.6	0.51
"4056"	-0.11	0.61	0.5
"4057"	-0.11	0.62	0.49
"4058"	-0.11	0.63	0.48
"4059"	-0.11	0.64	0.47
"4060"	-0.11	0.65	0.46
"4061"	-0.11	0.66	0.45
"4062"	-0.11	0.67	0.44
"4063"	-0.11	0.68	0.43
"4064"	-0.11	0.69	0.42
"4065"	-0.11	0.7	0.41
"4066"	-0.11	0.71	0.4
"4067"	-0.11	0.72	0.39
"4068"	-0.11	0.73	0.38
"4069"	-0.11	0.74	0.37
"4070"	-0.11	0.75	0.36
"4071"	-0.11	0.76	0.35
"4072"	-0.11	0.77	0.34
"4073"	-0.11	0.78	0.33
"4074"	-0.11	0.79	0.32
"4075"	-0.11	0.8	0.31
"4076"	-0.11	0.81	0.3
"4077"	-0.11	0.82	0.29
"4078"	-0.11	0.83	0.28
"4079"	-0.11	0.84	0.27
"4080"	-0.11	0.85	0.26
"4081"	-0.11	0.86	0.25
"4082"	-0.11	0.87	0.24
"4083"	-0.11	0.88	0.23
"4084"	-0.11	0.89	0.22
"4085"	-0.11	0.9	0.21
"4086"	-0.11	0.91	0.2
"4087"	-0.11	0.92	0.19
"4088"	-0.11	0.93	0.18
"4089"	-0.11	0.94	0.17
"4090"	-0.11	0.95	0.16
"4091"	-0.11	0.96	0.15
"4092"	-0.11	0.97	0.14
"4093"	-0.11	0.98	0.13
"4094"	-0.11	0.99	0.12
"4095"	-0.11	1	0.11
"4096"	-0.1	0.1	1
"4097"	-0.1	0.11	0.99
"4098"	-0.1	0.12	0.98
"4099"	-0.1	0.13	0.97
"4100"	-0.1	0.14	0.96
"4101"	-0.1	0.15	0.95
"4102"	-0.1	0.16	0.94
"4103"	-0.1	0.17	0.93
"4104"	-0.1	0.18	0.92
"4105"	-0.1	0.19	0.91
"4106"	-0.1	0.2	0.9
"4107"	-0.1	0.21	0.89
"4108"	-0.1	0.22	0.88
"4109"	-0.1	0.23	0.87
"4110"	-0.1	0.24	0.86
"4111"	-0.1	0.25	0.85
"4112"	-0.1	0.26	0.84
"4113"	-0.1	0.27	0.83
"4114"	-0.1	0.28	0.82
"4115"	-0.1	0.29	0.81
"4116"	-0.1	0.3	0.8
"4117"	-0.1	0.31	0.79
"4118"	-0.1	0.32	0.78
"4119"	-0.1	0.33	0.77
"4120"	-0.1	0.34	0.76
"4121"	-0.1	0.35	0.75
"4122"	-0.1	0.36	0.74
"4123"	-0.1	0.37	0.73
"4124"	-0.1	0.38	0.72
"4125"	-0.1	0.39	0.71
"4126"	-0.1	0.4	0.7
"4127"	-0.1	0.41	0.69
"4128"	-0.1	0.42	0.68
"4129"	-0.1	0.43	0.67
"4130"	-0.1	0.44	0.66
"4131"	-0.1	0.45	0.65
"4132"	-0.1	0.46	0.64
"4133"	-0.1	0.47	0.63
"4134"	-0.1	0.48	0.62
"4135"	-0.1	0.49	0.61
"4136"	-0.1	0.5	0.6
"4137"	-0.1	0.51	0.59
"4138"	-0.1	0.52	0.58
"4139"	-0.1	0.53	0.57
"4140"	-0.1	0.54	0.56
"4141"	-0.1	0.55	0.55
"4142"	-0.1	0.56	0.54
"4143"	-0.1	0.57	0.53
"4144"	-0.1	0.58	0.52
"4145"	-0.1	0.59	0.51
"4146"	-0.1	0.6	0.5
"4147"	-0.1	0.61	0.49
"4148"	-0.1	0.62	0.48
"4149"	-0.1	0.63	0.47
"4150"	-0.1	0.64	0.46
"4151"	-0.1	0.65	0.45
"4152"	-0.1	0.66	0.44
"4153"	-0.1	0.67	0.43
"4154"	-0.1	0.68	0.42
"4155"	-0.1	0.69	0.41
"4156"	-0.1	0.7	0.4
"4157"	-0.1	0.71	0.39
"4158"	-0.1	0.72	0.38
"4159"	-0.1	0.73	0.37
"4160"	-0.1	0.74	0.36
"4161"	-0.1	0.75	0.35
"4162"	-0.1	0.76	0.34
"4163"	-0.1	0.77	0.33
"4164"	-0.1	0.78	0.32
"4165"	-0.1	0.79	0.31
"4166"	-0.1	0.8	0.3
"4167"	-0.1	0.81	0.29
"4168"	-0.1	0.82	0.28
"4169"	-0.1	0.83	0.27
"4170"	-0.1	0.84	0.26
"4171"	-0.1	0.85	0.25
"4172"	-0.1	0.86	0.24
"4173"	-0.1	0.87	0.23
"4174"	-0.1	0.88	0.22
"4175"	-0.1	0.89	0.21
"4176"	-0.1	0.9	0.2
"4177"	-0.1	0.91	0.19
"4178"	-0.1	0.92	0.18
"4179"	-0.1	0.93	0.17
"4180"	-0.1	0.94	0.16
"4181"	-0.1	0.95	0.15
"4182"	-0.1	0.96	0.14
"4183"	-0.1	0.97	0.13
"4184"	-0.1	0.98	0.12
"4185"	-0.1	0.99	0.11
"4186"	-0.1	1	0.1
"4187"	-0.09	0.09	1
"4188"	-0.09	0.1	0.99
"4189"	-0.09	0.11	0.98
"4190"	-0.09	0.12	0.97
"4191"	-0.09	0.13	0.96
"4192"	-0.09	0.14	0.95
"4193"	-0.09	0.15	0.94
"4194"	-0.09	0.16	0.93
"4195"	-0.09	0.17	0.92
"4196"	-0.09	0.18	0.91
"4197"	-0.09	0.19	0.9
"4198"	-0.09	0.2	0.89
"4199"	-0.09	0.21	0.88
"4200"	-0.09	0.22	0.87
"4201"	-0.09	0.23	0.86
"4202"	-0.09	0.24	0.85
"4203"	-0.09	0.25	0.84
"4204"	-0.09	0.26	0.83
"4205"	-0.09	0.27	0.82
"4206"	-0.09	0.28	0.81
"4207"	-0.09	0.29	0.8
"4208"	-0.09	0.3	0.79
"4209"	-0.09	0.31	0.78
"4210"	-0.09	0.32	0.77
"4211"	-0.09	0.33	0.76
"4212"	-0.09	0.34	0.75
"4213"	-0.09	0.35	0.74
"4214"	-0.09	0.36	0.73
"4215"	-0.09	0.37	0.72
"4216"	-0.09	0.38	0.71
"4217"	-0.09	0.39	0.7
"4218"	-0.09	0.4	0.69
"4219"	-0.09	0.41	0.68
"4220"	-0.09	0.42	0.67
"4221"	-0.09	0.43	0.66
"4222"	-0.09	0.44	0.65
"4223"	-0.09	0.45	0.64
"4224"	-0.09	0.46	0.63
"4225"	-0.09	0.47	0.62
"4226"	-0.09	0.48	0.61
"4227"	-0.09	0.49	0.6
"4228"	-0.09	0.5	0.59
"4229"	-0.09	0.51	0.58
"4230"	-0.09	0.52	0.57
"4231"	-0.09	0.53	0.56
"4232"	-0.09	0.54	0.55
"4233"	-0.09	0.55	0.54
"4234"	-0.09	0.56	0.53
"4235"	-0.09	0.57	0.52
"4236"	-0.09	0.58	0.51
"4237"	-0.09	0.59	0.5
"4238"	-0.09	0.6	0.49
"4239"	-0.09	0.61	0.48
"4240"	-0.09	0.62	0.47
"4241"	-0.09	0.63	0.46
"4242"	-0.09	0.64	0.45
"4243"	-0.09	0.65	0.44
"4244"	-0.09	0.66	0.43
"4245"	-0.09	0.67	0.42
"4246"	-0.09	0.68	0.41
"4247"	-0.09	0.69	0.4
"4248"	-0.09	0.7	0.39
"4249"	-0.09	0.71	0.38
"4250"	-0.09	0.72	0.37
"4251"	-0.09	0.73	0.36
"4252"	-0.09	0.74	0.35
"4253"	-0.09	0.75	0.34
"4254"	-0.09	0.76	0.33
"4255"	-0.09	0.77	0.32
"4256"	-0.09	0.78	0.31
"4257"	-0.09	0.79	0.3
"4258"	-0.09	0.8	0.29
"4259"	-0.09	0.81	0.28
"4260"	-0.09	0.82	0.27
"4261"	-0.09	0.83	0.26
"4262"	-0.09	0.84	0.25
"4263"	-0.09	0.85	0.24
"4264"	-0.09	0.86	0.23
"4265"	-0.09	0.87	0.22
"4266"	-0.09	0.88	0.21
"4267"	-0.09	0.89	0.2
"4268"	-0.09	0.9	0.19
"4269"	-0.09	0.91	0.18
"4270"	-0.09	0.92	0.17
"4271"	-0.09	0.93	0.16
"4272"	-0.09	0.94	0.15
"4273"	-0.09	0.95	0.14
"4274"	-0.09	0.96	0.13
"4275"	-0.09	0.97	0.12
"4276"	-0.09	0.98	0.11
"4277"	-0.09	0.99	0.1
"4278"	-0.09	1	0.09
"4279"	-0.08	0.08	1
"4280"	-0.08	0.09	0.99
"4281"	-0.08	0.1	0.98
"4282"	-0.08	0.11	0.97
"4283"	-0.08	0.12	0.96
"4284"	-0.08	0.13	0.95
"4285"	-0.08	0.14	0.94
"4286"	-0.08	0.15	0.93
"4287"	-0.08	0.16	0.92
"4288"	-0.08	0.17	0.91
"4289"	-0.08	0.18	0.9
"4290"	-0.08	0.19	0.89
"4291"	-0.08	0.2	0.88
"4292"	-0.08	0.21	0.87
"4293"	-0.08	0.22	0.86
"4294"	-0.08	0.23	0.85
"4295"	-0.08	0.24	0.84
"4296"	-0.08	0.25	0.83
"4297"	-0.08	0.26	0.82
"4298"	-0.08	0.27	0.81
"4299"	-0.08	0.28	0.8
"4300"	-0.08	0.29	0.79
"4301"	-0.08	0.3	0.78
"4302"	-0.08	0.31	0.77
"4303"	-0.08	0.32	0.76
"4304"	-0.08	0.33	0.75
"4305"	-0.08	0.34	0.74
"4306"	-0.08	0.35	0.73
"4307"	-0.08	0.36	0.72
"4308"	-0.08	0.37	0.71
"4309"	-0.08	0.38	0.7
"4310"	-0.08	0.39	0.69
"4311"	-0.08	0.4	0.68
"4312"	-0.08	0.41	0.67
"4313"	-0.08	0.42	0.66
"4314"	-0.08	0.43	0.65
"4315"	-0.08	0.44	0.64
"4316"	-0.08	0.45	0.63
"4317"	-0.08	0.46	0.62
"4318"	-0.08	0.47	0.61
"4319"	-0.08	0.48	0.6
"4320"	-0.08	0.49	0.59
"4321"	-0.08	0.5	0.58
"4322"	-0.08	0.51	0.57
"4323"	-0.08	0.52	0.56
"4324"	-0.08	0.53	0.55
"4325"	-0.08	0.54	0.54
"4326"	-0.08	0.55	0.53
"4327"	-0.08	0.56	0.52
"4328"	-0.08	0.57	0.51
"4329"	-0.08	0.58	0.5
"4330"	-0.08	0.59	0.49
"4331"	-0.08	0.6	0.48
"4332"	-0.08	0.61	0.47
"4333"	-0.08	0.62	0.46
"4334"	-0.08	0.63	0.45
"4335"	-0.08	0.64	0.44
"4336"	-0.08	0.65	0.43
"4337"	-0.08	0.66	0.42
"4338"	-0.08	0.67	0.41
"4339"	-0.08	0.68	0.4
"4340"	-0.08	0.69	0.39
"4341"	-0.08	0.7	0.38
"4342"	-0.08	0.71	0.37
"4343"	-0.08	0.72	0.36
"4344"	-0.08	0.73	0.35
"4345"	-0.08	0.74	0.34
"4346"	-0.08	0.75	0.33
"4347"	-0.08	0.76	0.32
"4348"	-0.08	0.77	0.31
"4349"	-0.08	0.78	0.3
"4350"	-0.08	0.79	0.29
"4351"	-0.08	0.8	0.28
"4352"	-0.08	0.81	0.27
"4353"	-0.08	0.82	0.26
"4354"	-0.08	0.83	0.25
"4355"	-0.08	0.84	0.24
"4356"	-0.08	0.85	0.23
"4357"	-0.08	0.86	0.22
"4358"	-0.08	0.87	0.21
"4359"	-0.08	0.88	0.2
"4360"	-0.08	0.89	0.19
"4361"	-0.08	0.9	0.18
"4362"	-0.08	0.91	0.17
"4363"	-0.08	0.92	0.16
"4364"	-0.08	0.93	0.15
"4365"	-0.08	0.94	0.14
"4366"	-0.08	0.95	0.13
"4367"	-0.08	0.96	0.12
"4368"	-0.08	0.97	0.11
"4369"	-0.08	0.98	0.1
"4370"	-0.08	0.99	0.09
"4371"	-0.08	1	0.08
"4372"	-0.07	0.07	1
"4373"	-0.07	0.08	0.99
"4374"	-0.07	0.09	0.98
"4375"	-0.07	0.1	0.97
"4376"	-0.07	0.11	0.96
"4377"	-0.07	0.12	0.95
"4378"	-0.07	0.13	0.94
"4379"	-0.07	0.14	0.93
"4380"	-0.07	0.15	0.92
"4381"	-0.07	0.16	0.91
"4382"	-0.07	0.17	0.9
"4383"	-0.07	0.18	0.89
"4384"	-0.07	0.19	0.88
"4385"	-0.07	0.2	0.87
"4386"	-0.07	0.21	0.86
"4387"	-0.07	0.22	0.85
"4388"	-0.07	0.23	0.84
"4389"	-0.07	0.24	0.83
"4390"	-0.07	0.25	0.82
"4391"	-0.07	0.26	0.81
"4392"	-0.07	0.27	0.8
"4393"	-0.07	0.28	0.79
"4394"	-0.07	0.29	0.78
"4395"	-0.07	0.3	0.77
"4396"	-0.07	0.31	0.76
"4397"	-0.07	0.32	0.75
"4398"	-0.07	0.33	0.74
"4399"	-0.07	0.34	0.73
"4400"	-0.07	0.35	0.72
"4401"	-0.07	0.36	0.71
"4402"	-0.07	0.37	0.7
"4403"	-0.07	0.38	0.69
"4404"	-0.07	0.39	0.68
"4405"	-0.07	0.4	0.67
"4406"	-0.07	0.41	0.66
"4407"	-0.07	0.42	0.65
"4408"	-0.07	0.43	0.64
"4409"	-0.07	0.44	0.63
"4410"	-0.07	0.45	0.62
"4411"	-0.07	0.46	0.61
"4412"	-0.07	0.47	0.6
"4413"	-0.07	0.48	0.59
"4414"	-0.07	0.49	0.58
"4415"	-0.07	0.5	0.57
"4416"	-0.07	0.51	0.56
"4417"	-0.07	0.52	0.55
"4418"	-0.07	0.53	0.54
"4419"	-0.07	0.54	0.53
"4420"	-0.07	0.55	0.52
"4421"	-0.07	0.56	0.51
"4422"	-0.07	0.57	0.5
"4423"	-0.07	0.58	0.49
"4424"	-0.07	0.59	0.48
"4425"	-0.07	0.6	0.47
"4426"	-0.07	0.61	0.46
"4427"	-0.07	0.62	0.45
"4428"	-0.07	0.63	0.44
"4429"	-0.07	0.64	0.43
"4430"	-0.07	0.65	0.42
"4431"	-0.07	0.66	0.41
"4432"	-0.07	0.67	0.4
"4433"	-0.07	0.68	0.39
"4434"	-0.07	0.69	0.38
"4435"	-0.07	0.7	0.37
"4436"	-0.07	0.71	0.36
"4437"	-0.07	0.72	0.35
"4438"	-0.07	0.73	0.34
"4439"	-0.07	0.74	0.33
"4440"	-0.07	0.75	0.32
"4441"	-0.07	0.76	0.31
"4442"	-0.07	0.77	0.3
"4443"	-0.07	0.78	0.29
"4444"	-0.07	0.79	0.28
"4445"	-0.07	0.8	0.27
"4446"	-0.07	0.81	0.26
"4447"	-0.07	0.82	0.25
"4448"	-0.07	0.83	0.24
"4449"	-0.07	0.84	0.23
"4450"	-0.07	0.85	0.22
"4451"	-0.07	0.86	0.21
"4452"	-0.07	0.87	0.2
"4453"	-0.07	0.88	0.19
"4454"	-0.07	0.89	0.18
"4455"	-0.07	0.9	0.17
"4456"	-0.07	0.91	0.16
"4457"	-0.07	0.92	0.15
"4458"	-0.07	0.93	0.14
"4459"	-0.07	0.94	0.13
"4460"	-0.07	0.95	0.12
"4461"	-0.07	0.96	0.11
"4462"	-0.07	0.97	0.1
"4463"	-0.07	0.98	0.09
"4464"	-0.07	0.99	0.08
"4465"	-0.07	1	0.07
"4466"	-0.06	0.06	1
"4467"	-0.06	0.07	0.99
"4468"	-0.06	0.08	0.98
"4469"	-0.06	0.09	0.97
"4470"	-0.06	0.1	0.96
"4471"	-0.06	0.11	0.95
"4472"	-0.06	0.12	0.94
"4473"	-0.06	0.13	0.93
"4474"	-0.06	0.14	0.92
"4475"	-0.06	0.15	0.91
"4476"	-0.06	0.16	0.9
"4477"	-0.06	0.17	0.89
"4478"	-0.06	0.18	0.88
"4479"	-0.06	0.19	0.87
"4480"	-0.06	0.2	0.86
"4481"	-0.06	0.21	0.85
"4482"	-0.06	0.22	0.84
"4483"	-0.06	0.23	0.83
"4484"	-0.06	0.24	0.82
"4485"	-0.06	0.25	0.81
"4486"	-0.06	0.26	0.8
"4487"	-0.06	0.27	0.79
"4488"	-0.06	0.28	0.78
"4489"	-0.06	0.29	0.77
"4490"	-0.06	0.3	0.76
"4491"	-0.06	0.31	0.75
"4492"	-0.06	0.32	0.74
"4493"	-0.06	0.33	0.73
"4494"	-0.06	0.34	0.72
"4495"	-0.06	0.35	0.71
"4496"	-0.06	0.36	0.7
"4497"	-0.06	0.37	0.69
"4498"	-0.06	0.38	0.68
"4499"	-0.06	0.39	0.67
"4500"	-0.06	0.4	0.66
"4501"	-0.06	0.41	0.65
"4502"	-0.06	0.42	0.64
"4503"	-0.06	0.43	0.63
"4504"	-0.06	0.44	0.62
"4505"	-0.06	0.45	0.61
"4506"	-0.06	0.46	0.6
"4507"	-0.06	0.47	0.59
"4508"	-0.06	0.48	0.58
"4509"	-0.06	0.49	0.57
"4510"	-0.06	0.5	0.56
"4511"	-0.06	0.51	0.55
"4512"	-0.06	0.52	0.54
"4513"	-0.06	0.53	0.53
"4514"	-0.06	0.54	0.52
"4515"	-0.06	0.55	0.51
"4516"	-0.06	0.56	0.5
"4517"	-0.06	0.57	0.49
"4518"	-0.06	0.58	0.48
"4519"	-0.06	0.59	0.47
"4520"	-0.06	0.6	0.46
"4521"	-0.06	0.61	0.45
"4522"	-0.06	0.62	0.44
"4523"	-0.06	0.63	0.43
"4524"	-0.06	0.64	0.42
"4525"	-0.06	0.65	0.41
"4526"	-0.06	0.66	0.4
"4527"	-0.06	0.67	0.39
"4528"	-0.06	0.68	0.38
"4529"	-0.06	0.69	0.37
"4530"	-0.06	0.7	0.36
"4531"	-0.06	0.71	0.35
"4532"	-0.06	0.72	0.34
"4533"	-0.06	0.73	0.33
"4534"	-0.06	0.74	0.32
"4535"	-0.06	0.75	0.31
"4536"	-0.06	0.76	0.3
"4537"	-0.06	0.77	0.29
"4538"	-0.06	0.78	0.28
"4539"	-0.06	0.79	0.27
"4540"	-0.06	0.8	0.26
"4541"	-0.06	0.81	0.25
"4542"	-0.06	0.82	0.24
"4543"	-0.06	0.83	0.23
"4544"	-0.06	0.84	0.22
"4545"	-0.06	0.85	0.21
"4546"	-0.06	0.86	0.2
"4547"	-0.06	0.87	0.19
"4548"	-0.06	0.88	0.18
"4549"	-0.06	0.89	0.17
"4550"	-0.06	0.9	0.16
"4551"	-0.06	0.91	0.15
"4552"	-0.06	0.92	0.14
"4553"	-0.06	0.93	0.13
"4554"	-0.06	0.94	0.12
"4555"	-0.06	0.95	0.11
"4556"	-0.06	0.96	0.1
"4557"	-0.06	0.97	0.09
"4558"	-0.06	0.98	0.08
"4559"	-0.06	0.99	0.07
"4560"	-0.06	1	0.06
"4561"	-0.05	0.05	1
"4562"	-0.05	0.06	0.99
"4563"	-0.05	0.07	0.98
"4564"	-0.05	0.08	0.97
"4565"	-0.05	0.09	0.96
"4566"	-0.05	0.1	0.95
"4567"	-0.05	0.11	0.94
"4568"	-0.05	0.12	0.93
"4569"	-0.05	0.13	0.92
"4570"	-0.05	0.14	0.91
"4571"	-0.05	0.15	0.9
"4572"	-0.05	0.16	0.89
"4573"	-0.05	0.17	0.88
"4574"	-0.05	0.18	0.87
"4575"	-0.05	0.19	0.86
"4576"	-0.05	0.2	0.85
"4577"	-0.05	0.21	0.84
"4578"	-0.05	0.22	0.83
"4579"	-0.05	0.23	0.82
"4580"	-0.05	0.24	0.81
"4581"	-0.05	0.25	0.8
"4582"	-0.05	0.26	0.79
"4583"	-0.05	0.27	0.78
"4584"	-0.05	0.28	0.77
"4585"	-0.05	0.29	0.76
"4586"	-0.05	0.3	0.75
"4587"	-0.05	0.31	0.74
"4588"	-0.05	0.32	0.73
"4589"	-0.05	0.33	0.72
"4590"	-0.05	0.34	0.71
"4591"	-0.05	0.35	0.7
"4592"	-0.05	0.36	0.69
"4593"	-0.05	0.37	0.68
"4594"	-0.05	0.38	0.67
"4595"	-0.05	0.39	0.66
"4596"	-0.05	0.4	0.65
"4597"	-0.05	0.41	0.64
"4598"	-0.05	0.42	0.63
"4599"	-0.05	0.43	0.62
"4600"	-0.05	0.44	0.61
"4601"	-0.05	0.45	0.6
"4602"	-0.05	0.46	0.59
"4603"	-0.05	0.47	0.58
"4604"	-0.05	0.48	0.57
"4605"	-0.05	0.49	0.56
"4606"	-0.05	0.5	0.55
"4607"	-0.05	0.51	0.54
"4608"	-0.05	0.52	0.53
"4609"	-0.05	0.53	0.52
"4610"	-0.05	0.54	0.51
"4611"	-0.05	0.55	0.5
"4612"	-0.05	0.56	0.49
"4613"	-0.05	0.57	0.48
"4614"	-0.05	0.58	0.47
"4615"	-0.05	0.59	0.46
"4616"	-0.05	0.6	0.45
"4617"	-0.05	0.61	0.44
"4618"	-0.05	0.62	0.43
"4619"	-0.05	0.63	0.42
"4620"	-0.05	0.64	0.41
"4621"	-0.05	0.65	0.4
"4622"	-0.05	0.66	0.39
"4623"	-0.05	0.67	0.38
"4624"	-0.05	0.68	0.37
"4625"	-0.05	0.69	0.36
"4626"	-0.05	0.7	0.35
"4627"	-0.05	0.71	0.34
"4628"	-0.05	0.72	0.33
"4629"	-0.05	0.73	0.32
"4630"	-0.05	0.74	0.31
"4631"	-0.05	0.75	0.3
"4632"	-0.05	0.76	0.29
"4633"	-0.05	0.77	0.28
"4634"	-0.05	0.78	0.27
"4635"	-0.05	0.79	0.26
"4636"	-0.05	0.8	0.25
"4637"	-0.05	0.81	0.24
"4638"	-0.05	0.82	0.23
"4639"	-0.05	0.83	0.22
"4640"	-0.05	0.84	0.21
"4641"	-0.05	0.85	0.2
"4642"	-0.05	0.86	0.19
"4643"	-0.05	0.87	0.18
"4644"	-0.05	0.88	0.17
"4645"	-0.05	0.89	0.16
"4646"	-0.05	0.9	0.15
"4647"	-0.05	0.91	0.14
"4648"	-0.05	0.92	0.13
"4649"	-0.05	0.93	0.12
"4650"	-0.05	0.94	0.11
"4651"	-0.05	0.95	0.1
"4652"	-0.05	0.96	0.09
"4653"	-0.05	0.97	0.08
"4654"	-0.05	0.98	0.07
"4655"	-0.05	0.99	0.06
"4656"	-0.05	1	0.05
"4657"	-0.04	0.04	1
"4658"	-0.04	0.05	0.99
"4659"	-0.04	0.06	0.98
"4660"	-0.04	0.07	0.97
"4661"	-0.04	0.08	0.96
"4662"	-0.04	0.09	0.95
"4663"	-0.04	0.1	0.94
"4664"	-0.04	0.11	0.93
"4665"	-0.04	0.12	0.92
"4666"	-0.04	0.13	0.91
"4667"	-0.04	0.14	0.9
"4668"	-0.04	0.15	0.89
"4669"	-0.04	0.16	0.88
"4670"	-0.04	0.17	0.87
"4671"	-0.04	0.18	0.86
"4672"	-0.04	0.19	0.85
"4673"	-0.04	0.2	0.84
"4674"	-0.04	0.21	0.83
"4675"	-0.04	0.22	0.82
"4676"	-0.04	0.23	0.81
"4677"	-0.04	0.24	0.8
"4678"	-0.04	0.25	0.79
"4679"	-0.04	0.26	0.78
"4680"	-0.04	0.27	0.77
"4681"	-0.04	0.28	0.76
"4682"	-0.04	0.29	0.75
"4683"	-0.04	0.3	0.74
"4684"	-0.04	0.31	0.73
"4685"	-0.04	0.32	0.72
"4686"	-0.04	0.33	0.71
"4687"	-0.04	0.34	0.7
"4688"	-0.04	0.35	0.69
"4689"	-0.04	0.36	0.68
"4690"	-0.04	0.37	0.67
"4691"	-0.04	0.38	0.66
"4692"	-0.04	0.39	0.65
"4693"	-0.04	0.4	0.64
"4694"	-0.04	0.41	0.63
"4695"	-0.04	0.42	0.62
"4696"	-0.04	0.43	0.61
"4697"	-0.04	0.44	0.6
"4698"	-0.04	0.45	0.59
"4699"	-0.04	0.46	0.58
"4700"	-0.04	0.47	0.57
"4701"	-0.04	0.48	0.56
"4702"	-0.04	0.49	0.55
"4703"	-0.04	0.5	0.54
"4704"	-0.04	0.51	0.53
"4705"	-0.04	0.52	0.52
"4706"	-0.04	0.53	0.51
"4707"	-0.04	0.54	0.5
"4708"	-0.04	0.55	0.49
"4709"	-0.04	0.56	0.48
"4710"	-0.04	0.57	0.47
"4711"	-0.04	0.58	0.46
"4712"	-0.04	0.59	0.45
"4713"	-0.04	0.6	0.44
"4714"	-0.04	0.61	0.43
"4715"	-0.04	0.62	0.42
"4716"	-0.04	0.63	0.41
"4717"	-0.04	0.64	0.4
"4718"	-0.04	0.65	0.39
"4719"	-0.04	0.66	0.38
"4720"	-0.04	0.67	0.37
"4721"	-0.04	0.68	0.36
"4722"	-0.04	0.69	0.35
"4723"	-0.04	0.7	0.34
"4724"	-0.04	0.71	0.33
"4725"	-0.04	0.72	0.32
"4726"	-0.04	0.73	0.31
"4727"	-0.04	0.74	0.3
"4728"	-0.04	0.75	0.29
"4729"	-0.04	0.76	0.28
"4730"	-0.04	0.77	0.27
"4731"	-0.04	0.78	0.26
"4732"	-0.04	0.79	0.25
"4733"	-0.04	0.8	0.24
"4734"	-0.04	0.81	0.23
"4735"	-0.04	0.82	0.22
"4736"	-0.04	0.83	0.21
"4737"	-0.04	0.84	0.2
"4738"	-0.04	0.85	0.19
"4739"	-0.04	0.86	0.18
"4740"	-0.04	0.87	0.17
"4741"	-0.04	0.88	0.16
"4742"	-0.04	0.89	0.15
"4743"	-0.04	0.9	0.14
"4744"	-0.04	0.91	0.13
"4745"	-0.04	0.92	0.12
"4746"	-0.04	0.93	0.11
"4747"	-0.04	0.94	0.1
"4748"	-0.04	0.95	0.09
"4749"	-0.04	0.96	0.08
"4750"	-0.04	0.97	0.07
"4751"	-0.04	0.98	0.06
"4752"	-0.04	0.99	0.05
"4753"	-0.04	1	0.04
"4754"	-0.03	0.03	1
"4755"	-0.03	0.04	0.99
"4756"	-0.03	0.05	0.98
"4757"	-0.03	0.06	0.97
"4758"	-0.03	0.07	0.96
"4759"	-0.03	0.08	0.95
"4760"	-0.03	0.09	0.94
"4761"	-0.03	0.1	0.93
"4762"	-0.03	0.11	0.92
"4763"	-0.03	0.12	0.91
"4764"	-0.03	0.13	0.9
"4765"	-0.03	0.14	0.89
"4766"	-0.03	0.15	0.88
"4767"	-0.03	0.16	0.87
"4768"	-0.03	0.17	0.86
"4769"	-0.03	0.18	0.85
"4770"	-0.03	0.19	0.84
"4771"	-0.03	0.2	0.83
"4772"	-0.03	0.21	0.82
"4773"	-0.03	0.22	0.81
"4774"	-0.03	0.23	0.8
"4775"	-0.03	0.24	0.79
"4776"	-0.03	0.25	0.78
"4777"	-0.03	0.26	0.77
"4778"	-0.03	0.27	0.76
"4779"	-0.03	0.28	0.75
"4780"	-0.03	0.29	0.74
"4781"	-0.03	0.3	0.73
"4782"	-0.03	0.31	0.72
"4783"	-0.03	0.32	0.71
"4784"	-0.03	0.33	0.7
"4785"	-0.03	0.34	0.69
"4786"	-0.03	0.35	0.68
"4787"	-0.03	0.36	0.67
"4788"	-0.03	0.37	0.66
"4789"	-0.03	0.38	0.65
"4790"	-0.03	0.39	0.64
"4791"	-0.03	0.4	0.63
"4792"	-0.03	0.41	0.62
"4793"	-0.03	0.42	0.61
"4794"	-0.03	0.43	0.6
"4795"	-0.03	0.44	0.59
"4796"	-0.03	0.45	0.58
"4797"	-0.03	0.46	0.57
"4798"	-0.03	0.47	0.56
"4799"	-0.03	0.48	0.55
"4800"	-0.03	0.49	0.54
"4801"	-0.03	0.5	0.53
"4802"	-0.03	0.51	0.52
"4803"	-0.03	0.52	0.51
"4804"	-0.03	0.53	0.5
"4805"	-0.03	0.54	0.49
"4806"	-0.03	0.55	0.48
"4807"	-0.03	0.56	0.47
"4808"	-0.03	0.57	0.46
"4809"	-0.03	0.58	0.45
"4810"	-0.03	0.59	0.44
"4811"	-0.03	0.6	0.43
"4812"	-0.03	0.61	0.42
"4813"	-0.03	0.62	0.41
"4814"	-0.03	0.63	0.4
"4815"	-0.03	0.64	0.39
"4816"	-0.03	0.65	0.38
"4817"	-0.03	0.66	0.37
"4818"	-0.03	0.67	0.36
"4819"	-0.03	0.68	0.35
"4820"	-0.03	0.69	0.34
"4821"	-0.03	0.7	0.33
"4822"	-0.03	0.71	0.32
"4823"	-0.03	0.72	0.31
"4824"	-0.03	0.73	0.3
"4825"	-0.03	0.74	0.29
"4826"	-0.03	0.75	0.28
"4827"	-0.03	0.76	0.27
"4828"	-0.03	0.77	0.26
"4829"	-0.03	0.78	0.25
"4830"	-0.03	0.79	0.24
"4831"	-0.03	0.8	0.23
"4832"	-0.03	0.81	0.22
"4833"	-0.03	0.82	0.21
"4834"	-0.03	0.83	0.2
"4835"	-0.03	0.84	0.19
"4836"	-0.03	0.85	0.18
"4837"	-0.03	0.86	0.17
"4838"	-0.03	0.87	0.16
"4839"	-0.03	0.88	0.15
"4840"	-0.03	0.89	0.14
"4841"	-0.03	0.9	0.13
"4842"	-0.03	0.91	0.12
"4843"	-0.03	0.92	0.11
"4844"	-0.03	0.93	0.1
"4845"	-0.03	0.94	0.09
"4846"	-0.03	0.95	0.08
"4847"	-0.03	0.96	0.07
"4848"	-0.03	0.97	0.06
"4849"	-0.03	0.98	0.05
"4850"	-0.03	0.99	0.04
"4851"	-0.03	1	0.03
"4852"	-0.02	0.02	1
"4853"	-0.02	0.03	0.99
"4854"	-0.02	0.04	0.98
"4855"	-0.02	0.05	0.97
"4856"	-0.02	0.06	0.96
"4857"	-0.02	0.07	0.95
"4858"	-0.02	0.08	0.94
"4859"	-0.02	0.09	0.93
"4860"	-0.02	0.1	0.92
"4861"	-0.02	0.11	0.91
"4862"	-0.02	0.12	0.9
"4863"	-0.02	0.13	0.89
"4864"	-0.02	0.14	0.88
"4865"	-0.02	0.15	0.87
"4866"	-0.02	0.16	0.86
"4867"	-0.02	0.17	0.85
"4868"	-0.02	0.18	0.84
"4869"	-0.02	0.19	0.83
"4870"	-0.02	0.2	0.82
"4871"	-0.02	0.21	0.81
"4872"	-0.02	0.22	0.8
"4873"	-0.02	0.23	0.79
"4874"	-0.02	0.24	0.78
"4875"	-0.02	0.25	0.77
"4876"	-0.02	0.26	0.76
"4877"	-0.02	0.27	0.75
"4878"	-0.02	0.28	0.74
"4879"	-0.02	0.29	0.73
"4880"	-0.02	0.3	0.72
"4881"	-0.02	0.31	0.71
"4882"	-0.02	0.32	0.7
"4883"	-0.02	0.33	0.69
"4884"	-0.02	0.34	0.68
"4885"	-0.02	0.35	0.67
"4886"	-0.02	0.36	0.66
"4887"	-0.02	0.37	0.65
"4888"	-0.02	0.38	0.64
"4889"	-0.02	0.39	0.63
"4890"	-0.02	0.4	0.62
"4891"	-0.02	0.41	0.61
"4892"	-0.02	0.42	0.6
"4893"	-0.02	0.43	0.59
"4894"	-0.02	0.44	0.58
"4895"	-0.02	0.45	0.57
"4896"	-0.02	0.46	0.56
"4897"	-0.02	0.47	0.55
"4898"	-0.02	0.48	0.54
"4899"	-0.02	0.49	0.53
"4900"	-0.02	0.5	0.52
"4901"	-0.02	0.51	0.51
"4902"	-0.02	0.52	0.5
"4903"	-0.02	0.53	0.49
"4904"	-0.02	0.54	0.48
"4905"	-0.02	0.55	0.47
"4906"	-0.02	0.56	0.46
"4907"	-0.02	0.57	0.45
"4908"	-0.02	0.58	0.44
"4909"	-0.02	0.59	0.43
"4910"	-0.02	0.6	0.42
"4911"	-0.02	0.61	0.41
"4912"	-0.02	0.62	0.4
"4913"	-0.02	0.63	0.39
"4914"	-0.02	0.64	0.38
"4915"	-0.02	0.65	0.37
"4916"	-0.02	0.66	0.36
"4917"	-0.02	0.67	0.35
"4918"	-0.02	0.68	0.34
"4919"	-0.02	0.69	0.33
"4920"	-0.02	0.7	0.32
"4921"	-0.02	0.71	0.31
"4922"	-0.02	0.72	0.3
"4923"	-0.02	0.73	0.29
"4924"	-0.02	0.74	0.28
"4925"	-0.02	0.75	0.27
"4926"	-0.02	0.76	0.26
"4927"	-0.02	0.77	0.25
"4928"	-0.02	0.78	0.24
"4929"	-0.02	0.79	0.23
"4930"	-0.02	0.8	0.22
"4931"	-0.02	0.81	0.21
"4932"	-0.02	0.82	0.2
"4933"	-0.02	0.83	0.19
"4934"	-0.02	0.84	0.18
"4935"	-0.02	0.85	0.17
"4936"	-0.02	0.86	0.16
"4937"	-0.02	0.87	0.15
"4938"	-0.02	0.88	0.14
"4939"	-0.02	0.89	0.13
"4940"	-0.02	0.9	0.12
"4941"	-0.02	0.91	0.11
"4942"	-0.02	0.92	0.1
"4943"	-0.02	0.93	0.09
"4944"	-0.02	0.94	0.08
"4945"	-0.02	0.95	0.07
"4946"	-0.02	0.96	0.06
"4947"	-0.02	0.97	0.05
"4948"	-0.02	0.98	0.04
"4949"	-0.02	0.99	0.03
"4950"	-0.02	1	0.02
"4951"	-0.01	0.01	1
"4952"	-0.01	0.02	0.99
"4953"	-0.01	0.03	0.98
"4954"	-0.01	0.04	0.97
"4955"	-0.01	0.05	0.96
"4956"	-0.01	0.06	0.95
"4957"	-0.01	0.07	0.94
"4958"	-0.01	0.08	0.93
"4959"	-0.01	0.09	0.92
"4960"	-0.01	0.1	0.91
"4961"	-0.01	0.11	0.9
"4962"	-0.01	0.12	0.89
"4963"	-0.01	0.13	0.88
"4964"	-0.01	0.14	0.87
"4965"	-0.01	0.15	0.86
"4966"	-0.01	0.16	0.85
"4967"	-0.01	0.17	0.84
"4968"	-0.01	0.18	0.83
"4969"	-0.01	0.19	0.82
"4970"	-0.01	0.2	0.81
"4971"	-0.01	0.21	0.8
"4972"	-0.01	0.22	0.79
"4973"	-0.01	0.23	0.78
"4974"	-0.01	0.24	0.77
"4975"	-0.01	0.25	0.76
"4976"	-0.01	0.26	0.75
"4977"	-0.01	0.27	0.74
"4978"	-0.01	0.28	0.73
"4979"	-0.01	0.29	0.72
"4980"	-0.01	0.3	0.71
"4981"	-0.01	0.31	0.7
"4982"	-0.01	0.32	0.69
"4983"	-0.01	0.33	0.68
"4984"	-0.01	0.34	0.67
"4985"	-0.01	0.35	0.66
"4986"	-0.01	0.36	0.65
"4987"	-0.01	0.37	0.64
"4988"	-0.01	0.38	0.63
"4989"	-0.01	0.39	0.62
"4990"	-0.01	0.4	0.61
"4991"	-0.01	0.41	0.6
"4992"	-0.01	0.42	0.59
"4993"	-0.01	0.43	0.58
"4994"	-0.01	0.44	0.57
"4995"	-0.01	0.45	0.56
"4996"	-0.01	0.46	0.55
"4997"	-0.01	0.47	0.54
"4998"	-0.01	0.48	0.53
"4999"	-0.01	0.49	0.52
"5000"	-0.01	0.5	0.51
"5001"	-0.01	0.51	0.5
"5002"	-0.01	0.52	0.49
"5003"	-0.01	0.53	0.48
"5004"	-0.01	0.54	0.47
"5005"	-0.01	0.55	0.46
"5006"	-0.01	0.56	0.45
"5007"	-0.01	0.57	0.44
"5008"	-0.01	0.58	0.43
"5009"	-0.01	0.59	0.42
"5010"	-0.01	0.6	0.41
"5011"	-0.01	0.61	0.4
"5012"	-0.01	0.62	0.39
"5013"	-0.01	0.63	0.38
"5014"	-0.01	0.64	0.37
"5015"	-0.01	0.65	0.36
"5016"	-0.01	0.66	0.35
"5017"	-0.01	0.67	0.34
"5018"	-0.01	0.68	0.33
"5019"	-0.01	0.69	0.32
"5020"	-0.01	0.7	0.31
"5021"	-0.01	0.71	0.3
"5022"	-0.01	0.72	0.29
"5023"	-0.01	0.73	0.28
"5024"	-0.01	0.74	0.27
"5025"	-0.01	0.75	0.26
"5026"	-0.01	0.76	0.25
"5027"	-0.01	0.77	0.24
"5028"	-0.01	0.78	0.23
"5029"	-0.01	0.79	0.22
"5030"	-0.01	0.8	0.21
"5031"	-0.01	0.81	0.2
"5032"	-0.01	0.82	0.19
"5033"	-0.01	0.83	0.18
"5034"	-0.01	0.84	0.17
"5035"	-0.01	0.85	0.16
"5036"	-0.01	0.86	0.15
"5037"	-0.01	0.87	0.14
"5038"	-0.01	0.88	0.13
"5039"	-0.01	0.89	0.12
"5040"	-0.01	0.9	0.11
"5041"	-0.01	0.91	0.1
"5042"	-0.01	0.92	0.09
"5043"	-0.01	0.93	0.08
"5044"	-0.01	0.94	0.07
"5045"	-0.01	0.95	0.06
"5046"	-0.01	0.96	0.05
"5047"	-0.01	0.97	0.04
"5048"	-0.01	0.98	0.03
"5049"	-0.01	0.99	0.02
"5050"	-0.01	1	0.01
"5051"	0	0	1
"5052"	0	0.01	0.99
"5053"	0	0.02	0.98
"5054"	0	0.03	0.97
"5055"	0	0.04	0.96
"5056"	0	0.05	0.95
"5057"	0	0.06	0.94
"5058"	0	0.07	0.93
"5059"	0	0.08	0.92
"5060"	0	0.09	0.91
"5061"	0	0.1	0.9
"5062"	0	0.11	0.89
"5063"	0	0.12	0.88
"5064"	0	0.13	0.87
"5065"	0	0.14	0.86
"5066"	0	0.15	0.85
"5067"	0	0.16	0.84
"5068"	0	0.17	0.83
"5069"	0	0.18	0.82
"5070"	0	0.19	0.81
"5071"	0	0.2	0.8
"5072"	0	0.21	0.79
"5073"	0	0.22	0.78
"5074"	0	0.23	0.77
"5075"	0	0.24	0.76
"5076"	0	0.25	0.75
"5077"	0	0.26	0.74
"5078"	0	0.27	0.73
"5079"	0	0.28	0.72
"5080"	0	0.29	0.71
"5081"	0	0.3	0.7
"5082"	0	0.31	0.69
"5083"	0	0.32	0.68
"5084"	0	0.33	0.67
"5085"	0	0.34	0.66
"5086"	0	0.35	0.65
"5087"	0	0.36	0.64
"5088"	0	0.37	0.63
"5089"	0	0.38	0.62
"5090"	0	0.39	0.61
"5091"	0	0.4	0.6
"5092"	0	0.41	0.59
"5093"	0	0.42	0.58
"5094"	0	0.43	0.57
"5095"	0	0.44	0.56
"5096"	0	0.45	0.55
"5097"	0	0.46	0.54
"5098"	0	0.47	0.53
"5099"	0	0.48	0.52
"5100"	0	0.49	0.51
"5101"	0	0.5	0.5
"5102"	0	0.51	0.49
"5103"	0	0.52	0.48
"5104"	0	0.53	0.47
"5105"	0	0.54	0.46
"5106"	0	0.55	0.45
"5107"	0	0.56	0.44
"5108"	0	0.57	0.43
"5109"	0	0.58	0.42
"5110"	0	0.59	0.41
"5111"	0	0.6	0.4
"5112"	0	0.61	0.39
"5113"	0	0.62	0.38
"5114"	0	0.63	0.37
"5115"	0	0.64	0.36
"5116"	0	0.65	0.35
"5117"	0	0.66	0.34
"5118"	0	0.67	0.33
"5119"	0	0.68	0.32
"5120"	0	0.69	0.31
"5121"	0	0.7	0.3
"5122"	0	0.71	0.29
"5123"	0	0.72	0.28
"5124"	0	0.73	0.27
"5125"	0	0.74	0.26
"5126"	0	0.75	0.25
"5127"	0	0.76	0.24
"5128"	0	0.77	0.23
"5129"	0	0.78	0.22
"5130"	0	0.79	0.21
"5131"	0	0.8	0.2
"5132"	0	0.81	0.19
"5133"	0	0.82	0.18
"5134"	0	0.83	0.17
"5135"	0	0.84	0.16
"5136"	0	0.85	0.15
"5137"	0	0.86	0.14
"5138"	0	0.87	0.13
"5139"	0	0.88	0.12
"5140"	0	0.89	0.11
"5141"	0	0.9	0.1
"5142"	0	0.91	0.09
"5143"	0	0.92	0.08
"5144"	0	0.93	0.07
"5145"	0	0.94	0.06
"5146"	0	0.95	0.05
"5147"	0	0.96	0.04
"5148"	0	0.97	0.03
"5149"	0	0.98	0.02
"5150"	0	0.99	0.01
"5151"	0	1	0
"5152"	0.01	-0.01	1
"5153"	0.01	0	0.99
"5154"	0.01	0.01	0.98
"5155"	0.01	0.02	0.97
"5156"	0.01	0.03	0.96
"5157"	0.01	0.04	0.95
"5158"	0.01	0.05	0.94
"5159"	0.01	0.06	0.93
"5160"	0.01	0.07	0.92
"5161"	0.01	0.08	0.91
"5162"	0.01	0.09	0.9
"5163"	0.01	0.1	0.89
"5164"	0.01	0.11	0.88
"5165"	0.01	0.12	0.87
"5166"	0.01	0.13	0.86
"5167"	0.01	0.14	0.85
"5168"	0.01	0.15	0.84
"5169"	0.01	0.16	0.83
"5170"	0.01	0.17	0.82
"5171"	0.01	0.18	0.81
"5172"	0.01	0.19	0.8
"5173"	0.01	0.2	0.79
"5174"	0.01	0.21	0.78
"5175"	0.01	0.22	0.77
"5176"	0.01	0.23	0.76
"5177"	0.01	0.24	0.75
"5178"	0.01	0.25	0.74
"5179"	0.01	0.26	0.73
"5180"	0.01	0.27	0.72
"5181"	0.01	0.28	0.71
"5182"	0.01	0.29	0.7
"5183"	0.01	0.3	0.69
"5184"	0.01	0.31	0.68
"5185"	0.01	0.32	0.67
"5186"	0.01	0.33	0.66
"5187"	0.01	0.34	0.65
"5188"	0.01	0.35	0.64
"5189"	0.01	0.36	0.63
"5190"	0.01	0.37	0.62
"5191"	0.01	0.38	0.61
"5192"	0.01	0.39	0.6
"5193"	0.01	0.4	0.59
"5194"	0.01	0.41	0.58
"5195"	0.01	0.42	0.57
"5196"	0.01	0.43	0.56
"5197"	0.01	0.44	0.55
"5198"	0.01	0.45	0.54
"5199"	0.01	0.46	0.53
"5200"	0.01	0.47	0.52
"5201"	0.01	0.48	0.51
"5202"	0.01	0.49	0.5
"5203"	0.01	0.5	0.49
"5204"	0.01	0.51	0.48
"5205"	0.01	0.52	0.47
"5206"	0.01	0.53	0.46
"5207"	0.01	0.54	0.45
"5208"	0.01	0.55	0.44
"5209"	0.01	0.56	0.43
"5210"	0.01	0.57	0.42
"5211"	0.01	0.58	0.41
"5212"	0.01	0.59	0.4
"5213"	0.01	0.6	0.39
"5214"	0.01	0.61	0.38
"5215"	0.01	0.62	0.37
"5216"	0.01	0.63	0.36
"5217"	0.01	0.64	0.35
"5218"	0.01	0.65	0.34
"5219"	0.01	0.66	0.33
"5220"	0.01	0.67	0.32
"5221"	0.01	0.68	0.31
"5222"	0.01	0.69	0.3
"5223"	0.01	0.7	0.29
"5224"	0.01	0.71	0.28
"5225"	0.01	0.72	0.27
"5226"	0.01	0.73	0.26
"5227"	0.01	0.74	0.25
"5228"	0.01	0.75	0.24
"5229"	0.01	0.76	0.23
"5230"	0.01	0.77	0.22
"5231"	0.01	0.78	0.21
"5232"	0.01	0.79	0.2
"5233"	0.01	0.8	0.19
"5234"	0.01	0.81	0.18
"5235"	0.01	0.82	0.17
"5236"	0.01	0.83	0.16
"5237"	0.01	0.84	0.15
"5238"	0.01	0.85	0.14
"5239"	0.01	0.86	0.13
"5240"	0.01	0.87	0.12
"5241"	0.01	0.88	0.11
"5242"	0.01	0.89	0.1
"5243"	0.01	0.9	0.09
"5244"	0.01	0.91	0.08
"5245"	0.01	0.92	0.07
"5246"	0.01	0.93	0.06
"5247"	0.01	0.94	0.05
"5248"	0.01	0.95	0.04
"5249"	0.01	0.96	0.03
"5250"	0.01	0.97	0.02
"5251"	0.01	0.98	0.01
"5252"	0.01	0.99	0
"5253"	0.01	1	-0.01
"5254"	0.02	-0.02	1
"5255"	0.02	-0.01	0.99
"5256"	0.02	0	0.98
"5257"	0.02	0.01	0.97
"5258"	0.02	0.02	0.96
"5259"	0.02	0.03	0.95
"5260"	0.02	0.04	0.94
"5261"	0.02	0.05	0.93
"5262"	0.02	0.06	0.92
"5263"	0.02	0.07	0.91
"5264"	0.02	0.08	0.9
"5265"	0.02	0.09	0.89
"5266"	0.02	0.1	0.88
"5267"	0.02	0.11	0.87
"5268"	0.02	0.12	0.86
"5269"	0.02	0.13	0.85
"5270"	0.02	0.14	0.84
"5271"	0.02	0.15	0.83
"5272"	0.02	0.16	0.82
"5273"	0.02	0.17	0.81
"5274"	0.02	0.18	0.8
"5275"	0.02	0.19	0.79
"5276"	0.02	0.2	0.78
"5277"	0.02	0.21	0.77
"5278"	0.02	0.22	0.76
"5279"	0.02	0.23	0.75
"5280"	0.02	0.24	0.74
"5281"	0.02	0.25	0.73
"5282"	0.02	0.26	0.72
"5283"	0.02	0.27	0.71
"5284"	0.02	0.28	0.7
"5285"	0.02	0.29	0.69
"5286"	0.02	0.3	0.68
"5287"	0.02	0.31	0.67
"5288"	0.02	0.32	0.66
"5289"	0.02	0.33	0.65
"5290"	0.02	0.34	0.64
"5291"	0.02	0.35	0.63
"5292"	0.02	0.36	0.62
"5293"	0.02	0.37	0.61
"5294"	0.02	0.38	0.6
"5295"	0.02	0.39	0.59
"5296"	0.02	0.4	0.58
"5297"	0.02	0.41	0.57
"5298"	0.02	0.42	0.56
"5299"	0.02	0.43	0.55
"5300"	0.02	0.44	0.54
"5301"	0.02	0.45	0.53
"5302"	0.02	0.46	0.52
"5303"	0.02	0.47	0.51
"5304"	0.02	0.48	0.5
"5305"	0.02	0.49	0.49
"5306"	0.02	0.5	0.48
"5307"	0.02	0.51	0.47
"5308"	0.02	0.52	0.46
"5309"	0.02	0.53	0.45
"5310"	0.02	0.54	0.44
"5311"	0.02	0.55	0.43
"5312"	0.02	0.56	0.42
"5313"	0.02	0.57	0.41
"5314"	0.02	0.58	0.4
"5315"	0.02	0.59	0.39
"5316"	0.02	0.6	0.38
"5317"	0.02	0.61	0.37
"5318"	0.02	0.62	0.36
"5319"	0.02	0.63	0.35
"5320"	0.02	0.64	0.34
"5321"	0.02	0.65	0.33
"5322"	0.02	0.66	0.32
"5323"	0.02	0.67	0.31
"5324"	0.02	0.68	0.3
"5325"	0.02	0.69	0.29
"5326"	0.02	0.7	0.28
"5327"	0.02	0.71	0.27
"5328"	0.02	0.72	0.26
"5329"	0.02	0.73	0.25
"5330"	0.02	0.74	0.24
"5331"	0.02	0.75	0.23
"5332"	0.02	0.76	0.22
"5333"	0.02	0.77	0.21
"5334"	0.02	0.78	0.2
"5335"	0.02	0.79	0.19
"5336"	0.02	0.8	0.18
"5337"	0.02	0.81	0.17
"5338"	0.02	0.82	0.16
"5339"	0.02	0.83	0.15
"5340"	0.02	0.84	0.14
"5341"	0.02	0.85	0.13
"5342"	0.02	0.86	0.12
"5343"	0.02	0.87	0.11
"5344"	0.02	0.88	0.1
"5345"	0.02	0.89	0.09
"5346"	0.02	0.9	0.08
"5347"	0.02	0.91	0.07
"5348"	0.02	0.92	0.06
"5349"	0.02	0.93	0.05
"5350"	0.02	0.94	0.04
"5351"	0.02	0.95	0.03
"5352"	0.02	0.96	0.02
"5353"	0.02	0.97	0.01
"5354"	0.02	0.98	0
"5355"	0.02	0.99	-0.01
"5356"	0.02	1	-0.02
"5357"	0.03	-0.03	1
"5358"	0.03	-0.02	0.99
"5359"	0.03	-0.01	0.98
"5360"	0.03	0	0.97
"5361"	0.03	0.01	0.96
"5362"	0.03	0.02	0.95
"5363"	0.03	0.03	0.94
"5364"	0.03	0.04	0.93
"5365"	0.03	0.05	0.92
"5366"	0.03	0.06	0.91
"5367"	0.03	0.07	0.9
"5368"	0.03	0.08	0.89
"5369"	0.03	0.09	0.88
"5370"	0.03	0.1	0.87
"5371"	0.03	0.11	0.86
"5372"	0.03	0.12	0.85
"5373"	0.03	0.13	0.84
"5374"	0.03	0.14	0.83
"5375"	0.03	0.15	0.82
"5376"	0.03	0.16	0.81
"5377"	0.03	0.17	0.8
"5378"	0.03	0.18	0.79
"5379"	0.03	0.19	0.78
"5380"	0.03	0.2	0.77
"5381"	0.03	0.21	0.76
"5382"	0.03	0.22	0.75
"5383"	0.03	0.23	0.74
"5384"	0.03	0.24	0.73
"5385"	0.03	0.25	0.72
"5386"	0.03	0.26	0.71
"5387"	0.03	0.27	0.7
"5388"	0.03	0.28	0.69
"5389"	0.03	0.29	0.68
"5390"	0.03	0.3	0.67
"5391"	0.03	0.31	0.66
"5392"	0.03	0.32	0.65
"5393"	0.03	0.33	0.64
"5394"	0.03	0.34	0.63
"5395"	0.03	0.35	0.62
"5396"	0.03	0.36	0.61
"5397"	0.03	0.37	0.6
"5398"	0.03	0.38	0.59
"5399"	0.03	0.39	0.58
"5400"	0.03	0.4	0.57
"5401"	0.03	0.41	0.56
"5402"	0.03	0.42	0.55
"5403"	0.03	0.43	0.54
"5404"	0.03	0.44	0.53
"5405"	0.03	0.45	0.52
"5406"	0.03	0.46	0.51
"5407"	0.03	0.47	0.5
"5408"	0.03	0.48	0.49
"5409"	0.03	0.49	0.48
"5410"	0.03	0.5	0.47
"5411"	0.03	0.51	0.46
"5412"	0.03	0.52	0.45
"5413"	0.03	0.53	0.44
"5414"	0.03	0.54	0.43
"5415"	0.03	0.55	0.42
"5416"	0.03	0.56	0.41
"5417"	0.03	0.57	0.4
"5418"	0.03	0.58	0.39
"5419"	0.03	0.59	0.38
"5420"	0.03	0.6	0.37
"5421"	0.03	0.61	0.36
"5422"	0.03	0.62	0.35
"5423"	0.03	0.63	0.34
"5424"	0.03	0.64	0.33
"5425"	0.03	0.65	0.32
"5426"	0.03	0.66	0.31
"5427"	0.03	0.67	0.3
"5428"	0.03	0.68	0.29
"5429"	0.03	0.69	0.28
"5430"	0.03	0.7	0.27
"5431"	0.03	0.71	0.26
"5432"	0.03	0.72	0.25
"5433"	0.03	0.73	0.24
"5434"	0.03	0.74	0.23
"5435"	0.03	0.75	0.22
"5436"	0.03	0.76	0.21
"5437"	0.03	0.77	0.2
"5438"	0.03	0.78	0.19
"5439"	0.03	0.79	0.18
"5440"	0.03	0.8	0.17
"5441"	0.03	0.81	0.16
"5442"	0.03	0.82	0.15
"5443"	0.03	0.83	0.14
"5444"	0.03	0.84	0.13
"5445"	0.03	0.85	0.12
"5446"	0.03	0.86	0.11
"5447"	0.03	0.87	0.1
"5448"	0.03	0.88	0.09
"5449"	0.03	0.89	0.08
"5450"	0.03	0.9	0.07
"5451"	0.03	0.91	0.06
"5452"	0.03	0.92	0.05
"5453"	0.03	0.93	0.04
"5454"	0.03	0.94	0.03
"5455"	0.03	0.95	0.02
"5456"	0.03	0.96	0.01
"5457"	0.03	0.97	0
"5458"	0.03	0.98	-0.01
"5459"	0.03	0.99	-0.02
"5460"	0.03	1	-0.03
"5461"	0.04	-0.04	1
"5462"	0.04	-0.03	0.99
"5463"	0.04	-0.02	0.98
"5464"	0.04	-0.01	0.97
"5465"	0.04	0	0.96
"5466"	0.04	0.01	0.95
"5467"	0.04	0.02	0.94
"5468"	0.04	0.03	0.93
"5469"	0.04	0.04	0.92
"5470"	0.04	0.05	0.91
"5471"	0.04	0.06	0.9
"5472"	0.04	0.07	0.89
"5473"	0.04	0.08	0.88
"5474"	0.04	0.09	0.87
"5475"	0.04	0.1	0.86
"5476"	0.04	0.11	0.85
"5477"	0.04	0.12	0.84
"5478"	0.04	0.13	0.83
"5479"	0.04	0.14	0.82
"5480"	0.04	0.15	0.81
"5481"	0.04	0.16	0.8
"5482"	0.04	0.17	0.79
"5483"	0.04	0.18	0.78
"5484"	0.04	0.19	0.77
"5485"	0.04	0.2	0.76
"5486"	0.04	0.21	0.75
"5487"	0.04	0.22	0.74
"5488"	0.04	0.23	0.73
"5489"	0.04	0.24	0.72
"5490"	0.04	0.25	0.71
"5491"	0.04	0.26	0.7
"5492"	0.04	0.27	0.69
"5493"	0.04	0.28	0.68
"5494"	0.04	0.29	0.67
"5495"	0.04	0.3	0.66
"5496"	0.04	0.31	0.65
"5497"	0.04	0.32	0.64
"5498"	0.04	0.33	0.63
"5499"	0.04	0.34	0.62
"5500"	0.04	0.35	0.61
"5501"	0.04	0.36	0.6
"5502"	0.04	0.37	0.59
"5503"	0.04	0.38	0.58
"5504"	0.04	0.39	0.57
"5505"	0.04	0.4	0.56
"5506"	0.04	0.41	0.55
"5507"	0.04	0.42	0.54
"5508"	0.04	0.43	0.53
"5509"	0.04	0.44	0.52
"5510"	0.04	0.45	0.51
"5511"	0.04	0.46	0.5
"5512"	0.04	0.47	0.49
"5513"	0.04	0.48	0.48
"5514"	0.04	0.49	0.47
"5515"	0.04	0.5	0.46
"5516"	0.04	0.51	0.45
"5517"	0.04	0.52	0.44
"5518"	0.04	0.53	0.43
"5519"	0.04	0.54	0.42
"5520"	0.04	0.55	0.41
"5521"	0.04	0.56	0.4
"5522"	0.04	0.57	0.39
"5523"	0.04	0.58	0.38
"5524"	0.04	0.59	0.37
"5525"	0.04	0.6	0.36
"5526"	0.04	0.61	0.35
"5527"	0.04	0.62	0.34
"5528"	0.04	0.63	0.33
"5529"	0.04	0.64	0.32
"5530"	0.04	0.65	0.31
"5531"	0.04	0.66	0.3
"5532"	0.04	0.67	0.29
"5533"	0.04	0.68	0.28
"5534"	0.04	0.69	0.27
"5535"	0.04	0.7	0.26
"5536"	0.04	0.71	0.25
"5537"	0.04	0.72	0.24
"5538"	0.04	0.73	0.23
"5539"	0.04	0.74	0.22
"5540"	0.04	0.75	0.21
"5541"	0.04	0.76	0.2
"5542"	0.04	0.77	0.19
"5543"	0.04	0.78	0.18
"5544"	0.04	0.79	0.17
"5545"	0.04	0.8	0.16
"5546"	0.04	0.81	0.15
"5547"	0.04	0.82	0.14
"5548"	0.04	0.83	0.13
"5549"	0.04	0.84	0.12
"5550"	0.04	0.85	0.11
"5551"	0.04	0.86	0.1
"5552"	0.04	0.87	0.09
"5553"	0.04	0.88	0.08
"5554"	0.04	0.89	0.07
"5555"	0.04	0.9	0.06
"5556"	0.04	0.91	0.05
"5557"	0.04	0.92	0.04
"5558"	0.04	0.93	0.03
"5559"	0.04	0.94	0.02
"5560"	0.04	0.95	0.01
"5561"	0.04	0.96	0
"5562"	0.04	0.97	-0.01
"5563"	0.04	0.98	-0.02
"5564"	0.04	0.99	-0.03
"5565"	0.04	1	-0.04
"5566"	0.05	-0.05	1
"5567"	0.05	-0.04	0.99
"5568"	0.05	-0.03	0.98
"5569"	0.05	-0.02	0.97
"5570"	0.05	-0.01	0.96
"5571"	0.05	0	0.95
"5572"	0.05	0.01	0.94
"5573"	0.05	0.02	0.93
"5574"	0.05	0.03	0.92
"5575"	0.05	0.04	0.91
"5576"	0.05	0.05	0.9
"5577"	0.05	0.06	0.89
"5578"	0.05	0.07	0.88
"5579"	0.05	0.08	0.87
"5580"	0.05	0.09	0.86
"5581"	0.05	0.1	0.85
"5582"	0.05	0.11	0.84
"5583"	0.05	0.12	0.83
"5584"	0.05	0.13	0.82
"5585"	0.05	0.14	0.81
"5586"	0.05	0.15	0.8
"5587"	0.05	0.16	0.79
"5588"	0.05	0.17	0.78
"5589"	0.05	0.18	0.77
"5590"	0.05	0.19	0.76
"5591"	0.05	0.2	0.75
"5592"	0.05	0.21	0.74
"5593"	0.05	0.22	0.73
"5594"	0.05	0.23	0.72
"5595"	0.05	0.24	0.71
"5596"	0.05	0.25	0.7
"5597"	0.05	0.26	0.69
"5598"	0.05	0.27	0.68
"5599"	0.05	0.28	0.67
"5600"	0.05	0.29	0.66
"5601"	0.05	0.3	0.65
"5602"	0.05	0.31	0.64
"5603"	0.05	0.32	0.63
"5604"	0.05	0.33	0.62
"5605"	0.05	0.34	0.61
"5606"	0.05	0.35	0.6
"5607"	0.05	0.36	0.59
"5608"	0.05	0.37	0.58
"5609"	0.05	0.38	0.57
"5610"	0.05	0.39	0.56
"5611"	0.05	0.4	0.55
"5612"	0.05	0.41	0.54
"5613"	0.05	0.42	0.53
"5614"	0.05	0.43	0.52
"5615"	0.05	0.44	0.51
"5616"	0.05	0.45	0.5
"5617"	0.05	0.46	0.49
"5618"	0.05	0.47	0.48
"5619"	0.05	0.48	0.47
"5620"	0.05	0.49	0.46
"5621"	0.05	0.5	0.45
"5622"	0.05	0.51	0.44
"5623"	0.05	0.52	0.43
"5624"	0.05	0.53	0.42
"5625"	0.05	0.54	0.41
"5626"	0.05	0.55	0.4
"5627"	0.05	0.56	0.39
"5628"	0.05	0.57	0.38
"5629"	0.05	0.58	0.37
"5630"	0.05	0.59	0.36
"5631"	0.05	0.6	0.35
"5632"	0.05	0.61	0.34
"5633"	0.05	0.62	0.33
"5634"	0.05	0.63	0.32
"5635"	0.05	0.64	0.31
"5636"	0.05	0.65	0.3
"5637"	0.05	0.66	0.29
"5638"	0.05	0.67	0.28
"5639"	0.05	0.68	0.27
"5640"	0.05	0.69	0.26
"5641"	0.05	0.7	0.25
"5642"	0.05	0.71	0.24
"5643"	0.05	0.72	0.23
"5644"	0.05	0.73	0.22
"5645"	0.05	0.74	0.21
"5646"	0.05	0.75	0.2
"5647"	0.05	0.76	0.19
"5648"	0.05	0.77	0.18
"5649"	0.05	0.78	0.17
"5650"	0.05	0.79	0.16
"5651"	0.05	0.8	0.15
"5652"	0.05	0.81	0.14
"5653"	0.05	0.82	0.13
"5654"	0.05	0.83	0.12
"5655"	0.05	0.84	0.11
"5656"	0.05	0.85	0.1
"5657"	0.05	0.86	0.09
"5658"	0.05	0.87	0.08
"5659"	0.05	0.88	0.07
"5660"	0.05	0.89	0.06
"5661"	0.05	0.9	0.05
"5662"	0.05	0.91	0.04
"5663"	0.05	0.92	0.03
"5664"	0.05	0.93	0.02
"5665"	0.05	0.94	0.01
"5666"	0.05	0.95	0
"5667"	0.05	0.96	-0.01
"5668"	0.05	0.97	-0.02
"5669"	0.05	0.98	-0.03
"5670"	0.05	0.99	-0.04
"5671"	0.05	1	-0.05
"5672"	0.06	-0.06	1
"5673"	0.06	-0.05	0.99
"5674"	0.06	-0.04	0.98
"5675"	0.06	-0.03	0.97
"5676"	0.06	-0.02	0.96
"5677"	0.06	-0.01	0.95
"5678"	0.06	0	0.94
"5679"	0.06	0.01	0.93
"5680"	0.06	0.02	0.92
"5681"	0.06	0.03	0.91
"5682"	0.06	0.04	0.9
"5683"	0.06	0.05	0.89
"5684"	0.06	0.06	0.88
"5685"	0.06	0.07	0.87
"5686"	0.06	0.08	0.86
"5687"	0.06	0.09	0.85
"5688"	0.06	0.1	0.84
"5689"	0.06	0.11	0.83
"5690"	0.06	0.12	0.82
"5691"	0.06	0.13	0.81
"5692"	0.06	0.14	0.8
"5693"	0.06	0.15	0.79
"5694"	0.06	0.16	0.78
"5695"	0.06	0.17	0.77
"5696"	0.06	0.18	0.76
"5697"	0.06	0.19	0.75
"5698"	0.06	0.2	0.74
"5699"	0.06	0.21	0.73
"5700"	0.06	0.22	0.72
"5701"	0.06	0.23	0.71
"5702"	0.06	0.24	0.7
"5703"	0.06	0.25	0.69
"5704"	0.06	0.26	0.68
"5705"	0.06	0.27	0.67
"5706"	0.06	0.28	0.66
"5707"	0.06	0.29	0.65
"5708"	0.06	0.3	0.64
"5709"	0.06	0.31	0.63
"5710"	0.06	0.32	0.62
"5711"	0.06	0.33	0.61
"5712"	0.06	0.34	0.6
"5713"	0.06	0.35	0.59
"5714"	0.06	0.36	0.58
"5715"	0.06	0.37	0.57
"5716"	0.06	0.38	0.56
"5717"	0.06	0.39	0.55
"5718"	0.06	0.4	0.54
"5719"	0.06	0.41	0.53
"5720"	0.06	0.42	0.52
"5721"	0.06	0.43	0.51
"5722"	0.06	0.44	0.5
"5723"	0.06	0.45	0.49
"5724"	0.06	0.46	0.48
"5725"	0.06	0.47	0.47
"5726"	0.06	0.48	0.46
"5727"	0.06	0.49	0.45
"5728"	0.06	0.5	0.44
"5729"	0.06	0.51	0.43
"5730"	0.06	0.52	0.42
"5731"	0.06	0.53	0.41
"5732"	0.06	0.54	0.4
"5733"	0.06	0.55	0.39
"5734"	0.06	0.56	0.38
"5735"	0.06	0.57	0.37
"5736"	0.06	0.58	0.36
"5737"	0.06	0.59	0.35
"5738"	0.06	0.6	0.34
"5739"	0.06	0.61	0.33
"5740"	0.06	0.62	0.32
"5741"	0.06	0.63	0.31
"5742"	0.06	0.64	0.3
"5743"	0.06	0.65	0.29
"5744"	0.06	0.66	0.28
"5745"	0.06	0.67	0.27
"5746"	0.06	0.68	0.26
"5747"	0.06	0.69	0.25
"5748"	0.06	0.7	0.24
"5749"	0.06	0.71	0.23
"5750"	0.06	0.72	0.22
"5751"	0.06	0.73	0.21
"5752"	0.06	0.74	0.2
"5753"	0.06	0.75	0.19
"5754"	0.06	0.76	0.18
"5755"	0.06	0.77	0.17
"5756"	0.06	0.78	0.16
"5757"	0.06	0.79	0.15
"5758"	0.06	0.8	0.14
"5759"	0.06	0.81	0.13
"5760"	0.06	0.82	0.12
"5761"	0.06	0.83	0.11
"5762"	0.06	0.84	0.1
"5763"	0.06	0.85	0.09
"5764"	0.06	0.86	0.08
"5765"	0.06	0.87	0.07
"5766"	0.06	0.88	0.06
"5767"	0.06	0.89	0.05
"5768"	0.06	0.9	0.04
"5769"	0.06	0.91	0.03
"5770"	0.06	0.92	0.02
"5771"	0.06	0.93	0.01
"5772"	0.06	0.94	0
"5773"	0.06	0.95	-0.01
"5774"	0.06	0.96	-0.02
"5775"	0.06	0.97	-0.03
"5776"	0.06	0.98	-0.04
"5777"	0.06	0.99	-0.05
"5778"	0.06	1	-0.06
"5779"	0.07	-0.07	1
"5780"	0.07	-0.06	0.99
"5781"	0.07	-0.05	0.98
"5782"	0.07	-0.04	0.97
"5783"	0.07	-0.03	0.96
"5784"	0.07	-0.02	0.95
"5785"	0.07	-0.01	0.94
"5786"	0.07	0	0.93
"5787"	0.07	0.01	0.92
"5788"	0.07	0.02	0.91
"5789"	0.07	0.03	0.9
"5790"	0.07	0.04	0.89
"5791"	0.07	0.05	0.88
"5792"	0.07	0.06	0.87
"5793"	0.07	0.07	0.86
"5794"	0.07	0.08	0.85
"5795"	0.07	0.09	0.84
"5796"	0.07	0.1	0.83
"5797"	0.07	0.11	0.82
"5798"	0.07	0.12	0.81
"5799"	0.07	0.13	0.8
"5800"	0.07	0.14	0.79
"5801"	0.07	0.15	0.78
"5802"	0.07	0.16	0.77
"5803"	0.07	0.17	0.76
"5804"	0.07	0.18	0.75
"5805"	0.07	0.19	0.74
"5806"	0.07	0.2	0.73
"5807"	0.07	0.21	0.72
"5808"	0.07	0.22	0.71
"5809"	0.07	0.23	0.7
"5810"	0.07	0.24	0.69
"5811"	0.07	0.25	0.68
"5812"	0.07	0.26	0.67
"5813"	0.07	0.27	0.66
"5814"	0.07	0.28	0.65
"5815"	0.07	0.29	0.64
"5816"	0.07	0.3	0.63
"5817"	0.07	0.31	0.62
"5818"	0.07	0.32	0.61
"5819"	0.07	0.33	0.6
"5820"	0.07	0.34	0.59
"5821"	0.07	0.35	0.58
"5822"	0.07	0.36	0.57
"5823"	0.07	0.37	0.56
"5824"	0.07	0.38	0.55
"5825"	0.07	0.39	0.54
"5826"	0.07	0.4	0.53
"5827"	0.07	0.41	0.52
"5828"	0.07	0.42	0.51
"5829"	0.07	0.43	0.5
"5830"	0.07	0.44	0.49
"5831"	0.07	0.45	0.48
"5832"	0.07	0.46	0.47
"5833"	0.07	0.47	0.46
"5834"	0.07	0.48	0.45
"5835"	0.07	0.49	0.44
"5836"	0.07	0.5	0.43
"5837"	0.07	0.51	0.42
"5838"	0.07	0.52	0.41
"5839"	0.07	0.53	0.4
"5840"	0.07	0.54	0.39
"5841"	0.07	0.55	0.38
"5842"	0.07	0.56	0.37
"5843"	0.07	0.57	0.36
"5844"	0.07	0.58	0.35
"5845"	0.07	0.59	0.34
"5846"	0.07	0.6	0.33
"5847"	0.07	0.61	0.32
"5848"	0.07	0.62	0.31
"5849"	0.07	0.63	0.3
"5850"	0.07	0.64	0.29
"5851"	0.07	0.65	0.28
"5852"	0.07	0.66	0.27
"5853"	0.07	0.67	0.26
"5854"	0.07	0.68	0.25
"5855"	0.07	0.69	0.24
"5856"	0.07	0.7	0.23
"5857"	0.07	0.71	0.22
"5858"	0.07	0.72	0.21
"5859"	0.07	0.73	0.2
"5860"	0.07	0.74	0.19
"5861"	0.07	0.75	0.18
"5862"	0.07	0.76	0.17
"5863"	0.07	0.77	0.16
"5864"	0.07	0.78	0.15
"5865"	0.07	0.79	0.14
"5866"	0.07	0.8	0.13
"5867"	0.07	0.81	0.12
"5868"	0.07	0.82	0.11
"5869"	0.07	0.83	0.1
"5870"	0.07	0.84	0.09
"5871"	0.07	0.85	0.08
"5872"	0.07	0.86	0.07
"5873"	0.07	0.87	0.06
"5874"	0.07	0.88	0.05
"5875"	0.07	0.89	0.04
"5876"	0.07	0.9	0.03
"5877"	0.07	0.91	0.02
"5878"	0.07	0.92	0.01
"5879"	0.07	0.93	0
"5880"	0.07	0.94	-0.01
"5881"	0.07	0.95	-0.02
"5882"	0.07	0.96	-0.03
"5883"	0.07	0.97	-0.04
"5884"	0.07	0.98	-0.05
"5885"	0.07	0.99	-0.06
"5886"	0.07	1	-0.07
"5887"	0.08	-0.08	1
"5888"	0.08	-0.07	0.99
"5889"	0.08	-0.06	0.98
"5890"	0.08	-0.05	0.97
"5891"	0.08	-0.04	0.96
"5892"	0.08	-0.03	0.95
"5893"	0.08	-0.02	0.94
"5894"	0.08	-0.01	0.93
"5895"	0.08	0	0.92
"5896"	0.08	0.01	0.91
"5897"	0.08	0.02	0.9
"5898"	0.08	0.03	0.89
"5899"	0.08	0.04	0.88
"5900"	0.08	0.05	0.87
"5901"	0.08	0.06	0.86
"5902"	0.08	0.07	0.85
"5903"	0.08	0.08	0.84
"5904"	0.08	0.09	0.83
"5905"	0.08	0.1	0.82
"5906"	0.08	0.11	0.81
"5907"	0.08	0.12	0.8
"5908"	0.08	0.13	0.79
"5909"	0.08	0.14	0.78
"5910"	0.08	0.15	0.77
"5911"	0.08	0.16	0.76
"5912"	0.08	0.17	0.75
"5913"	0.08	0.18	0.74
"5914"	0.08	0.19	0.73
"5915"	0.08	0.2	0.72
"5916"	0.08	0.21	0.71
"5917"	0.08	0.22	0.7
"5918"	0.08	0.23	0.69
"5919"	0.08	0.24	0.68
"5920"	0.08	0.25	0.67
"5921"	0.08	0.26	0.66
"5922"	0.08	0.27	0.65
"5923"	0.08	0.28	0.64
"5924"	0.08	0.29	0.63
"5925"	0.08	0.3	0.62
"5926"	0.08	0.31	0.61
"5927"	0.08	0.32	0.6
"5928"	0.08	0.33	0.59
"5929"	0.08	0.34	0.58
"5930"	0.08	0.35	0.57
"5931"	0.08	0.36	0.56
"5932"	0.08	0.37	0.55
"5933"	0.08	0.38	0.54
"5934"	0.08	0.39	0.53
"5935"	0.08	0.4	0.52
"5936"	0.08	0.41	0.51
"5937"	0.08	0.42	0.5
"5938"	0.08	0.43	0.49
"5939"	0.08	0.44	0.48
"5940"	0.08	0.45	0.47
"5941"	0.08	0.46	0.46
"5942"	0.08	0.47	0.45
"5943"	0.08	0.48	0.44
"5944"	0.08	0.49	0.43
"5945"	0.08	0.5	0.42
"5946"	0.08	0.51	0.41
"5947"	0.08	0.52	0.4
"5948"	0.08	0.53	0.39
"5949"	0.08	0.54	0.38
"5950"	0.08	0.55	0.37
"5951"	0.08	0.56	0.36
"5952"	0.08	0.57	0.35
"5953"	0.08	0.58	0.34
"5954"	0.08	0.59	0.33
"5955"	0.08	0.6	0.32
"5956"	0.08	0.61	0.31
"5957"	0.08	0.62	0.3
"5958"	0.08	0.63	0.29
"5959"	0.08	0.64	0.28
"5960"	0.08	0.65	0.27
"5961"	0.08	0.66	0.26
"5962"	0.08	0.67	0.25
"5963"	0.08	0.68	0.24
"5964"	0.08	0.69	0.23
"5965"	0.08	0.7	0.22
"5966"	0.08	0.71	0.21
"5967"	0.08	0.72	0.2
"5968"	0.08	0.73	0.19
"5969"	0.08	0.74	0.18
"5970"	0.08	0.75	0.17
"5971"	0.08	0.76	0.16
"5972"	0.08	0.77	0.15
"5973"	0.08	0.78	0.14
"5974"	0.08	0.79	0.13
"5975"	0.08	0.8	0.12
"5976"	0.08	0.81	0.11
"5977"	0.08	0.82	0.1
"5978"	0.08	0.83	0.09
"5979"	0.08	0.84	0.08
"5980"	0.08	0.85	0.07
"5981"	0.08	0.86	0.06
"5982"	0.08	0.87	0.05
"5983"	0.08	0.88	0.04
"5984"	0.08	0.89	0.03
"5985"	0.08	0.9	0.02
"5986"	0.08	0.91	0.01
"5987"	0.08	0.92	0
"5988"	0.08	0.93	-0.01
"5989"	0.08	0.94	-0.02
"5990"	0.08	0.95	-0.03
"5991"	0.08	0.96	-0.04
"5992"	0.08	0.97	-0.05
"5993"	0.08	0.98	-0.06
"5994"	0.08	0.99	-0.07
"5995"	0.08	1	-0.08
"5996"	0.09	-0.09	1
"5997"	0.09	-0.08	0.99
"5998"	0.09	-0.07	0.98
"5999"	0.09	-0.06	0.97
"6000"	0.09	-0.05	0.96
"6001"	0.09	-0.04	0.95
"6002"	0.09	-0.03	0.94
"6003"	0.09	-0.02	0.93
"6004"	0.09	-0.01	0.92
"6005"	0.09	0	0.91
"6006"	0.09	0.01	0.9
"6007"	0.09	0.02	0.89
"6008"	0.09	0.03	0.88
"6009"	0.09	0.04	0.87
"6010"	0.09	0.05	0.86
"6011"	0.09	0.06	0.85
"6012"	0.09	0.07	0.84
"6013"	0.09	0.08	0.83
"6014"	0.09	0.09	0.82
"6015"	0.09	0.1	0.81
"6016"	0.09	0.11	0.8
"6017"	0.09	0.12	0.79
"6018"	0.09	0.13	0.78
"6019"	0.09	0.14	0.77
"6020"	0.09	0.15	0.76
"6021"	0.09	0.16	0.75
"6022"	0.09	0.17	0.74
"6023"	0.09	0.18	0.73
"6024"	0.09	0.19	0.72
"6025"	0.09	0.2	0.71
"6026"	0.09	0.21	0.7
"6027"	0.09	0.22	0.69
"6028"	0.09	0.23	0.68
"6029"	0.09	0.24	0.67
"6030"	0.09	0.25	0.66
"6031"	0.09	0.26	0.65
"6032"	0.09	0.27	0.64
"6033"	0.09	0.28	0.63
"6034"	0.09	0.29	0.62
"6035"	0.09	0.3	0.61
"6036"	0.09	0.31	0.6
"6037"	0.09	0.32	0.59
"6038"	0.09	0.33	0.58
"6039"	0.09	0.34	0.57
"6040"	0.09	0.35	0.56
"6041"	0.09	0.36	0.55
"6042"	0.09	0.37	0.54
"6043"	0.09	0.38	0.53
"6044"	0.09	0.39	0.52
"6045"	0.09	0.4	0.51
"6046"	0.09	0.41	0.5
"6047"	0.09	0.42	0.49
"6048"	0.09	0.43	0.48
"6049"	0.09	0.44	0.47
"6050"	0.09	0.45	0.46
"6051"	0.09	0.46	0.45
"6052"	0.09	0.47	0.44
"6053"	0.09	0.48	0.43
"6054"	0.09	0.49	0.42
"6055"	0.09	0.5	0.41
"6056"	0.09	0.51	0.4
"6057"	0.09	0.52	0.39
"6058"	0.09	0.53	0.38
"6059"	0.09	0.54	0.37
"6060"	0.09	0.55	0.36
"6061"	0.09	0.56	0.35
"6062"	0.09	0.57	0.34
"6063"	0.09	0.58	0.33
"6064"	0.09	0.59	0.32
"6065"	0.09	0.6	0.31
"6066"	0.09	0.61	0.3
"6067"	0.09	0.62	0.29
"6068"	0.09	0.63	0.28
"6069"	0.09	0.64	0.27
"6070"	0.09	0.65	0.26
"6071"	0.09	0.66	0.25
"6072"	0.09	0.67	0.24
"6073"	0.09	0.68	0.23
"6074"	0.09	0.69	0.22
"6075"	0.09	0.7	0.21
"6076"	0.09	0.71	0.2
"6077"	0.09	0.72	0.19
"6078"	0.09	0.73	0.18
"6079"	0.09	0.74	0.17
"6080"	0.09	0.75	0.16
"6081"	0.09	0.76	0.15
"6082"	0.09	0.77	0.14
"6083"	0.09	0.78	0.13
"6084"	0.09	0.79	0.12
"6085"	0.09	0.8	0.11
"6086"	0.09	0.81	0.1
"6087"	0.09	0.82	0.09
"6088"	0.09	0.83	0.08
"6089"	0.09	0.84	0.07
"6090"	0.09	0.85	0.06
"6091"	0.09	0.86	0.05
"6092"	0.09	0.87	0.04
"6093"	0.09	0.88	0.03
"6094"	0.09	0.89	0.02
"6095"	0.09	0.9	0.01
"6096"	0.09	0.91	0
"6097"	0.09	0.92	-0.01
"6098"	0.09	0.93	-0.02
"6099"	0.09	0.94	-0.03
"6100"	0.09	0.95	-0.04
"6101"	0.09	0.96	-0.05
"6102"	0.09	0.97	-0.06
"6103"	0.09	0.98	-0.07
"6104"	0.09	0.99	-0.08
"6105"	0.09	1	-0.09
"6106"	0.1	-0.1	1
"6107"	0.1	-0.09	0.99
"6108"	0.1	-0.08	0.98
"6109"	0.1	-0.07	0.97
"6110"	0.1	-0.06	0.96
"6111"	0.1	-0.05	0.95
"6112"	0.1	-0.04	0.94
"6113"	0.1	-0.03	0.93
"6114"	0.1	-0.02	0.92
"6115"	0.1	-0.01	0.91
"6116"	0.1	0	0.9
"6117"	0.1	0.01	0.89
"6118"	0.1	0.02	0.88
"6119"	0.1	0.03	0.87
"6120"	0.1	0.04	0.86
"6121"	0.1	0.05	0.85
"6122"	0.1	0.06	0.84
"6123"	0.1	0.07	0.83
"6124"	0.1	0.08	0.82
"6125"	0.1	0.09	0.81
"6126"	0.1	0.1	0.8
"6127"	0.1	0.11	0.79
"6128"	0.1	0.12	0.78
"6129"	0.1	0.13	0.77
"6130"	0.1	0.14	0.76
"6131"	0.1	0.15	0.75
"6132"	0.1	0.16	0.74
"6133"	0.1	0.17	0.73
"6134"	0.1	0.18	0.72
"6135"	0.1	0.19	0.71
"6136"	0.1	0.2	0.7
"6137"	0.1	0.21	0.69
"6138"	0.1	0.22	0.68
"6139"	0.1	0.23	0.67
"6140"	0.1	0.24	0.66
"6141"	0.1	0.25	0.65
"6142"	0.1	0.26	0.64
"6143"	0.1	0.27	0.63
"6144"	0.1	0.28	0.62
"6145"	0.1	0.29	0.61
"6146"	0.1	0.3	0.6
"6147"	0.1	0.31	0.59
"6148"	0.1	0.32	0.58
"6149"	0.1	0.33	0.57
"6150"	0.1	0.34	0.56
"6151"	0.1	0.35	0.55
"6152"	0.1	0.36	0.54
"6153"	0.1	0.37	0.53
"6154"	0.1	0.38	0.52
"6155"	0.1	0.39	0.51
"6156"	0.1	0.4	0.5
"6157"	0.1	0.41	0.49
"6158"	0.1	0.42	0.48
"6159"	0.1	0.43	0.47
"6160"	0.1	0.44	0.46
"6161"	0.1	0.45	0.45
"6162"	0.1	0.46	0.44
"6163"	0.1	0.47	0.43
"6164"	0.1	0.48	0.42
"6165"	0.1	0.49	0.41
"6166"	0.1	0.5	0.4
"6167"	0.1	0.51	0.39
"6168"	0.1	0.52	0.38
"6169"	0.1	0.53	0.37
"6170"	0.1	0.54	0.36
"6171"	0.1	0.55	0.35
"6172"	0.1	0.56	0.34
"6173"	0.1	0.57	0.33
"6174"	0.1	0.58	0.32
"6175"	0.1	0.59	0.31
"6176"	0.1	0.6	0.3
"6177"	0.1	0.61	0.29
"6178"	0.1	0.62	0.28
"6179"	0.1	0.63	0.27
"6180"	0.1	0.64	0.26
"6181"	0.1	0.65	0.25
"6182"	0.1	0.66	0.24
"6183"	0.1	0.67	0.23
"6184"	0.1	0.68	0.22
"6185"	0.1	0.69	0.21
"6186"	0.1	0.7	0.2
"6187"	0.1	0.71	0.19
"6188"	0.1	0.72	0.18
"6189"	0.1	0.73	0.17
"6190"	0.1	0.74	0.16
"6191"	0.1	0.75	0.15
"6192"	0.1	0.76	0.14
"6193"	0.1	0.77	0.13
"6194"	0.1	0.78	0.12
"6195"	0.1	0.79	0.11
"6196"	0.1	0.8	0.1
"6197"	0.1	0.81	0.09
"6198"	0.1	0.82	0.08
"6199"	0.1	0.83	0.07
"6200"	0.1	0.84	0.06
"6201"	0.1	0.85	0.05
"6202"	0.1	0.86	0.04
"6203"	0.1	0.87	0.03
"6204"	0.1	0.88	0.02
"6205"	0.1	0.89	0.01
"6206"	0.1	0.9	0
"6207"	0.1	0.91	-0.01
"6208"	0.1	0.92	-0.02
"6209"	0.1	0.93	-0.03
"6210"	0.1	0.94	-0.04
"6211"	0.1	0.95	-0.05
"6212"	0.1	0.96	-0.06
"6213"	0.1	0.97	-0.07
"6214"	0.1	0.98	-0.08
"6215"	0.1	0.99	-0.09
"6216"	0.1	1	-0.1
"6217"	0.11	-0.11	1
"6218"	0.11	-0.1	0.99
"6219"	0.11	-0.09	0.98
"6220"	0.11	-0.08	0.97
"6221"	0.11	-0.07	0.96
"6222"	0.11	-0.06	0.95
"6223"	0.11	-0.05	0.94
"6224"	0.11	-0.04	0.93
"6225"	0.11	-0.03	0.92
"6226"	0.11	-0.02	0.91
"6227"	0.11	-0.01	0.9
"6228"	0.11	0	0.89
"6229"	0.11	0.01	0.88
"6230"	0.11	0.02	0.87
"6231"	0.11	0.03	0.86
"6232"	0.11	0.04	0.85
"6233"	0.11	0.05	0.84
"6234"	0.11	0.06	0.83
"6235"	0.11	0.07	0.82
"6236"	0.11	0.08	0.81
"6237"	0.11	0.09	0.8
"6238"	0.11	0.1	0.79
"6239"	0.11	0.11	0.78
"6240"	0.11	0.12	0.77
"6241"	0.11	0.13	0.76
"6242"	0.11	0.14	0.75
"6243"	0.11	0.15	0.74
"6244"	0.11	0.16	0.73
"6245"	0.11	0.17	0.72
"6246"	0.11	0.18	0.71
"6247"	0.11	0.19	0.7
"6248"	0.11	0.2	0.69
"6249"	0.11	0.21	0.68
"6250"	0.11	0.22	0.67
"6251"	0.11	0.23	0.66
"6252"	0.11	0.24	0.65
"6253"	0.11	0.25	0.64
"6254"	0.11	0.26	0.63
"6255"	0.11	0.27	0.62
"6256"	0.11	0.28	0.61
"6257"	0.11	0.29	0.6
"6258"	0.11	0.3	0.59
"6259"	0.11	0.31	0.58
"6260"	0.11	0.32	0.57
"6261"	0.11	0.33	0.56
"6262"	0.11	0.34	0.55
"6263"	0.11	0.35	0.54
"6264"	0.11	0.36	0.53
"6265"	0.11	0.37	0.52
"6266"	0.11	0.38	0.51
"6267"	0.11	0.39	0.5
"6268"	0.11	0.4	0.49
"6269"	0.11	0.41	0.48
"6270"	0.11	0.42	0.47
"6271"	0.11	0.43	0.46
"6272"	0.11	0.44	0.45
"6273"	0.11	0.45	0.44
"6274"	0.11	0.46	0.43
"6275"	0.11	0.47	0.42
"6276"	0.11	0.48	0.41
"6277"	0.11	0.49	0.4
"6278"	0.11	0.5	0.39
"6279"	0.11	0.51	0.38
"6280"	0.11	0.52	0.37
"6281"	0.11	0.53	0.36
"6282"	0.11	0.54	0.35
"6283"	0.11	0.55	0.34
"6284"	0.11	0.56	0.33
"6285"	0.11	0.57	0.32
"6286"	0.11	0.58	0.31
"6287"	0.11	0.59	0.3
"6288"	0.11	0.6	0.29
"6289"	0.11	0.61	0.28
"6290"	0.11	0.62	0.27
"6291"	0.11	0.63	0.26
"6292"	0.11	0.64	0.25
"6293"	0.11	0.65	0.24
"6294"	0.11	0.66	0.23
"6295"	0.11	0.67	0.22
"6296"	0.11	0.68	0.21
"6297"	0.11	0.69	0.2
"6298"	0.11	0.7	0.19
"6299"	0.11	0.71	0.18
"6300"	0.11	0.72	0.17
"6301"	0.11	0.73	0.16
"6302"	0.11	0.74	0.15
"6303"	0.11	0.75	0.14
"6304"	0.11	0.76	0.13
"6305"	0.11	0.77	0.12
"6306"	0.11	0.78	0.11
"6307"	0.11	0.79	0.1
"6308"	0.11	0.8	0.09
"6309"	0.11	0.81	0.08
"6310"	0.11	0.82	0.07
"6311"	0.11	0.83	0.06
"6312"	0.11	0.84	0.05
"6313"	0.11	0.85	0.04
"6314"	0.11	0.86	0.03
"6315"	0.11	0.87	0.02
"6316"	0.11	0.88	0.01
"6317"	0.11	0.89	0
"6318"	0.11	0.9	-0.01
"6319"	0.11	0.91	-0.02
"6320"	0.11	0.92	-0.03
"6321"	0.11	0.93	-0.04
"6322"	0.11	0.94	-0.05
"6323"	0.11	0.95	-0.06
"6324"	0.11	0.96	-0.07
"6325"	0.11	0.97	-0.08
"6326"	0.11	0.98	-0.09
"6327"	0.11	0.99	-0.1
"6328"	0.11	1	-0.11
"6329"	0.12	-0.12	1
"6330"	0.12	-0.11	0.99
"6331"	0.12	-0.1	0.98
"6332"	0.12	-0.09	0.97
"6333"	0.12	-0.08	0.96
"6334"	0.12	-0.07	0.95
"6335"	0.12	-0.06	0.94
"6336"	0.12	-0.05	0.93
"6337"	0.12	-0.04	0.92
"6338"	0.12	-0.03	0.91
"6339"	0.12	-0.02	0.9
"6340"	0.12	-0.01	0.89
"6341"	0.12	0	0.88
"6342"	0.12	0.01	0.87
"6343"	0.12	0.02	0.86
"6344"	0.12	0.03	0.85
"6345"	0.12	0.04	0.84
"6346"	0.12	0.05	0.83
"6347"	0.12	0.06	0.82
"6348"	0.12	0.07	0.81
"6349"	0.12	0.08	0.8
"6350"	0.12	0.09	0.79
"6351"	0.12	0.1	0.78
"6352"	0.12	0.11	0.77
"6353"	0.12	0.12	0.76
"6354"	0.12	0.13	0.75
"6355"	0.12	0.14	0.74
"6356"	0.12	0.15	0.73
"6357"	0.12	0.16	0.72
"6358"	0.12	0.17	0.71
"6359"	0.12	0.18	0.7
"6360"	0.12	0.19	0.69
"6361"	0.12	0.2	0.68
"6362"	0.12	0.21	0.67
"6363"	0.12	0.22	0.66
"6364"	0.12	0.23	0.65
"6365"	0.12	0.24	0.64
"6366"	0.12	0.25	0.63
"6367"	0.12	0.26	0.62
"6368"	0.12	0.27	0.61
"6369"	0.12	0.28	0.6
"6370"	0.12	0.29	0.59
"6371"	0.12	0.3	0.58
"6372"	0.12	0.31	0.57
"6373"	0.12	0.32	0.56
"6374"	0.12	0.33	0.55
"6375"	0.12	0.34	0.54
"6376"	0.12	0.35	0.53
"6377"	0.12	0.36	0.52
"6378"	0.12	0.37	0.51
"6379"	0.12	0.38	0.5
"6380"	0.12	0.39	0.49
"6381"	0.12	0.4	0.48
"6382"	0.12	0.41	0.47
"6383"	0.12	0.42	0.46
"6384"	0.12	0.43	0.45
"6385"	0.12	0.44	0.44
"6386"	0.12	0.45	0.43
"6387"	0.12	0.46	0.42
"6388"	0.12	0.47	0.41
"6389"	0.12	0.48	0.4
"6390"	0.12	0.49	0.39
"6391"	0.12	0.5	0.38
"6392"	0.12	0.51	0.37
"6393"	0.12	0.52	0.36
"6394"	0.12	0.53	0.35
"6395"	0.12	0.54	0.34
"6396"	0.12	0.55	0.33
"6397"	0.12	0.56	0.32
"6398"	0.12	0.57	0.31
"6399"	0.12	0.58	0.3
"6400"	0.12	0.59	0.29
"6401"	0.12	0.6	0.28
"6402"	0.12	0.61	0.27
"6403"	0.12	0.62	0.26
"6404"	0.12	0.63	0.25
"6405"	0.12	0.64	0.24
"6406"	0.12	0.65	0.23
"6407"	0.12	0.66	0.22
"6408"	0.12	0.67	0.21
"6409"	0.12	0.68	0.2
"6410"	0.12	0.69	0.19
"6411"	0.12	0.7	0.18
"6412"	0.12	0.71	0.17
"6413"	0.12	0.72	0.16
"6414"	0.12	0.73	0.15
"6415"	0.12	0.74	0.14
"6416"	0.12	0.75	0.13
"6417"	0.12	0.76	0.12
"6418"	0.12	0.77	0.11
"6419"	0.12	0.78	0.1
"6420"	0.12	0.79	0.09
"6421"	0.12	0.8	0.08
"6422"	0.12	0.81	0.07
"6423"	0.12	0.82	0.06
"6424"	0.12	0.83	0.05
"6425"	0.12	0.84	0.04
"6426"	0.12	0.85	0.03
"6427"	0.12	0.86	0.02
"6428"	0.12	0.87	0.01
"6429"	0.12	0.88	0
"6430"	0.12	0.89	-0.01
"6431"	0.12	0.9	-0.02
"6432"	0.12	0.91	-0.03
"6433"	0.12	0.92	-0.04
"6434"	0.12	0.93	-0.05
"6435"	0.12	0.94	-0.06
"6436"	0.12	0.95	-0.07
"6437"	0.12	0.96	-0.08
"6438"	0.12	0.97	-0.09
"6439"	0.12	0.98	-0.1
"6440"	0.12	0.99	-0.11
"6441"	0.12	1	-0.12
"6442"	0.13	-0.13	1
"6443"	0.13	-0.12	0.99
"6444"	0.13	-0.11	0.98
"6445"	0.13	-0.1	0.97
"6446"	0.13	-0.09	0.96
"6447"	0.13	-0.08	0.95
"6448"	0.13	-0.07	0.94
"6449"	0.13	-0.06	0.93
"6450"	0.13	-0.05	0.92
"6451"	0.13	-0.04	0.91
"6452"	0.13	-0.03	0.9
"6453"	0.13	-0.02	0.89
"6454"	0.13	-0.01	0.88
"6455"	0.13	0	0.87
"6456"	0.13	0.01	0.86
"6457"	0.13	0.02	0.85
"6458"	0.13	0.03	0.84
"6459"	0.13	0.04	0.83
"6460"	0.13	0.05	0.82
"6461"	0.13	0.06	0.81
"6462"	0.13	0.07	0.8
"6463"	0.13	0.08	0.79
"6464"	0.13	0.09	0.78
"6465"	0.13	0.1	0.77
"6466"	0.13	0.11	0.76
"6467"	0.13	0.12	0.75
"6468"	0.13	0.13	0.74
"6469"	0.13	0.14	0.73
"6470"	0.13	0.15	0.72
"6471"	0.13	0.16	0.71
"6472"	0.13	0.17	0.7
"6473"	0.13	0.18	0.69
"6474"	0.13	0.19	0.68
"6475"	0.13	0.2	0.67
"6476"	0.13	0.21	0.66
"6477"	0.13	0.22	0.65
"6478"	0.13	0.23	0.64
"6479"	0.13	0.24	0.63
"6480"	0.13	0.25	0.62
"6481"	0.13	0.26	0.61
"6482"	0.13	0.27	0.6
"6483"	0.13	0.28	0.59
"6484"	0.13	0.29	0.58
"6485"	0.13	0.3	0.57
"6486"	0.13	0.31	0.56
"6487"	0.13	0.32	0.55
"6488"	0.13	0.33	0.54
"6489"	0.13	0.34	0.53
"6490"	0.13	0.35	0.52
"6491"	0.13	0.36	0.51
"6492"	0.13	0.37	0.5
"6493"	0.13	0.38	0.49
"6494"	0.13	0.39	0.48
"6495"	0.13	0.4	0.47
"6496"	0.13	0.41	0.46
"6497"	0.13	0.42	0.45
"6498"	0.13	0.43	0.44
"6499"	0.13	0.44	0.43
"6500"	0.13	0.45	0.42
"6501"	0.13	0.46	0.41
"6502"	0.13	0.47	0.4
"6503"	0.13	0.48	0.39
"6504"	0.13	0.49	0.38
"6505"	0.13	0.5	0.37
"6506"	0.13	0.51	0.36
"6507"	0.13	0.52	0.35
"6508"	0.13	0.53	0.34
"6509"	0.13	0.54	0.33
"6510"	0.13	0.55	0.32
"6511"	0.13	0.56	0.31
"6512"	0.13	0.57	0.3
"6513"	0.13	0.58	0.29
"6514"	0.13	0.59	0.28
"6515"	0.13	0.6	0.27
"6516"	0.13	0.61	0.26
"6517"	0.13	0.62	0.25
"6518"	0.13	0.63	0.24
"6519"	0.13	0.64	0.23
"6520"	0.13	0.65	0.22
"6521"	0.13	0.66	0.21
"6522"	0.13	0.67	0.2
"6523"	0.13	0.68	0.19
"6524"	0.13	0.69	0.18
"6525"	0.13	0.7	0.17
"6526"	0.13	0.71	0.16
"6527"	0.13	0.72	0.15
"6528"	0.13	0.73	0.14
"6529"	0.13	0.74	0.13
"6530"	0.13	0.75	0.12
"6531"	0.13	0.76	0.11
"6532"	0.13	0.77	0.1
"6533"	0.13	0.78	0.09
"6534"	0.13	0.79	0.08
"6535"	0.13	0.8	0.07
"6536"	0.13	0.81	0.06
"6537"	0.13	0.82	0.05
"6538"	0.13	0.83	0.04
"6539"	0.13	0.84	0.03
"6540"	0.13	0.85	0.02
"6541"	0.13	0.86	0.01
"6542"	0.13	0.87	0
"6543"	0.13	0.88	-0.01
"6544"	0.13	0.89	-0.02
"6545"	0.13	0.9	-0.03
"6546"	0.13	0.91	-0.04
"6547"	0.13	0.92	-0.05
"6548"	0.13	0.93	-0.06
"6549"	0.13	0.94	-0.07
"6550"	0.13	0.95	-0.08
"6551"	0.13	0.96	-0.09
"6552"	0.13	0.97	-0.1
"6553"	0.13	0.98	-0.11
"6554"	0.13	0.99	-0.12
"6555"	0.13	1	-0.13
"6556"	0.14	-0.14	1
"6557"	0.14	-0.13	0.99
"6558"	0.14	-0.12	0.98
"6559"	0.14	-0.11	0.97
"6560"	0.14	-0.1	0.96
"6561"	0.14	-0.09	0.95
"6562"	0.14	-0.08	0.94
"6563"	0.14	-0.07	0.93
"6564"	0.14	-0.06	0.92
"6565"	0.14	-0.05	0.91
"6566"	0.14	-0.04	0.9
"6567"	0.14	-0.03	0.89
"6568"	0.14	-0.02	0.88
"6569"	0.14	-0.01	0.87
"6570"	0.14	0	0.86
"6571"	0.14	0.01	0.85
"6572"	0.14	0.02	0.84
"6573"	0.14	0.03	0.83
"6574"	0.14	0.04	0.82
"6575"	0.14	0.05	0.81
"6576"	0.14	0.06	0.8
"6577"	0.14	0.07	0.79
"6578"	0.14	0.08	0.78
"6579"	0.14	0.09	0.77
"6580"	0.14	0.1	0.76
"6581"	0.14	0.11	0.75
"6582"	0.14	0.12	0.74
"6583"	0.14	0.13	0.73
"6584"	0.14	0.14	0.72
"6585"	0.14	0.15	0.71
"6586"	0.14	0.16	0.7
"6587"	0.14	0.17	0.69
"6588"	0.14	0.18	0.68
"6589"	0.14	0.19	0.67
"6590"	0.14	0.2	0.66
"6591"	0.14	0.21	0.65
"6592"	0.14	0.22	0.64
"6593"	0.14	0.23	0.63
"6594"	0.14	0.24	0.62
"6595"	0.14	0.25	0.61
"6596"	0.14	0.26	0.6
"6597"	0.14	0.27	0.59
"6598"	0.14	0.28	0.58
"6599"	0.14	0.29	0.57
"6600"	0.14	0.3	0.56
"6601"	0.14	0.31	0.55
"6602"	0.14	0.32	0.54
"6603"	0.14	0.33	0.53
"6604"	0.14	0.34	0.52
"6605"	0.14	0.35	0.51
"6606"	0.14	0.36	0.5
"6607"	0.14	0.37	0.49
"6608"	0.14	0.38	0.48
"6609"	0.14	0.39	0.47
"6610"	0.14	0.4	0.46
"6611"	0.14	0.41	0.45
"6612"	0.14	0.42	0.44
"6613"	0.14	0.43	0.43
"6614"	0.14	0.44	0.42
"6615"	0.14	0.45	0.41
"6616"	0.14	0.46	0.4
"6617"	0.14	0.47	0.39
"6618"	0.14	0.48	0.38
"6619"	0.14	0.49	0.37
"6620"	0.14	0.5	0.36
"6621"	0.14	0.51	0.35
"6622"	0.14	0.52	0.34
"6623"	0.14	0.53	0.33
"6624"	0.14	0.54	0.32
"6625"	0.14	0.55	0.31
"6626"	0.14	0.56	0.3
"6627"	0.14	0.57	0.29
"6628"	0.14	0.58	0.28
"6629"	0.14	0.59	0.27
"6630"	0.14	0.6	0.26
"6631"	0.14	0.61	0.25
"6632"	0.14	0.62	0.24
"6633"	0.14	0.63	0.23
"6634"	0.14	0.64	0.22
"6635"	0.14	0.65	0.21
"6636"	0.14	0.66	0.2
"6637"	0.14	0.67	0.19
"6638"	0.14	0.68	0.18
"6639"	0.14	0.69	0.17
"6640"	0.14	0.7	0.16
"6641"	0.14	0.71	0.15
"6642"	0.14	0.72	0.14
"6643"	0.14	0.73	0.13
"6644"	0.14	0.74	0.12
"6645"	0.14	0.75	0.11
"6646"	0.14	0.76	0.1
"6647"	0.14	0.77	0.09
"6648"	0.14	0.78	0.08
"6649"	0.14	0.79	0.07
"6650"	0.14	0.8	0.06
"6651"	0.14	0.81	0.05
"6652"	0.14	0.82	0.04
"6653"	0.14	0.83	0.03
"6654"	0.14	0.84	0.02
"6655"	0.14	0.85	0.01
"6656"	0.14	0.86	0
"6657"	0.14	0.87	-0.01
"6658"	0.14	0.88	-0.02
"6659"	0.14	0.89	-0.03
"6660"	0.14	0.9	-0.04
"6661"	0.14	0.91	-0.05
"6662"	0.14	0.92	-0.06
"6663"	0.14	0.93	-0.07
"6664"	0.14	0.94	-0.08
"6665"	0.14	0.95	-0.09
"6666"	0.14	0.96	-0.1
"6667"	0.14	0.97	-0.11
"6668"	0.14	0.98	-0.12
"6669"	0.14	0.99	-0.13
"6670"	0.14	1	-0.14
"6671"	0.15	-0.15	1
"6672"	0.15	-0.14	0.99
"6673"	0.15	-0.13	0.98
"6674"	0.15	-0.12	0.97
"6675"	0.15	-0.11	0.96
"6676"	0.15	-0.1	0.95
"6677"	0.15	-0.09	0.94
"6678"	0.15	-0.08	0.93
"6679"	0.15	-0.07	0.92
"6680"	0.15	-0.06	0.91
"6681"	0.15	-0.05	0.9
"6682"	0.15	-0.04	0.89
"6683"	0.15	-0.03	0.88
"6684"	0.15	-0.02	0.87
"6685"	0.15	-0.01	0.86
"6686"	0.15	0	0.85
"6687"	0.15	0.01	0.84
"6688"	0.15	0.02	0.83
"6689"	0.15	0.03	0.82
"6690"	0.15	0.04	0.81
"6691"	0.15	0.05	0.8
"6692"	0.15	0.06	0.79
"6693"	0.15	0.07	0.78
"6694"	0.15	0.08	0.77
"6695"	0.15	0.09	0.76
"6696"	0.15	0.1	0.75
"6697"	0.15	0.11	0.74
"6698"	0.15	0.12	0.73
"6699"	0.15	0.13	0.72
"6700"	0.15	0.14	0.71
"6701"	0.15	0.15	0.7
"6702"	0.15	0.16	0.69
"6703"	0.15	0.17	0.68
"6704"	0.15	0.18	0.67
"6705"	0.15	0.19	0.66
"6706"	0.15	0.2	0.65
"6707"	0.15	0.21	0.64
"6708"	0.15	0.22	0.63
"6709"	0.15	0.23	0.62
"6710"	0.15	0.24	0.61
"6711"	0.15	0.25	0.6
"6712"	0.15	0.26	0.59
"6713"	0.15	0.27	0.58
"6714"	0.15	0.28	0.57
"6715"	0.15	0.29	0.56
"6716"	0.15	0.3	0.55
"6717"	0.15	0.31	0.54
"6718"	0.15	0.32	0.53
"6719"	0.15	0.33	0.52
"6720"	0.15	0.34	0.51
"6721"	0.15	0.35	0.5
"6722"	0.15	0.36	0.49
"6723"	0.15	0.37	0.48
"6724"	0.15	0.38	0.47
"6725"	0.15	0.39	0.46
"6726"	0.15	0.4	0.45
"6727"	0.15	0.41	0.44
"6728"	0.15	0.42	0.43
"6729"	0.15	0.43	0.42
"6730"	0.15	0.44	0.41
"6731"	0.15	0.45	0.4
"6732"	0.15	0.46	0.39
"6733"	0.15	0.47	0.38
"6734"	0.15	0.48	0.37
"6735"	0.15	0.49	0.36
"6736"	0.15	0.5	0.35
"6737"	0.15	0.51	0.34
"6738"	0.15	0.52	0.33
"6739"	0.15	0.53	0.32
"6740"	0.15	0.54	0.31
"6741"	0.15	0.55	0.3
"6742"	0.15	0.56	0.29
"6743"	0.15	0.57	0.28
"6744"	0.15	0.58	0.27
"6745"	0.15	0.59	0.26
"6746"	0.15	0.6	0.25
"6747"	0.15	0.61	0.24
"6748"	0.15	0.62	0.23
"6749"	0.15	0.63	0.22
"6750"	0.15	0.64	0.21
"6751"	0.15	0.65	0.2
"6752"	0.15	0.66	0.19
"6753"	0.15	0.67	0.18
"6754"	0.15	0.68	0.17
"6755"	0.15	0.69	0.16
"6756"	0.15	0.7	0.15
"6757"	0.15	0.71	0.14
"6758"	0.15	0.72	0.13
"6759"	0.15	0.73	0.12
"6760"	0.15	0.74	0.11
"6761"	0.15	0.75	0.1
"6762"	0.15	0.76	0.09
"6763"	0.15	0.77	0.08
"6764"	0.15	0.78	0.07
"6765"	0.15	0.79	0.06
"6766"	0.15	0.8	0.05
"6767"	0.15	0.81	0.04
"6768"	0.15	0.82	0.03
"6769"	0.15	0.83	0.02
"6770"	0.15	0.84	0.01
"6771"	0.15	0.85	0
"6772"	0.15	0.86	-0.01
"6773"	0.15	0.87	-0.02
"6774"	0.15	0.88	-0.03
"6775"	0.15	0.89	-0.04
"6776"	0.15	0.9	-0.05
"6777"	0.15	0.91	-0.06
"6778"	0.15	0.92	-0.07
"6779"	0.15	0.93	-0.08
"6780"	0.15	0.94	-0.09
"6781"	0.15	0.95	-0.1
"6782"	0.15	0.96	-0.11
"6783"	0.15	0.97	-0.12
"6784"	0.15	0.98	-0.13
"6785"	0.15	0.99	-0.14
"6786"	0.15	1	-0.15
"6787"	0.16	-0.16	1
"6788"	0.16	-0.15	0.99
"6789"	0.16	-0.14	0.98
"6790"	0.16	-0.13	0.97
"6791"	0.16	-0.12	0.96
"6792"	0.16	-0.11	0.95
"6793"	0.16	-0.1	0.94
"6794"	0.16	-0.09	0.93
"6795"	0.16	-0.08	0.92
"6796"	0.16	-0.07	0.91
"6797"	0.16	-0.06	0.9
"6798"	0.16	-0.05	0.89
"6799"	0.16	-0.04	0.88
"6800"	0.16	-0.03	0.87
"6801"	0.16	-0.02	0.86
"6802"	0.16	-0.01	0.85
"6803"	0.16	0	0.84
"6804"	0.16	0.01	0.83
"6805"	0.16	0.02	0.82
"6806"	0.16	0.03	0.81
"6807"	0.16	0.04	0.8
"6808"	0.16	0.05	0.79
"6809"	0.16	0.06	0.78
"6810"	0.16	0.07	0.77
"6811"	0.16	0.08	0.76
"6812"	0.16	0.09	0.75
"6813"	0.16	0.1	0.74
"6814"	0.16	0.11	0.73
"6815"	0.16	0.12	0.72
"6816"	0.16	0.13	0.71
"6817"	0.16	0.14	0.7
"6818"	0.16	0.15	0.69
"6819"	0.16	0.16	0.68
"6820"	0.16	0.17	0.67
"6821"	0.16	0.18	0.66
"6822"	0.16	0.19	0.65
"6823"	0.16	0.2	0.64
"6824"	0.16	0.21	0.63
"6825"	0.16	0.22	0.62
"6826"	0.16	0.23	0.61
"6827"	0.16	0.24	0.6
"6828"	0.16	0.25	0.59
"6829"	0.16	0.26	0.58
"6830"	0.16	0.27	0.57
"6831"	0.16	0.28	0.56
"6832"	0.16	0.29	0.55
"6833"	0.16	0.3	0.54
"6834"	0.16	0.31	0.53
"6835"	0.16	0.32	0.52
"6836"	0.16	0.33	0.51
"6837"	0.16	0.34	0.5
"6838"	0.16	0.35	0.49
"6839"	0.16	0.36	0.48
"6840"	0.16	0.37	0.47
"6841"	0.16	0.38	0.46
"6842"	0.16	0.39	0.45
"6843"	0.16	0.4	0.44
"6844"	0.16	0.41	0.43
"6845"	0.16	0.42	0.42
"6846"	0.16	0.43	0.41
"6847"	0.16	0.44	0.4
"6848"	0.16	0.45	0.39
"6849"	0.16	0.46	0.38
"6850"	0.16	0.47	0.37
"6851"	0.16	0.48	0.36
"6852"	0.16	0.49	0.35
"6853"	0.16	0.5	0.34
"6854"	0.16	0.51	0.33
"6855"	0.16	0.52	0.32
"6856"	0.16	0.53	0.31
"6857"	0.16	0.54	0.3
"6858"	0.16	0.55	0.29
"6859"	0.16	0.56	0.28
"6860"	0.16	0.57	0.27
"6861"	0.16	0.58	0.26
"6862"	0.16	0.59	0.25
"6863"	0.16	0.6	0.24
"6864"	0.16	0.61	0.23
"6865"	0.16	0.62	0.22
"6866"	0.16	0.63	0.21
"6867"	0.16	0.64	0.2
"6868"	0.16	0.65	0.19
"6869"	0.16	0.66	0.18
"6870"	0.16	0.67	0.17
"6871"	0.16	0.68	0.16
"6872"	0.16	0.69	0.15
"6873"	0.16	0.7	0.14
"6874"	0.16	0.71	0.13
"6875"	0.16	0.72	0.12
"6876"	0.16	0.73	0.11
"6877"	0.16	0.74	0.1
"6878"	0.16	0.75	0.09
"6879"	0.16	0.76	0.08
"6880"	0.16	0.77	0.07
"6881"	0.16	0.78	0.06
"6882"	0.16	0.79	0.05
"6883"	0.16	0.8	0.04
"6884"	0.16	0.81	0.03
"6885"	0.16	0.82	0.02
"6886"	0.16	0.83	0.01
"6887"	0.16	0.84	0
"6888"	0.16	0.85	-0.01
"6889"	0.16	0.86	-0.02
"6890"	0.16	0.87	-0.03
"6891"	0.16	0.88	-0.04
"6892"	0.16	0.89	-0.05
"6893"	0.16	0.9	-0.06
"6894"	0.16	0.91	-0.07
"6895"	0.16	0.92	-0.08
"6896"	0.16	0.93	-0.09
"6897"	0.16	0.94	-0.1
"6898"	0.16	0.95	-0.11
"6899"	0.16	0.96	-0.12
"6900"	0.16	0.97	-0.13
"6901"	0.16	0.98	-0.14
"6902"	0.16	0.99	-0.15
"6903"	0.16	1	-0.16
"6904"	0.17	-0.17	1
"6905"	0.17	-0.16	0.99
"6906"	0.17	-0.15	0.98
"6907"	0.17	-0.14	0.97
"6908"	0.17	-0.13	0.96
"6909"	0.17	-0.12	0.95
"6910"	0.17	-0.11	0.94
"6911"	0.17	-0.1	0.93
"6912"	0.17	-0.09	0.92
"6913"	0.17	-0.08	0.91
"6914"	0.17	-0.07	0.9
"6915"	0.17	-0.06	0.89
"6916"	0.17	-0.05	0.88
"6917"	0.17	-0.04	0.87
"6918"	0.17	-0.03	0.86
"6919"	0.17	-0.02	0.85
"6920"	0.17	-0.01	0.84
"6921"	0.17	0	0.83
"6922"	0.17	0.01	0.82
"6923"	0.17	0.02	0.81
"6924"	0.17	0.03	0.8
"6925"	0.17	0.04	0.79
"6926"	0.17	0.05	0.78
"6927"	0.17	0.06	0.77
"6928"	0.17	0.07	0.76
"6929"	0.17	0.08	0.75
"6930"	0.17	0.09	0.74
"6931"	0.17	0.1	0.73
"6932"	0.17	0.11	0.72
"6933"	0.17	0.12	0.71
"6934"	0.17	0.13	0.7
"6935"	0.17	0.14	0.69
"6936"	0.17	0.15	0.68
"6937"	0.17	0.16	0.67
"6938"	0.17	0.17	0.66
"6939"	0.17	0.18	0.65
"6940"	0.17	0.19	0.64
"6941"	0.17	0.2	0.63
"6942"	0.17	0.21	0.62
"6943"	0.17	0.22	0.61
"6944"	0.17	0.23	0.6
"6945"	0.17	0.24	0.59
"6946"	0.17	0.25	0.58
"6947"	0.17	0.26	0.57
"6948"	0.17	0.27	0.56
"6949"	0.17	0.28	0.55
"6950"	0.17	0.29	0.54
"6951"	0.17	0.3	0.53
"6952"	0.17	0.31	0.52
"6953"	0.17	0.32	0.51
"6954"	0.17	0.33	0.5
"6955"	0.17	0.34	0.49
"6956"	0.17	0.35	0.48
"6957"	0.17	0.36	0.47
"6958"	0.17	0.37	0.46
"6959"	0.17	0.38	0.45
"6960"	0.17	0.39	0.44
"6961"	0.17	0.4	0.43
"6962"	0.17	0.41	0.42
"6963"	0.17	0.42	0.41
"6964"	0.17	0.43	0.4
"6965"	0.17	0.44	0.39
"6966"	0.17	0.45	0.38
"6967"	0.17	0.46	0.37
"6968"	0.17	0.47	0.36
"6969"	0.17	0.48	0.35
"6970"	0.17	0.49	0.34
"6971"	0.17	0.5	0.33
"6972"	0.17	0.51	0.32
"6973"	0.17	0.52	0.31
"6974"	0.17	0.53	0.3
"6975"	0.17	0.54	0.29
"6976"	0.17	0.55	0.28
"6977"	0.17	0.56	0.27
"6978"	0.17	0.57	0.26
"6979"	0.17	0.58	0.25
"6980"	0.17	0.59	0.24
"6981"	0.17	0.6	0.23
"6982"	0.17	0.61	0.22
"6983"	0.17	0.62	0.21
"6984"	0.17	0.63	0.2
"6985"	0.17	0.64	0.19
"6986"	0.17	0.65	0.18
"6987"	0.17	0.66	0.17
"6988"	0.17	0.67	0.16
"6989"	0.17	0.68	0.15
"6990"	0.17	0.69	0.14
"6991"	0.17	0.7	0.13
"6992"	0.17	0.71	0.12
"6993"	0.17	0.72	0.11
"6994"	0.17	0.73	0.1
"6995"	0.17	0.74	0.09
"6996"	0.17	0.75	0.08
"6997"	0.17	0.76	0.07
"6998"	0.17	0.77	0.06
"6999"	0.17	0.78	0.05
"7000"	0.17	0.79	0.04
"7001"	0.17	0.8	0.03
"7002"	0.17	0.81	0.02
"7003"	0.17	0.82	0.01
"7004"	0.17	0.83	0
"7005"	0.17	0.84	-0.01
"7006"	0.17	0.85	-0.02
"7007"	0.17	0.86	-0.03
"7008"	0.17	0.87	-0.04
"7009"	0.17	0.88	-0.05
"7010"	0.17	0.89	-0.06
"7011"	0.17	0.9	-0.07
"7012"	0.17	0.91	-0.08
"7013"	0.17	0.92	-0.09
"7014"	0.17	0.93	-0.1
"7015"	0.17	0.94	-0.11
"7016"	0.17	0.95	-0.12
"7017"	0.17	0.96	-0.13
"7018"	0.17	0.97	-0.14
"7019"	0.17	0.98	-0.15
"7020"	0.17	0.99	-0.16
"7021"	0.17	1	-0.17
"7022"	0.18	-0.18	1
"7023"	0.18	-0.17	0.99
"7024"	0.18	-0.16	0.98
"7025"	0.18	-0.15	0.97
"7026"	0.18	-0.14	0.96
"7027"	0.18	-0.13	0.95
"7028"	0.18	-0.12	0.94
"7029"	0.18	-0.11	0.93
"7030"	0.18	-0.1	0.92
"7031"	0.18	-0.09	0.91
"7032"	0.18	-0.08	0.9
"7033"	0.18	-0.07	0.89
"7034"	0.18	-0.06	0.88
"7035"	0.18	-0.05	0.87
"7036"	0.18	-0.04	0.86
"7037"	0.18	-0.03	0.85
"7038"	0.18	-0.02	0.84
"7039"	0.18	-0.01	0.83
"7040"	0.18	0	0.82
"7041"	0.18	0.01	0.81
"7042"	0.18	0.02	0.8
"7043"	0.18	0.03	0.79
"7044"	0.18	0.04	0.78
"7045"	0.18	0.05	0.77
"7046"	0.18	0.06	0.76
"7047"	0.18	0.07	0.75
"7048"	0.18	0.08	0.74
"7049"	0.18	0.09	0.73
"7050"	0.18	0.1	0.72
"7051"	0.18	0.11	0.71
"7052"	0.18	0.12	0.7
"7053"	0.18	0.13	0.69
"7054"	0.18	0.14	0.68
"7055"	0.18	0.15	0.67
"7056"	0.18	0.16	0.66
"7057"	0.18	0.17	0.65
"7058"	0.18	0.18	0.64
"7059"	0.18	0.19	0.63
"7060"	0.18	0.2	0.62
"7061"	0.18	0.21	0.61
"7062"	0.18	0.22	0.6
"7063"	0.18	0.23	0.59
"7064"	0.18	0.24	0.58
"7065"	0.18	0.25	0.57
"7066"	0.18	0.26	0.56
"7067"	0.18	0.27	0.55
"7068"	0.18	0.28	0.54
"7069"	0.18	0.29	0.53
"7070"	0.18	0.3	0.52
"7071"	0.18	0.31	0.51
"7072"	0.18	0.32	0.5
"7073"	0.18	0.33	0.49
"7074"	0.18	0.34	0.48
"7075"	0.18	0.35	0.47
"7076"	0.18	0.36	0.46
"7077"	0.18	0.37	0.45
"7078"	0.18	0.38	0.44
"7079"	0.18	0.39	0.43
"7080"	0.18	0.4	0.42
"7081"	0.18	0.41	0.41
"7082"	0.18	0.42	0.4
"7083"	0.18	0.43	0.39
"7084"	0.18	0.44	0.38
"7085"	0.18	0.45	0.37
"7086"	0.18	0.46	0.36
"7087"	0.18	0.47	0.35
"7088"	0.18	0.48	0.34
"7089"	0.18	0.49	0.33
"7090"	0.18	0.5	0.32
"7091"	0.18	0.51	0.31
"7092"	0.18	0.52	0.3
"7093"	0.18	0.53	0.29
"7094"	0.18	0.54	0.28
"7095"	0.18	0.55	0.27
"7096"	0.18	0.56	0.26
"7097"	0.18	0.57	0.25
"7098"	0.18	0.58	0.24
"7099"	0.18	0.59	0.23
"7100"	0.18	0.6	0.22
"7101"	0.18	0.61	0.21
"7102"	0.18	0.62	0.2
"7103"	0.18	0.63	0.19
"7104"	0.18	0.64	0.18
"7105"	0.18	0.65	0.17
"7106"	0.18	0.66	0.16
"7107"	0.18	0.67	0.15
"7108"	0.18	0.68	0.14
"7109"	0.18	0.69	0.13
"7110"	0.18	0.7	0.12
"7111"	0.18	0.71	0.11
"7112"	0.18	0.72	0.1
"7113"	0.18	0.73	0.09
"7114"	0.18	0.74	0.08
"7115"	0.18	0.75	0.07
"7116"	0.18	0.76	0.06
"7117"	0.18	0.77	0.05
"7118"	0.18	0.78	0.04
"7119"	0.18	0.79	0.03
"7120"	0.18	0.8	0.02
"7121"	0.18	0.81	0.01
"7122"	0.18	0.82	0
"7123"	0.18	0.83	-0.01
"7124"	0.18	0.84	-0.02
"7125"	0.18	0.85	-0.03
"7126"	0.18	0.86	-0.04
"7127"	0.18	0.87	-0.05
"7128"	0.18	0.88	-0.06
"7129"	0.18	0.89	-0.07
"7130"	0.18	0.9	-0.08
"7131"	0.18	0.91	-0.09
"7132"	0.18	0.92	-0.1
"7133"	0.18	0.93	-0.11
"7134"	0.18	0.94	-0.12
"7135"	0.18	0.95	-0.13
"7136"	0.18	0.96	-0.14
"7137"	0.18	0.97	-0.15
"7138"	0.18	0.98	-0.16
"7139"	0.18	0.99	-0.17
"7140"	0.18	1	-0.18
"7141"	0.19	-0.19	1
"7142"	0.19	-0.18	0.99
"7143"	0.19	-0.17	0.98
"7144"	0.19	-0.16	0.97
"7145"	0.19	-0.15	0.96
"7146"	0.19	-0.14	0.95
"7147"	0.19	-0.13	0.94
"7148"	0.19	-0.12	0.93
"7149"	0.19	-0.11	0.92
"7150"	0.19	-0.1	0.91
"7151"	0.19	-0.09	0.9
"7152"	0.19	-0.08	0.89
"7153"	0.19	-0.07	0.88
"7154"	0.19	-0.06	0.87
"7155"	0.19	-0.05	0.86
"7156"	0.19	-0.04	0.85
"7157"	0.19	-0.03	0.84
"7158"	0.19	-0.02	0.83
"7159"	0.19	-0.01	0.82
"7160"	0.19	0	0.81
"7161"	0.19	0.01	0.8
"7162"	0.19	0.02	0.79
"7163"	0.19	0.03	0.78
"7164"	0.19	0.04	0.77
"7165"	0.19	0.05	0.76
"7166"	0.19	0.06	0.75
"7167"	0.19	0.07	0.74
"7168"	0.19	0.08	0.73
"7169"	0.19	0.09	0.72
"7170"	0.19	0.1	0.71
"7171"	0.19	0.11	0.7
"7172"	0.19	0.12	0.69
"7173"	0.19	0.13	0.68
"7174"	0.19	0.14	0.67
"7175"	0.19	0.15	0.66
"7176"	0.19	0.16	0.65
"7177"	0.19	0.17	0.64
"7178"	0.19	0.18	0.63
"7179"	0.19	0.19	0.62
"7180"	0.19	0.2	0.61
"7181"	0.19	0.21	0.6
"7182"	0.19	0.22	0.59
"7183"	0.19	0.23	0.58
"7184"	0.19	0.24	0.57
"7185"	0.19	0.25	0.56
"7186"	0.19	0.26	0.55
"7187"	0.19	0.27	0.54
"7188"	0.19	0.28	0.53
"7189"	0.19	0.29	0.52
"7190"	0.19	0.3	0.51
"7191"	0.19	0.31	0.5
"7192"	0.19	0.32	0.49
"7193"	0.19	0.33	0.48
"7194"	0.19	0.34	0.47
"7195"	0.19	0.35	0.46
"7196"	0.19	0.36	0.45
"7197"	0.19	0.37	0.44
"7198"	0.19	0.38	0.43
"7199"	0.19	0.39	0.42
"7200"	0.19	0.4	0.41
"7201"	0.19	0.41	0.4
"7202"	0.19	0.42	0.39
"7203"	0.19	0.43	0.38
"7204"	0.19	0.44	0.37
"7205"	0.19	0.45	0.36
"7206"	0.19	0.46	0.35
"7207"	0.19	0.47	0.34
"7208"	0.19	0.48	0.33
"7209"	0.19	0.49	0.32
"7210"	0.19	0.5	0.31
"7211"	0.19	0.51	0.3
"7212"	0.19	0.52	0.29
"7213"	0.19	0.53	0.28
"7214"	0.19	0.54	0.27
"7215"	0.19	0.55	0.26
"7216"	0.19	0.56	0.25
"7217"	0.19	0.57	0.24
"7218"	0.19	0.58	0.23
"7219"	0.19	0.59	0.22
"7220"	0.19	0.6	0.21
"7221"	0.19	0.61	0.2
"7222"	0.19	0.62	0.19
"7223"	0.19	0.63	0.18
"7224"	0.19	0.64	0.17
"7225"	0.19	0.65	0.16
"7226"	0.19	0.66	0.15
"7227"	0.19	0.67	0.14
"7228"	0.19	0.68	0.13
"7229"	0.19	0.69	0.12
"7230"	0.19	0.7	0.11
"7231"	0.19	0.71	0.1
"7232"	0.19	0.72	0.09
"7233"	0.19	0.73	0.08
"7234"	0.19	0.74	0.07
"7235"	0.19	0.75	0.06
"7236"	0.19	0.76	0.05
"7237"	0.19	0.77	0.04
"7238"	0.19	0.78	0.03
"7239"	0.19	0.79	0.02
"7240"	0.19	0.8	0.01
"7241"	0.19	0.81	0
"7242"	0.19	0.82	-0.01
"7243"	0.19	0.83	-0.02
"7244"	0.19	0.84	-0.03
"7245"	0.19	0.85	-0.04
"7246"	0.19	0.86	-0.05
"7247"	0.19	0.87	-0.06
"7248"	0.19	0.88	-0.07
"7249"	0.19	0.89	-0.08
"7250"	0.19	0.9	-0.09
"7251"	0.19	0.91	-0.1
"7252"	0.19	0.92	-0.11
"7253"	0.19	0.93	-0.12
"7254"	0.19	0.94	-0.13
"7255"	0.19	0.95	-0.14
"7256"	0.19	0.96	-0.15
"7257"	0.19	0.97	-0.16
"7258"	0.19	0.98	-0.17
"7259"	0.19	0.99	-0.18
"7260"	0.19	1	-0.19
"7261"	0.2	-0.2	1
"7262"	0.2	-0.19	0.99
"7263"	0.2	-0.18	0.98
"7264"	0.2	-0.17	0.97
"7265"	0.2	-0.16	0.96
"7266"	0.2	-0.15	0.95
"7267"	0.2	-0.14	0.94
"7268"	0.2	-0.13	0.93
"7269"	0.2	-0.12	0.92
"7270"	0.2	-0.11	0.91
"7271"	0.2	-0.1	0.9
"7272"	0.2	-0.09	0.89
"7273"	0.2	-0.08	0.88
"7274"	0.2	-0.07	0.87
"7275"	0.2	-0.06	0.86
"7276"	0.2	-0.05	0.85
"7277"	0.2	-0.04	0.84
"7278"	0.2	-0.03	0.83
"7279"	0.2	-0.02	0.82
"7280"	0.2	-0.01	0.81
"7281"	0.2	0	0.8
"7282"	0.2	0.01	0.79
"7283"	0.2	0.02	0.78
"7284"	0.2	0.03	0.77
"7285"	0.2	0.04	0.76
"7286"	0.2	0.05	0.75
"7287"	0.2	0.06	0.74
"7288"	0.2	0.07	0.73
"7289"	0.2	0.08	0.72
"7290"	0.2	0.09	0.71
"7291"	0.2	0.1	0.7
"7292"	0.2	0.11	0.69
"7293"	0.2	0.12	0.68
"7294"	0.2	0.13	0.67
"7295"	0.2	0.14	0.66
"7296"	0.2	0.15	0.65
"7297"	0.2	0.16	0.64
"7298"	0.2	0.17	0.63
"7299"	0.2	0.18	0.62
"7300"	0.2	0.19	0.61
"7301"	0.2	0.2	0.6
"7302"	0.2	0.21	0.59
"7303"	0.2	0.22	0.58
"7304"	0.2	0.23	0.57
"7305"	0.2	0.24	0.56
"7306"	0.2	0.25	0.55
"7307"	0.2	0.26	0.54
"7308"	0.2	0.27	0.53
"7309"	0.2	0.28	0.52
"7310"	0.2	0.29	0.51
"7311"	0.2	0.3	0.5
"7312"	0.2	0.31	0.49
"7313"	0.2	0.32	0.48
"7314"	0.2	0.33	0.47
"7315"	0.2	0.34	0.46
"7316"	0.2	0.35	0.45
"7317"	0.2	0.36	0.44
"7318"	0.2	0.37	0.43
"7319"	0.2	0.38	0.42
"7320"	0.2	0.39	0.41
"7321"	0.2	0.4	0.4
"7322"	0.2	0.41	0.39
"7323"	0.2	0.42	0.38
"7324"	0.2	0.43	0.37
"7325"	0.2	0.44	0.36
"7326"	0.2	0.45	0.35
"7327"	0.2	0.46	0.34
"7328"	0.2	0.47	0.33
"7329"	0.2	0.48	0.32
"7330"	0.2	0.49	0.31
"7331"	0.2	0.5	0.3
"7332"	0.2	0.51	0.29
"7333"	0.2	0.52	0.28
"7334"	0.2	0.53	0.27
"7335"	0.2	0.54	0.26
"7336"	0.2	0.55	0.25
"7337"	0.2	0.56	0.24
"7338"	0.2	0.57	0.23
"7339"	0.2	0.58	0.22
"7340"	0.2	0.59	0.21
"7341"	0.2	0.6	0.2
"7342"	0.2	0.61	0.19
"7343"	0.2	0.62	0.18
"7344"	0.2	0.63	0.17
"7345"	0.2	0.64	0.16
"7346"	0.2	0.65	0.15
"7347"	0.2	0.66	0.14
"7348"	0.2	0.67	0.13
"7349"	0.2	0.68	0.12
"7350"	0.2	0.69	0.11
"7351"	0.2	0.7	0.1
"7352"	0.2	0.71	0.09
"7353"	0.2	0.72	0.08
"7354"	0.2	0.73	0.07
"7355"	0.2	0.74	0.06
"7356"	0.2	0.75	0.05
"7357"	0.2	0.76	0.04
"7358"	0.2	0.77	0.03
"7359"	0.2	0.78	0.02
"7360"	0.2	0.79	0.01
"7361"	0.2	0.8	0
"7362"	0.2	0.81	-0.01
"7363"	0.2	0.82	-0.02
"7364"	0.2	0.83	-0.03
"7365"	0.2	0.84	-0.04
"7366"	0.2	0.85	-0.05
"7367"	0.2	0.86	-0.06
"7368"	0.2	0.87	-0.07
"7369"	0.2	0.88	-0.08
"7370"	0.2	0.89	-0.09
"7371"	0.2	0.9	-0.1
"7372"	0.2	0.91	-0.11
"7373"	0.2	0.92	-0.12
"7374"	0.2	0.93	-0.13
"7375"	0.2	0.94	-0.14
"7376"	0.2	0.95	-0.15
"7377"	0.2	0.96	-0.16
"7378"	0.2	0.97	-0.17
"7379"	0.2	0.98	-0.18
"7380"	0.2	0.99	-0.19
"7381"	0.2	1	-0.2
"7382"	0.21	-0.21	1
"7383"	0.21	-0.2	0.99
"7384"	0.21	-0.19	0.98
"7385"	0.21	-0.18	0.97
"7386"	0.21	-0.17	0.96
"7387"	0.21	-0.16	0.95
"7388"	0.21	-0.15	0.94
"7389"	0.21	-0.14	0.93
"7390"	0.21	-0.13	0.92
"7391"	0.21	-0.12	0.91
"7392"	0.21	-0.11	0.9
"7393"	0.21	-0.1	0.89
"7394"	0.21	-0.09	0.88
"7395"	0.21	-0.08	0.87
"7396"	0.21	-0.07	0.86
"7397"	0.21	-0.06	0.85
"7398"	0.21	-0.05	0.84
"7399"	0.21	-0.04	0.83
"7400"	0.21	-0.03	0.82
"7401"	0.21	-0.02	0.81
"7402"	0.21	-0.01	0.8
"7403"	0.21	0	0.79
"7404"	0.21	0.01	0.78
"7405"	0.21	0.02	0.77
"7406"	0.21	0.03	0.76
"7407"	0.21	0.04	0.75
"7408"	0.21	0.05	0.74
"7409"	0.21	0.06	0.73
"7410"	0.21	0.07	0.72
"7411"	0.21	0.08	0.71
"7412"	0.21	0.09	0.7
"7413"	0.21	0.1	0.69
"7414"	0.21	0.11	0.68
"7415"	0.21	0.12	0.67
"7416"	0.21	0.13	0.66
"7417"	0.21	0.14	0.65
"7418"	0.21	0.15	0.64
"7419"	0.21	0.16	0.63
"7420"	0.21	0.17	0.62
"7421"	0.21	0.18	0.61
"7422"	0.21	0.19	0.6
"7423"	0.21	0.2	0.59
"7424"	0.21	0.21	0.58
"7425"	0.21	0.22	0.57
"7426"	0.21	0.23	0.56
"7427"	0.21	0.24	0.55
"7428"	0.21	0.25	0.54
"7429"	0.21	0.26	0.53
"7430"	0.21	0.27	0.52
"7431"	0.21	0.28	0.51
"7432"	0.21	0.29	0.5
"7433"	0.21	0.3	0.49
"7434"	0.21	0.31	0.48
"7435"	0.21	0.32	0.47
"7436"	0.21	0.33	0.46
"7437"	0.21	0.34	0.45
"7438"	0.21	0.35	0.44
"7439"	0.21	0.36	0.43
"7440"	0.21	0.37	0.42
"7441"	0.21	0.38	0.41
"7442"	0.21	0.39	0.4
"7443"	0.21	0.4	0.39
"7444"	0.21	0.41	0.38
"7445"	0.21	0.42	0.37
"7446"	0.21	0.43	0.36
"7447"	0.21	0.44	0.35
"7448"	0.21	0.45	0.34
"7449"	0.21	0.46	0.33
"7450"	0.21	0.47	0.32
"7451"	0.21	0.48	0.31
"7452"	0.21	0.49	0.3
"7453"	0.21	0.5	0.29
"7454"	0.21	0.51	0.28
"7455"	0.21	0.52	0.27
"7456"	0.21	0.53	0.26
"7457"	0.21	0.54	0.25
"7458"	0.21	0.55	0.24
"7459"	0.21	0.56	0.23
"7460"	0.21	0.57	0.22
"7461"	0.21	0.58	0.21
"7462"	0.21	0.59	0.2
"7463"	0.21	0.6	0.19
"7464"	0.21	0.61	0.18
"7465"	0.21	0.62	0.17
"7466"	0.21	0.63	0.16
"7467"	0.21	0.64	0.15
"7468"	0.21	0.65	0.14
"7469"	0.21	0.66	0.13
"7470"	0.21	0.67	0.12
"7471"	0.21	0.68	0.11
"7472"	0.21	0.69	0.1
"7473"	0.21	0.7	0.09
"7474"	0.21	0.71	0.08
"7475"	0.21	0.72	0.07
"7476"	0.21	0.73	0.06
"7477"	0.21	0.74	0.05
"7478"	0.21	0.75	0.04
"7479"	0.21	0.76	0.03
"7480"	0.21	0.77	0.02
"7481"	0.21	0.78	0.01
"7482"	0.21	0.79	0
"7483"	0.21	0.8	-0.01
"7484"	0.21	0.81	-0.02
"7485"	0.21	0.82	-0.03
"7486"	0.21	0.83	-0.04
"7487"	0.21	0.84	-0.05
"7488"	0.21	0.85	-0.06
"7489"	0.21	0.86	-0.07
"7490"	0.21	0.87	-0.08
"7491"	0.21	0.88	-0.09
"7492"	0.21	0.89	-0.1
"7493"	0.21	0.9	-0.11
"7494"	0.21	0.91	-0.12
"7495"	0.21	0.92	-0.13
"7496"	0.21	0.93	-0.14
"7497"	0.21	0.94	-0.15
"7498"	0.21	0.95	-0.16
"7499"	0.21	0.96	-0.17
"7500"	0.21	0.97	-0.18
"7501"	0.21	0.98	-0.19
"7502"	0.21	0.99	-0.2
"7503"	0.21	1	-0.21
"7504"	0.22	-0.22	1
"7505"	0.22	-0.21	0.99
"7506"	0.22	-0.2	0.98
"7507"	0.22	-0.19	0.97
"7508"	0.22	-0.18	0.96
"7509"	0.22	-0.17	0.95
"7510"	0.22	-0.16	0.94
"7511"	0.22	-0.15	0.93
"7512"	0.22	-0.14	0.92
"7513"	0.22	-0.13	0.91
"7514"	0.22	-0.12	0.9
"7515"	0.22	-0.11	0.89
"7516"	0.22	-0.1	0.88
"7517"	0.22	-0.09	0.87
"7518"	0.22	-0.08	0.86
"7519"	0.22	-0.07	0.85
"7520"	0.22	-0.06	0.84
"7521"	0.22	-0.05	0.83
"7522"	0.22	-0.04	0.82
"7523"	0.22	-0.03	0.81
"7524"	0.22	-0.02	0.8
"7525"	0.22	-0.01	0.79
"7526"	0.22	0	0.78
"7527"	0.22	0.01	0.77
"7528"	0.22	0.02	0.76
"7529"	0.22	0.03	0.75
"7530"	0.22	0.04	0.74
"7531"	0.22	0.05	0.73
"7532"	0.22	0.06	0.72
"7533"	0.22	0.07	0.71
"7534"	0.22	0.08	0.7
"7535"	0.22	0.09	0.69
"7536"	0.22	0.1	0.68
"7537"	0.22	0.11	0.67
"7538"	0.22	0.12	0.66
"7539"	0.22	0.13	0.65
"7540"	0.22	0.14	0.64
"7541"	0.22	0.15	0.63
"7542"	0.22	0.16	0.62
"7543"	0.22	0.17	0.61
"7544"	0.22	0.18	0.6
"7545"	0.22	0.19	0.59
"7546"	0.22	0.2	0.58
"7547"	0.22	0.21	0.57
"7548"	0.22	0.22	0.56
"7549"	0.22	0.23	0.55
"7550"	0.22	0.24	0.54
"7551"	0.22	0.25	0.53
"7552"	0.22	0.26	0.52
"7553"	0.22	0.27	0.51
"7554"	0.22	0.28	0.5
"7555"	0.22	0.29	0.49
"7556"	0.22	0.3	0.48
"7557"	0.22	0.31	0.47
"7558"	0.22	0.32	0.46
"7559"	0.22	0.33	0.45
"7560"	0.22	0.34	0.44
"7561"	0.22	0.35	0.43
"7562"	0.22	0.36	0.42
"7563"	0.22	0.37	0.41
"7564"	0.22	0.38	0.4
"7565"	0.22	0.39	0.39
"7566"	0.22	0.4	0.38
"7567"	0.22	0.41	0.37
"7568"	0.22	0.42	0.36
"7569"	0.22	0.43	0.35
"7570"	0.22	0.44	0.34
"7571"	0.22	0.45	0.33
"7572"	0.22	0.46	0.32
"7573"	0.22	0.47	0.31
"7574"	0.22	0.48	0.3
"7575"	0.22	0.49	0.29
"7576"	0.22	0.5	0.28
"7577"	0.22	0.51	0.27
"7578"	0.22	0.52	0.26
"7579"	0.22	0.53	0.25
"7580"	0.22	0.54	0.24
"7581"	0.22	0.55	0.23
"7582"	0.22	0.56	0.22
"7583"	0.22	0.57	0.21
"7584"	0.22	0.58	0.2
"7585"	0.22	0.59	0.19
"7586"	0.22	0.6	0.18
"7587"	0.22	0.61	0.17
"7588"	0.22	0.62	0.16
"7589"	0.22	0.63	0.15
"7590"	0.22	0.64	0.14
"7591"	0.22	0.65	0.13
"7592"	0.22	0.66	0.12
"7593"	0.22	0.67	0.11
"7594"	0.22	0.68	0.1
"7595"	0.22	0.69	0.09
"7596"	0.22	0.7	0.08
"7597"	0.22	0.71	0.07
"7598"	0.22	0.72	0.06
"7599"	0.22	0.73	0.05
"7600"	0.22	0.74	0.04
"7601"	0.22	0.75	0.03
"7602"	0.22	0.76	0.02
"7603"	0.22	0.77	0.01
"7604"	0.22	0.78	0
"7605"	0.22	0.79	-0.01
"7606"	0.22	0.8	-0.02
"7607"	0.22	0.81	-0.03
"7608"	0.22	0.82	-0.04
"7609"	0.22	0.83	-0.05
"7610"	0.22	0.84	-0.06
"7611"	0.22	0.85	-0.07
"7612"	0.22	0.86	-0.08
"7613"	0.22	0.87	-0.09
"7614"	0.22	0.88	-0.1
"7615"	0.22	0.89	-0.11
"7616"	0.22	0.9	-0.12
"7617"	0.22	0.91	-0.13
"7618"	0.22	0.92	-0.14
"7619"	0.22	0.93	-0.15
"7620"	0.22	0.94	-0.16
"7621"	0.22	0.95	-0.17
"7622"	0.22	0.96	-0.18
"7623"	0.22	0.97	-0.19
"7624"	0.22	0.98	-0.2
"7625"	0.22	0.99	-0.21
"7626"	0.22	1	-0.22
"7627"	0.23	-0.23	1
"7628"	0.23	-0.22	0.99
"7629"	0.23	-0.21	0.98
"7630"	0.23	-0.2	0.97
"7631"	0.23	-0.19	0.96
"7632"	0.23	-0.18	0.95
"7633"	0.23	-0.17	0.94
"7634"	0.23	-0.16	0.93
"7635"	0.23	-0.15	0.92
"7636"	0.23	-0.14	0.91
"7637"	0.23	-0.13	0.9
"7638"	0.23	-0.12	0.89
"7639"	0.23	-0.11	0.88
"7640"	0.23	-0.1	0.87
"7641"	0.23	-0.09	0.86
"7642"	0.23	-0.08	0.85
"7643"	0.23	-0.07	0.84
"7644"	0.23	-0.06	0.83
"7645"	0.23	-0.05	0.82
"7646"	0.23	-0.04	0.81
"7647"	0.23	-0.03	0.8
"7648"	0.23	-0.02	0.79
"7649"	0.23	-0.01	0.78
"7650"	0.23	0	0.77
"7651"	0.23	0.01	0.76
"7652"	0.23	0.02	0.75
"7653"	0.23	0.03	0.74
"7654"	0.23	0.04	0.73
"7655"	0.23	0.05	0.72
"7656"	0.23	0.06	0.71
"7657"	0.23	0.07	0.7
"7658"	0.23	0.08	0.69
"7659"	0.23	0.09	0.68
"7660"	0.23	0.1	0.67
"7661"	0.23	0.11	0.66
"7662"	0.23	0.12	0.65
"7663"	0.23	0.13	0.64
"7664"	0.23	0.14	0.63
"7665"	0.23	0.15	0.62
"7666"	0.23	0.16	0.61
"7667"	0.23	0.17	0.6
"7668"	0.23	0.18	0.59
"7669"	0.23	0.19	0.58
"7670"	0.23	0.2	0.57
"7671"	0.23	0.21	0.56
"7672"	0.23	0.22	0.55
"7673"	0.23	0.23	0.54
"7674"	0.23	0.24	0.53
"7675"	0.23	0.25	0.52
"7676"	0.23	0.26	0.51
"7677"	0.23	0.27	0.5
"7678"	0.23	0.28	0.49
"7679"	0.23	0.29	0.48
"7680"	0.23	0.3	0.47
"7681"	0.23	0.31	0.46
"7682"	0.23	0.32	0.45
"7683"	0.23	0.33	0.44
"7684"	0.23	0.34	0.43
"7685"	0.23	0.35	0.42
"7686"	0.23	0.36	0.41
"7687"	0.23	0.37	0.4
"7688"	0.23	0.38	0.39
"7689"	0.23	0.39	0.38
"7690"	0.23	0.4	0.37
"7691"	0.23	0.41	0.36
"7692"	0.23	0.42	0.35
"7693"	0.23	0.43	0.34
"7694"	0.23	0.44	0.33
"7695"	0.23	0.45	0.32
"7696"	0.23	0.46	0.31
"7697"	0.23	0.47	0.3
"7698"	0.23	0.48	0.29
"7699"	0.23	0.49	0.28
"7700"	0.23	0.5	0.27
"7701"	0.23	0.51	0.26
"7702"	0.23	0.52	0.25
"7703"	0.23	0.53	0.24
"7704"	0.23	0.54	0.23
"7705"	0.23	0.55	0.22
"7706"	0.23	0.56	0.21
"7707"	0.23	0.57	0.2
"7708"	0.23	0.58	0.19
"7709"	0.23	0.59	0.18
"7710"	0.23	0.6	0.17
"7711"	0.23	0.61	0.16
"7712"	0.23	0.62	0.15
"7713"	0.23	0.63	0.14
"7714"	0.23	0.64	0.13
"7715"	0.23	0.65	0.12
"7716"	0.23	0.66	0.11
"7717"	0.23	0.67	0.1
"7718"	0.23	0.68	0.09
"7719"	0.23	0.69	0.08
"7720"	0.23	0.7	0.07
"7721"	0.23	0.71	0.06
"7722"	0.23	0.72	0.05
"7723"	0.23	0.73	0.04
"7724"	0.23	0.74	0.03
"7725"	0.23	0.75	0.02
"7726"	0.23	0.76	0.01
"7727"	0.23	0.77	0
"7728"	0.23	0.78	-0.01
"7729"	0.23	0.79	-0.02
"7730"	0.23	0.8	-0.03
"7731"	0.23	0.81	-0.04
"7732"	0.23	0.82	-0.05
"7733"	0.23	0.83	-0.06
"7734"	0.23	0.84	-0.07
"7735"	0.23	0.85	-0.08
"7736"	0.23	0.86	-0.09
"7737"	0.23	0.87	-0.1
"7738"	0.23	0.88	-0.11
"7739"	0.23	0.89	-0.12
"7740"	0.23	0.9	-0.13
"7741"	0.23	0.91	-0.14
"7742"	0.23	0.92	-0.15
"7743"	0.23	0.93	-0.16
"7744"	0.23	0.94	-0.17
"7745"	0.23	0.95	-0.18
"7746"	0.23	0.96	-0.19
"7747"	0.23	0.97	-0.2
"7748"	0.23	0.98	-0.21
"7749"	0.23	0.99	-0.22
"7750"	0.23	1	-0.23
"7751"	0.24	-0.24	1
"7752"	0.24	-0.23	0.99
"7753"	0.24	-0.22	0.98
"7754"	0.24	-0.21	0.97
"7755"	0.24	-0.2	0.96
"7756"	0.24	-0.19	0.95
"7757"	0.24	-0.18	0.94
"7758"	0.24	-0.17	0.93
"7759"	0.24	-0.16	0.92
"7760"	0.24	-0.15	0.91
"7761"	0.24	-0.14	0.9
"7762"	0.24	-0.13	0.89
"7763"	0.24	-0.12	0.88
"7764"	0.24	-0.11	0.87
"7765"	0.24	-0.1	0.86
"7766"	0.24	-0.09	0.85
"7767"	0.24	-0.08	0.84
"7768"	0.24	-0.07	0.83
"7769"	0.24	-0.06	0.82
"7770"	0.24	-0.05	0.81
"7771"	0.24	-0.04	0.8
"7772"	0.24	-0.03	0.79
"7773"	0.24	-0.02	0.78
"7774"	0.24	-0.01	0.77
"7775"	0.24	0	0.76
"7776"	0.24	0.01	0.75
"7777"	0.24	0.02	0.74
"7778"	0.24	0.03	0.73
"7779"	0.24	0.04	0.72
"7780"	0.24	0.05	0.71
"7781"	0.24	0.06	0.7
"7782"	0.24	0.07	0.69
"7783"	0.24	0.08	0.68
"7784"	0.24	0.09	0.67
"7785"	0.24	0.1	0.66
"7786"	0.24	0.11	0.65
"7787"	0.24	0.12	0.64
"7788"	0.24	0.13	0.63
"7789"	0.24	0.14	0.62
"7790"	0.24	0.15	0.61
"7791"	0.24	0.16	0.6
"7792"	0.24	0.17	0.59
"7793"	0.24	0.18	0.58
"7794"	0.24	0.19	0.57
"7795"	0.24	0.2	0.56
"7796"	0.24	0.21	0.55
"7797"	0.24	0.22	0.54
"7798"	0.24	0.23	0.53
"7799"	0.24	0.24	0.52
"7800"	0.24	0.25	0.51
"7801"	0.24	0.26	0.5
"7802"	0.24	0.27	0.49
"7803"	0.24	0.28	0.48
"7804"	0.24	0.29	0.47
"7805"	0.24	0.3	0.46
"7806"	0.24	0.31	0.45
"7807"	0.24	0.32	0.44
"7808"	0.24	0.33	0.43
"7809"	0.24	0.34	0.42
"7810"	0.24	0.35	0.41
"7811"	0.24	0.36	0.4
"7812"	0.24	0.37	0.39
"7813"	0.24	0.38	0.38
"7814"	0.24	0.39	0.37
"7815"	0.24	0.4	0.36
"7816"	0.24	0.41	0.35
"7817"	0.24	0.42	0.34
"7818"	0.24	0.43	0.33
"7819"	0.24	0.44	0.32
"7820"	0.24	0.45	0.31
"7821"	0.24	0.46	0.3
"7822"	0.24	0.47	0.29
"7823"	0.24	0.48	0.28
"7824"	0.24	0.49	0.27
"7825"	0.24	0.5	0.26
"7826"	0.24	0.51	0.25
"7827"	0.24	0.52	0.24
"7828"	0.24	0.53	0.23
"7829"	0.24	0.54	0.22
"7830"	0.24	0.55	0.21
"7831"	0.24	0.56	0.2
"7832"	0.24	0.57	0.19
"7833"	0.24	0.58	0.18
"7834"	0.24	0.59	0.17
"7835"	0.24	0.6	0.16
"7836"	0.24	0.61	0.15
"7837"	0.24	0.62	0.14
"7838"	0.24	0.63	0.13
"7839"	0.24	0.64	0.12
"7840"	0.24	0.65	0.11
"7841"	0.24	0.66	0.1
"7842"	0.24	0.67	0.09
"7843"	0.24	0.68	0.08
"7844"	0.24	0.69	0.07
"7845"	0.24	0.7	0.06
"7846"	0.24	0.71	0.05
"7847"	0.24	0.72	0.04
"7848"	0.24	0.73	0.03
"7849"	0.24	0.74	0.02
"7850"	0.24	0.75	0.01
"7851"	0.24	0.76	0
"7852"	0.24	0.77	-0.01
"7853"	0.24	0.78	-0.02
"7854"	0.24	0.79	-0.03
"7855"	0.24	0.8	-0.04
"7856"	0.24	0.81	-0.05
"7857"	0.24	0.82	-0.06
"7858"	0.24	0.83	-0.07
"7859"	0.24	0.84	-0.08
"7860"	0.24	0.85	-0.09
"7861"	0.24	0.86	-0.1
"7862"	0.24	0.87	-0.11
"7863"	0.24	0.88	-0.12
"7864"	0.24	0.89	-0.13
"7865"	0.24	0.9	-0.14
"7866"	0.24	0.91	-0.15
"7867"	0.24	0.92	-0.16
"7868"	0.24	0.93	-0.17
"7869"	0.24	0.94	-0.18
"7870"	0.24	0.95	-0.19
"7871"	0.24	0.96	-0.2
"7872"	0.24	0.97	-0.21
"7873"	0.24	0.98	-0.22
"7874"	0.24	0.99	-0.23
"7875"	0.24	1	-0.24
"7876"	0.25	-0.25	1
"7877"	0.25	-0.24	0.99
"7878"	0.25	-0.23	0.98
"7879"	0.25	-0.22	0.97
"7880"	0.25	-0.21	0.96
"7881"	0.25	-0.2	0.95
"7882"	0.25	-0.19	0.94
"7883"	0.25	-0.18	0.93
"7884"	0.25	-0.17	0.92
"7885"	0.25	-0.16	0.91
"7886"	0.25	-0.15	0.9
"7887"	0.25	-0.14	0.89
"7888"	0.25	-0.13	0.88
"7889"	0.25	-0.12	0.87
"7890"	0.25	-0.11	0.86
"7891"	0.25	-0.1	0.85
"7892"	0.25	-0.09	0.84
"7893"	0.25	-0.08	0.83
"7894"	0.25	-0.07	0.82
"7895"	0.25	-0.06	0.81
"7896"	0.25	-0.05	0.8
"7897"	0.25	-0.04	0.79
"7898"	0.25	-0.03	0.78
"7899"	0.25	-0.02	0.77
"7900"	0.25	-0.01	0.76
"7901"	0.25	0	0.75
"7902"	0.25	0.01	0.74
"7903"	0.25	0.02	0.73
"7904"	0.25	0.03	0.72
"7905"	0.25	0.04	0.71
"7906"	0.25	0.05	0.7
"7907"	0.25	0.06	0.69
"7908"	0.25	0.07	0.68
"7909"	0.25	0.08	0.67
"7910"	0.25	0.09	0.66
"7911"	0.25	0.1	0.65
"7912"	0.25	0.11	0.64
"7913"	0.25	0.12	0.63
"7914"	0.25	0.13	0.62
"7915"	0.25	0.14	0.61
"7916"	0.25	0.15	0.6
"7917"	0.25	0.16	0.59
"7918"	0.25	0.17	0.58
"7919"	0.25	0.18	0.57
"7920"	0.25	0.19	0.56
"7921"	0.25	0.2	0.55
"7922"	0.25	0.21	0.54
"7923"	0.25	0.22	0.53
"7924"	0.25	0.23	0.52
"7925"	0.25	0.24	0.51
"7926"	0.25	0.25	0.5
"7927"	0.25	0.26	0.49
"7928"	0.25	0.27	0.48
"7929"	0.25	0.28	0.47
"7930"	0.25	0.29	0.46
"7931"	0.25	0.3	0.45
"7932"	0.25	0.31	0.44
"7933"	0.25	0.32	0.43
"7934"	0.25	0.33	0.42
"7935"	0.25	0.34	0.41
"7936"	0.25	0.35	0.4
"7937"	0.25	0.36	0.39
"7938"	0.25	0.37	0.38
"7939"	0.25	0.38	0.37
"7940"	0.25	0.39	0.36
"7941"	0.25	0.4	0.35
"7942"	0.25	0.41	0.34
"7943"	0.25	0.42	0.33
"7944"	0.25	0.43	0.32
"7945"	0.25	0.44	0.31
"7946"	0.25	0.45	0.3
"7947"	0.25	0.46	0.29
"7948"	0.25	0.47	0.28
"7949"	0.25	0.48	0.27
"7950"	0.25	0.49	0.26
"7951"	0.25	0.5	0.25
"7952"	0.25	0.51	0.24
"7953"	0.25	0.52	0.23
"7954"	0.25	0.53	0.22
"7955"	0.25	0.54	0.21
"7956"	0.25	0.55	0.2
"7957"	0.25	0.56	0.19
"7958"	0.25	0.57	0.18
"7959"	0.25	0.58	0.17
"7960"	0.25	0.59	0.16
"7961"	0.25	0.6	0.15
"7962"	0.25	0.61	0.14
"7963"	0.25	0.62	0.13
"7964"	0.25	0.63	0.12
"7965"	0.25	0.64	0.11
"7966"	0.25	0.65	0.1
"7967"	0.25	0.66	0.09
"7968"	0.25	0.67	0.08
"7969"	0.25	0.68	0.07
"7970"	0.25	0.69	0.06
"7971"	0.25	0.7	0.05
"7972"	0.25	0.71	0.04
"7973"	0.25	0.72	0.03
"7974"	0.25	0.73	0.02
"7975"	0.25	0.74	0.01
"7976"	0.25	0.75	0
"7977"	0.25	0.76	-0.01
"7978"	0.25	0.77	-0.02
"7979"	0.25	0.78	-0.03
"7980"	0.25	0.79	-0.04
"7981"	0.25	0.8	-0.05
"7982"	0.25	0.81	-0.06
"7983"	0.25	0.82	-0.07
"7984"	0.25	0.83	-0.08
"7985"	0.25	0.84	-0.09
"7986"	0.25	0.85	-0.1
"7987"	0.25	0.86	-0.11
"7988"	0.25	0.87	-0.12
"7989"	0.25	0.88	-0.13
"7990"	0.25	0.89	-0.14
"7991"	0.25	0.9	-0.15
"7992"	0.25	0.91	-0.16
"7993"	0.25	0.92	-0.17
"7994"	0.25	0.93	-0.18
"7995"	0.25	0.94	-0.19
"7996"	0.25	0.95	-0.2
"7997"	0.25	0.96	-0.21
"7998"	0.25	0.97	-0.22
"7999"	0.25	0.98	-0.23
"8000"	0.25	0.99	-0.24
"8001"	0.25	1	-0.25
"8002"	0.26	-0.26	1
"8003"	0.26	-0.25	0.99
"8004"	0.26	-0.24	0.98
"8005"	0.26	-0.23	0.97
"8006"	0.26	-0.22	0.96
"8007"	0.26	-0.21	0.95
"8008"	0.26	-0.2	0.94
"8009"	0.26	-0.19	0.93
"8010"	0.26	-0.18	0.92
"8011"	0.26	-0.17	0.91
"8012"	0.26	-0.16	0.9
"8013"	0.26	-0.15	0.89
"8014"	0.26	-0.14	0.88
"8015"	0.26	-0.13	0.87
"8016"	0.26	-0.12	0.86
"8017"	0.26	-0.11	0.85
"8018"	0.26	-0.1	0.84
"8019"	0.26	-0.09	0.83
"8020"	0.26	-0.08	0.82
"8021"	0.26	-0.07	0.81
"8022"	0.26	-0.06	0.8
"8023"	0.26	-0.05	0.79
"8024"	0.26	-0.04	0.78
"8025"	0.26	-0.03	0.77
"8026"	0.26	-0.02	0.76
"8027"	0.26	-0.01	0.75
"8028"	0.26	0	0.74
"8029"	0.26	0.01	0.73
"8030"	0.26	0.02	0.72
"8031"	0.26	0.03	0.71
"8032"	0.26	0.04	0.7
"8033"	0.26	0.05	0.69
"8034"	0.26	0.06	0.68
"8035"	0.26	0.07	0.67
"8036"	0.26	0.08	0.66
"8037"	0.26	0.09	0.65
"8038"	0.26	0.1	0.64
"8039"	0.26	0.11	0.63
"8040"	0.26	0.12	0.62
"8041"	0.26	0.13	0.61
"8042"	0.26	0.14	0.6
"8043"	0.26	0.15	0.59
"8044"	0.26	0.16	0.58
"8045"	0.26	0.17	0.57
"8046"	0.26	0.18	0.56
"8047"	0.26	0.19	0.55
"8048"	0.26	0.2	0.54
"8049"	0.26	0.21	0.53
"8050"	0.26	0.22	0.52
"8051"	0.26	0.23	0.51
"8052"	0.26	0.24	0.5
"8053"	0.26	0.25	0.49
"8054"	0.26	0.26	0.48
"8055"	0.26	0.27	0.47
"8056"	0.26	0.28	0.46
"8057"	0.26	0.29	0.45
"8058"	0.26	0.3	0.44
"8059"	0.26	0.31	0.43
"8060"	0.26	0.32	0.42
"8061"	0.26	0.33	0.41
"8062"	0.26	0.34	0.4
"8063"	0.26	0.35	0.39
"8064"	0.26	0.36	0.38
"8065"	0.26	0.37	0.37
"8066"	0.26	0.38	0.36
"8067"	0.26	0.39	0.35
"8068"	0.26	0.4	0.34
"8069"	0.26	0.41	0.33
"8070"	0.26	0.42	0.32
"8071"	0.26	0.43	0.31
"8072"	0.26	0.44	0.3
"8073"	0.26	0.45	0.29
"8074"	0.26	0.46	0.28
"8075"	0.26	0.47	0.27
"8076"	0.26	0.48	0.26
"8077"	0.26	0.49	0.25
"8078"	0.26	0.5	0.24
"8079"	0.26	0.51	0.23
"8080"	0.26	0.52	0.22
"8081"	0.26	0.53	0.21
"8082"	0.26	0.54	0.2
"8083"	0.26	0.55	0.19
"8084"	0.26	0.56	0.18
"8085"	0.26	0.57	0.17
"8086"	0.26	0.58	0.16
"8087"	0.26	0.59	0.15
"8088"	0.26	0.6	0.14
"8089"	0.26	0.61	0.13
"8090"	0.26	0.62	0.12
"8091"	0.26	0.63	0.11
"8092"	0.26	0.64	0.1
"8093"	0.26	0.65	0.09
"8094"	0.26	0.66	0.08
"8095"	0.26	0.67	0.07
"8096"	0.26	0.68	0.06
"8097"	0.26	0.69	0.05
"8098"	0.26	0.7	0.04
"8099"	0.26	0.71	0.03
"8100"	0.26	0.72	0.02
"8101"	0.26	0.73	0.01
"8102"	0.26	0.74	0
"8103"	0.26	0.75	-0.01
"8104"	0.26	0.76	-0.02
"8105"	0.26	0.77	-0.03
"8106"	0.26	0.78	-0.04
"8107"	0.26	0.79	-0.05
"8108"	0.26	0.8	-0.06
"8109"	0.26	0.81	-0.07
"8110"	0.26	0.82	-0.08
"8111"	0.26	0.83	-0.09
"8112"	0.26	0.84	-0.1
"8113"	0.26	0.85	-0.11
"8114"	0.26	0.86	-0.12
"8115"	0.26	0.87	-0.13
"8116"	0.26	0.88	-0.14
"8117"	0.26	0.89	-0.15
"8118"	0.26	0.9	-0.16
"8119"	0.26	0.91	-0.17
"8120"	0.26	0.92	-0.18
"8121"	0.26	0.93	-0.19
"8122"	0.26	0.94	-0.2
"8123"	0.26	0.95	-0.21
"8124"	0.26	0.96	-0.22
"8125"	0.26	0.97	-0.23
"8126"	0.26	0.98	-0.24
"8127"	0.26	0.99	-0.25
"8128"	0.26	1	-0.26
"8129"	0.27	-0.27	1
"8130"	0.27	-0.26	0.99
"8131"	0.27	-0.25	0.98
"8132"	0.27	-0.24	0.97
"8133"	0.27	-0.23	0.96
"8134"	0.27	-0.22	0.95
"8135"	0.27	-0.21	0.94
"8136"	0.27	-0.2	0.93
"8137"	0.27	-0.19	0.92
"8138"	0.27	-0.18	0.91
"8139"	0.27	-0.17	0.9
"8140"	0.27	-0.16	0.89
"8141"	0.27	-0.15	0.88
"8142"	0.27	-0.14	0.87
"8143"	0.27	-0.13	0.86
"8144"	0.27	-0.12	0.85
"8145"	0.27	-0.11	0.84
"8146"	0.27	-0.1	0.83
"8147"	0.27	-0.09	0.82
"8148"	0.27	-0.08	0.81
"8149"	0.27	-0.07	0.8
"8150"	0.27	-0.06	0.79
"8151"	0.27	-0.05	0.78
"8152"	0.27	-0.04	0.77
"8153"	0.27	-0.03	0.76
"8154"	0.27	-0.02	0.75
"8155"	0.27	-0.01	0.74
"8156"	0.27	0	0.73
"8157"	0.27	0.01	0.72
"8158"	0.27	0.02	0.71
"8159"	0.27	0.03	0.7
"8160"	0.27	0.04	0.69
"8161"	0.27	0.05	0.68
"8162"	0.27	0.06	0.67
"8163"	0.27	0.07	0.66
"8164"	0.27	0.08	0.65
"8165"	0.27	0.09	0.64
"8166"	0.27	0.1	0.63
"8167"	0.27	0.11	0.62
"8168"	0.27	0.12	0.61
"8169"	0.27	0.13	0.6
"8170"	0.27	0.14	0.59
"8171"	0.27	0.15	0.58
"8172"	0.27	0.16	0.57
"8173"	0.27	0.17	0.56
"8174"	0.27	0.18	0.55
"8175"	0.27	0.19	0.54
"8176"	0.27	0.2	0.53
"8177"	0.27	0.21	0.52
"8178"	0.27	0.22	0.51
"8179"	0.27	0.23	0.5
"8180"	0.27	0.24	0.49
"8181"	0.27	0.25	0.48
"8182"	0.27	0.26	0.47
"8183"	0.27	0.27	0.46
"8184"	0.27	0.28	0.45
"8185"	0.27	0.29	0.44
"8186"	0.27	0.3	0.43
"8187"	0.27	0.31	0.42
"8188"	0.27	0.32	0.41
"8189"	0.27	0.33	0.4
"8190"	0.27	0.34	0.39
"8191"	0.27	0.35	0.38
"8192"	0.27	0.36	0.37
"8193"	0.27	0.37	0.36
"8194"	0.27	0.38	0.35
"8195"	0.27	0.39	0.34
"8196"	0.27	0.4	0.33
"8197"	0.27	0.41	0.32
"8198"	0.27	0.42	0.31
"8199"	0.27	0.43	0.3
"8200"	0.27	0.44	0.29
"8201"	0.27	0.45	0.28
"8202"	0.27	0.46	0.27
"8203"	0.27	0.47	0.26
"8204"	0.27	0.48	0.25
"8205"	0.27	0.49	0.24
"8206"	0.27	0.5	0.23
"8207"	0.27	0.51	0.22
"8208"	0.27	0.52	0.21
"8209"	0.27	0.53	0.2
"8210"	0.27	0.54	0.19
"8211"	0.27	0.55	0.18
"8212"	0.27	0.56	0.17
"8213"	0.27	0.57	0.16
"8214"	0.27	0.58	0.15
"8215"	0.27	0.59	0.14
"8216"	0.27	0.6	0.13
"8217"	0.27	0.61	0.12
"8218"	0.27	0.62	0.11
"8219"	0.27	0.63	0.1
"8220"	0.27	0.64	0.09
"8221"	0.27	0.65	0.08
"8222"	0.27	0.66	0.07
"8223"	0.27	0.67	0.06
"8224"	0.27	0.68	0.05
"8225"	0.27	0.69	0.04
"8226"	0.27	0.7	0.03
"8227"	0.27	0.71	0.02
"8228"	0.27	0.72	0.01
"8229"	0.27	0.73	0
"8230"	0.27	0.74	-0.01
"8231"	0.27	0.75	-0.02
"8232"	0.27	0.76	-0.03
"8233"	0.27	0.77	-0.04
"8234"	0.27	0.78	-0.05
"8235"	0.27	0.79	-0.06
"8236"	0.27	0.8	-0.07
"8237"	0.27	0.81	-0.08
"8238"	0.27	0.82	-0.09
"8239"	0.27	0.83	-0.1
"8240"	0.27	0.84	-0.11
"8241"	0.27	0.85	-0.12
"8242"	0.27	0.86	-0.13
"8243"	0.27	0.87	-0.14
"8244"	0.27	0.88	-0.15
"8245"	0.27	0.89	-0.16
"8246"	0.27	0.9	-0.17
"8247"	0.27	0.91	-0.18
"8248"	0.27	0.92	-0.19
"8249"	0.27	0.93	-0.2
"8250"	0.27	0.94	-0.21
"8251"	0.27	0.95	-0.22
"8252"	0.27	0.96	-0.23
"8253"	0.27	0.97	-0.24
"8254"	0.27	0.98	-0.25
"8255"	0.27	0.99	-0.26
"8256"	0.27	1	-0.27
"8257"	0.28	-0.28	1
"8258"	0.28	-0.27	0.99
"8259"	0.28	-0.26	0.98
"8260"	0.28	-0.25	0.97
"8261"	0.28	-0.24	0.96
"8262"	0.28	-0.23	0.95
"8263"	0.28	-0.22	0.94
"8264"	0.28	-0.21	0.93
"8265"	0.28	-0.2	0.92
"8266"	0.28	-0.19	0.91
"8267"	0.28	-0.18	0.9
"8268"	0.28	-0.17	0.89
"8269"	0.28	-0.16	0.88
"8270"	0.28	-0.15	0.87
"8271"	0.28	-0.14	0.86
"8272"	0.28	-0.13	0.85
"8273"	0.28	-0.12	0.84
"8274"	0.28	-0.11	0.83
"8275"	0.28	-0.1	0.82
"8276"	0.28	-0.09	0.81
"8277"	0.28	-0.08	0.8
"8278"	0.28	-0.07	0.79
"8279"	0.28	-0.06	0.78
"8280"	0.28	-0.05	0.77
"8281"	0.28	-0.04	0.76
"8282"	0.28	-0.03	0.75
"8283"	0.28	-0.02	0.74
"8284"	0.28	-0.01	0.73
"8285"	0.28	0	0.72
"8286"	0.28	0.01	0.71
"8287"	0.28	0.02	0.7
"8288"	0.28	0.03	0.69
"8289"	0.28	0.04	0.68
"8290"	0.28	0.05	0.67
"8291"	0.28	0.06	0.66
"8292"	0.28	0.07	0.65
"8293"	0.28	0.08	0.64
"8294"	0.28	0.09	0.63
"8295"	0.28	0.1	0.62
"8296"	0.28	0.11	0.61
"8297"	0.28	0.12	0.6
"8298"	0.28	0.13	0.59
"8299"	0.28	0.14	0.58
"8300"	0.28	0.15	0.57
"8301"	0.28	0.16	0.56
"8302"	0.28	0.17	0.55
"8303"	0.28	0.18	0.54
"8304"	0.28	0.19	0.53
"8305"	0.28	0.2	0.52
"8306"	0.28	0.21	0.51
"8307"	0.28	0.22	0.5
"8308"	0.28	0.23	0.49
"8309"	0.28	0.24	0.48
"8310"	0.28	0.25	0.47
"8311"	0.28	0.26	0.46
"8312"	0.28	0.27	0.45
"8313"	0.28	0.28	0.44
"8314"	0.28	0.29	0.43
"8315"	0.28	0.3	0.42
"8316"	0.28	0.31	0.41
"8317"	0.28	0.32	0.4
"8318"	0.28	0.33	0.39
"8319"	0.28	0.34	0.38
"8320"	0.28	0.35	0.37
"8321"	0.28	0.36	0.36
"8322"	0.28	0.37	0.35
"8323"	0.28	0.38	0.34
"8324"	0.28	0.39	0.33
"8325"	0.28	0.4	0.32
"8326"	0.28	0.41	0.31
"8327"	0.28	0.42	0.3
"8328"	0.28	0.43	0.29
"8329"	0.28	0.44	0.28
"8330"	0.28	0.45	0.27
"8331"	0.28	0.46	0.26
"8332"	0.28	0.47	0.25
"8333"	0.28	0.48	0.24
"8334"	0.28	0.49	0.23
"8335"	0.28	0.5	0.22
"8336"	0.28	0.51	0.21
"8337"	0.28	0.52	0.2
"8338"	0.28	0.53	0.19
"8339"	0.28	0.54	0.18
"8340"	0.28	0.55	0.17
"8341"	0.28	0.56	0.16
"8342"	0.28	0.57	0.15
"8343"	0.28	0.58	0.14
"8344"	0.28	0.59	0.13
"8345"	0.28	0.6	0.12
"8346"	0.28	0.61	0.11
"8347"	0.28	0.62	0.1
"8348"	0.28	0.63	0.09
"8349"	0.28	0.64	0.08
"8350"	0.28	0.65	0.07
"8351"	0.28	0.66	0.06
"8352"	0.28	0.67	0.05
"8353"	0.28	0.68	0.04
"8354"	0.28	0.69	0.03
"8355"	0.28	0.7	0.02
"8356"	0.28	0.71	0.01
"8357"	0.28	0.72	0
"8358"	0.28	0.73	-0.01
"8359"	0.28	0.74	-0.02
"8360"	0.28	0.75	-0.03
"8361"	0.28	0.76	-0.04
"8362"	0.28	0.77	-0.05
"8363"	0.28	0.78	-0.06
"8364"	0.28	0.79	-0.07
"8365"	0.28	0.8	-0.08
"8366"	0.28	0.81	-0.09
"8367"	0.28	0.82	-0.1
"8368"	0.28	0.83	-0.11
"8369"	0.28	0.84	-0.12
"8370"	0.28	0.85	-0.13
"8371"	0.28	0.86	-0.14
"8372"	0.28	0.87	-0.15
"8373"	0.28	0.88	-0.16
"8374"	0.28	0.89	-0.17
"8375"	0.28	0.9	-0.18
"8376"	0.28	0.91	-0.19
"8377"	0.28	0.92	-0.2
"8378"	0.28	0.93	-0.21
"8379"	0.28	0.94	-0.22
"8380"	0.28	0.95	-0.23
"8381"	0.28	0.96	-0.24
"8382"	0.28	0.97	-0.25
"8383"	0.28	0.98	-0.26
"8384"	0.28	0.99	-0.27
"8385"	0.28	1	-0.28
"8386"	0.29	-0.29	1
"8387"	0.29	-0.28	0.99
"8388"	0.29	-0.27	0.98
"8389"	0.29	-0.26	0.97
"8390"	0.29	-0.25	0.96
"8391"	0.29	-0.24	0.95
"8392"	0.29	-0.23	0.94
"8393"	0.29	-0.22	0.93
"8394"	0.29	-0.21	0.92
"8395"	0.29	-0.2	0.91
"8396"	0.29	-0.19	0.9
"8397"	0.29	-0.18	0.89
"8398"	0.29	-0.17	0.88
"8399"	0.29	-0.16	0.87
"8400"	0.29	-0.15	0.86
"8401"	0.29	-0.14	0.85
"8402"	0.29	-0.13	0.84
"8403"	0.29	-0.12	0.83
"8404"	0.29	-0.11	0.82
"8405"	0.29	-0.1	0.81
"8406"	0.29	-0.09	0.8
"8407"	0.29	-0.08	0.79
"8408"	0.29	-0.07	0.78
"8409"	0.29	-0.06	0.77
"8410"	0.29	-0.05	0.76
"8411"	0.29	-0.04	0.75
"8412"	0.29	-0.03	0.74
"8413"	0.29	-0.02	0.73
"8414"	0.29	-0.01	0.72
"8415"	0.29	0	0.71
"8416"	0.29	0.01	0.7
"8417"	0.29	0.02	0.69
"8418"	0.29	0.03	0.68
"8419"	0.29	0.04	0.67
"8420"	0.29	0.05	0.66
"8421"	0.29	0.06	0.65
"8422"	0.29	0.07	0.64
"8423"	0.29	0.08	0.63
"8424"	0.29	0.09	0.62
"8425"	0.29	0.1	0.61
"8426"	0.29	0.11	0.6
"8427"	0.29	0.12	0.59
"8428"	0.29	0.13	0.58
"8429"	0.29	0.14	0.57
"8430"	0.29	0.15	0.56
"8431"	0.29	0.16	0.55
"8432"	0.29	0.17	0.54
"8433"	0.29	0.18	0.53
"8434"	0.29	0.19	0.52
"8435"	0.29	0.2	0.51
"8436"	0.29	0.21	0.5
"8437"	0.29	0.22	0.49
"8438"	0.29	0.23	0.48
"8439"	0.29	0.24	0.47
"8440"	0.29	0.25	0.46
"8441"	0.29	0.26	0.45
"8442"	0.29	0.27	0.44
"8443"	0.29	0.28	0.43
"8444"	0.29	0.29	0.42
"8445"	0.29	0.3	0.41
"8446"	0.29	0.31	0.4
"8447"	0.29	0.32	0.39
"8448"	0.29	0.33	0.38
"8449"	0.29	0.34	0.37
"8450"	0.29	0.35	0.36
"8451"	0.29	0.36	0.35
"8452"	0.29	0.37	0.34
"8453"	0.29	0.38	0.33
"8454"	0.29	0.39	0.32
"8455"	0.29	0.4	0.31
"8456"	0.29	0.41	0.3
"8457"	0.29	0.42	0.29
"8458"	0.29	0.43	0.28
"8459"	0.29	0.44	0.27
"8460"	0.29	0.45	0.26
"8461"	0.29	0.46	0.25
"8462"	0.29	0.47	0.24
"8463"	0.29	0.48	0.23
"8464"	0.29	0.49	0.22
"8465"	0.29	0.5	0.21
"8466"	0.29	0.51	0.2
"8467"	0.29	0.52	0.19
"8468"	0.29	0.53	0.18
"8469"	0.29	0.54	0.17
"8470"	0.29	0.55	0.16
"8471"	0.29	0.56	0.15
"8472"	0.29	0.57	0.14
"8473"	0.29	0.58	0.13
"8474"	0.29	0.59	0.12
"8475"	0.29	0.6	0.11
"8476"	0.29	0.61	0.1
"8477"	0.29	0.62	0.09
"8478"	0.29	0.63	0.08
"8479"	0.29	0.64	0.07
"8480"	0.29	0.65	0.06
"8481"	0.29	0.66	0.05
"8482"	0.29	0.67	0.04
"8483"	0.29	0.68	0.03
"8484"	0.29	0.69	0.02
"8485"	0.29	0.7	0.01
"8486"	0.29	0.71	0
"8487"	0.29	0.72	-0.01
"8488"	0.29	0.73	-0.02
"8489"	0.29	0.74	-0.03
"8490"	0.29	0.75	-0.04
"8491"	0.29	0.76	-0.05
"8492"	0.29	0.77	-0.06
"8493"	0.29	0.78	-0.07
"8494"	0.29	0.79	-0.08
"8495"	0.29	0.8	-0.09
"8496"	0.29	0.81	-0.1
"8497"	0.29	0.82	-0.11
"8498"	0.29	0.83	-0.12
"8499"	0.29	0.84	-0.13
"8500"	0.29	0.85	-0.14
"8501"	0.29	0.86	-0.15
"8502"	0.29	0.87	-0.16
"8503"	0.29	0.88	-0.17
"8504"	0.29	0.89	-0.18
"8505"	0.29	0.9	-0.19
"8506"	0.29	0.91	-0.2
"8507"	0.29	0.92	-0.21
"8508"	0.29	0.93	-0.22
"8509"	0.29	0.94	-0.23
"8510"	0.29	0.95	-0.24
"8511"	0.29	0.96	-0.25
"8512"	0.29	0.97	-0.26
"8513"	0.29	0.98	-0.27
"8514"	0.29	0.99	-0.28
"8515"	0.29	1	-0.29
"8516"	0.3	-0.3	1
"8517"	0.3	-0.29	0.99
"8518"	0.3	-0.28	0.98
"8519"	0.3	-0.27	0.97
"8520"	0.3	-0.26	0.96
"8521"	0.3	-0.25	0.95
"8522"	0.3	-0.24	0.94
"8523"	0.3	-0.23	0.93
"8524"	0.3	-0.22	0.92
"8525"	0.3	-0.21	0.91
"8526"	0.3	-0.2	0.9
"8527"	0.3	-0.19	0.89
"8528"	0.3	-0.18	0.88
"8529"	0.3	-0.17	0.87
"8530"	0.3	-0.16	0.86
"8531"	0.3	-0.15	0.85
"8532"	0.3	-0.14	0.84
"8533"	0.3	-0.13	0.83
"8534"	0.3	-0.12	0.82
"8535"	0.3	-0.11	0.81
"8536"	0.3	-0.1	0.8
"8537"	0.3	-0.09	0.79
"8538"	0.3	-0.08	0.78
"8539"	0.3	-0.07	0.77
"8540"	0.3	-0.06	0.76
"8541"	0.3	-0.05	0.75
"8542"	0.3	-0.04	0.74
"8543"	0.3	-0.03	0.73
"8544"	0.3	-0.02	0.72
"8545"	0.3	-0.01	0.71
"8546"	0.3	0	0.7
"8547"	0.3	0.01	0.69
"8548"	0.3	0.02	0.68
"8549"	0.3	0.03	0.67
"8550"	0.3	0.04	0.66
"8551"	0.3	0.05	0.65
"8552"	0.3	0.06	0.64
"8553"	0.3	0.07	0.63
"8554"	0.3	0.08	0.62
"8555"	0.3	0.09	0.61
"8556"	0.3	0.1	0.6
"8557"	0.3	0.11	0.59
"8558"	0.3	0.12	0.58
"8559"	0.3	0.13	0.57
"8560"	0.3	0.14	0.56
"8561"	0.3	0.15	0.55
"8562"	0.3	0.16	0.54
"8563"	0.3	0.17	0.53
"8564"	0.3	0.18	0.52
"8565"	0.3	0.19	0.51
"8566"	0.3	0.2	0.5
"8567"	0.3	0.21	0.49
"8568"	0.3	0.22	0.48
"8569"	0.3	0.23	0.47
"8570"	0.3	0.24	0.46
"8571"	0.3	0.25	0.45
"8572"	0.3	0.26	0.44
"8573"	0.3	0.27	0.43
"8574"	0.3	0.28	0.42
"8575"	0.3	0.29	0.41
"8576"	0.3	0.3	0.4
"8577"	0.3	0.31	0.39
"8578"	0.3	0.32	0.38
"8579"	0.3	0.33	0.37
"8580"	0.3	0.34	0.36
"8581"	0.3	0.35	0.35
"8582"	0.3	0.36	0.34
"8583"	0.3	0.37	0.33
"8584"	0.3	0.38	0.32
"8585"	0.3	0.39	0.31
"8586"	0.3	0.4	0.3
"8587"	0.3	0.41	0.29
"8588"	0.3	0.42	0.28
"8589"	0.3	0.43	0.27
"8590"	0.3	0.44	0.26
"8591"	0.3	0.45	0.25
"8592"	0.3	0.46	0.24
"8593"	0.3	0.47	0.23
"8594"	0.3	0.48	0.22
"8595"	0.3	0.49	0.21
"8596"	0.3	0.5	0.2
"8597"	0.3	0.51	0.19
"8598"	0.3	0.52	0.18
"8599"	0.3	0.53	0.17
"8600"	0.3	0.54	0.16
"8601"	0.3	0.55	0.15
"8602"	0.3	0.56	0.14
"8603"	0.3	0.57	0.13
"8604"	0.3	0.58	0.12
"8605"	0.3	0.59	0.11
"8606"	0.3	0.6	0.1
"8607"	0.3	0.61	0.09
"8608"	0.3	0.62	0.08
"8609"	0.3	0.63	0.07
"8610"	0.3	0.64	0.06
"8611"	0.3	0.65	0.05
"8612"	0.3	0.66	0.04
"8613"	0.3	0.67	0.03
"8614"	0.3	0.68	0.02
"8615"	0.3	0.69	0.01
"8616"	0.3	0.7	0
"8617"	0.3	0.71	-0.01
"8618"	0.3	0.72	-0.02
"8619"	0.3	0.73	-0.03
"8620"	0.3	0.74	-0.04
"8621"	0.3	0.75	-0.05
"8622"	0.3	0.76	-0.06
"8623"	0.3	0.77	-0.07
"8624"	0.3	0.78	-0.08
"8625"	0.3	0.79	-0.09
"8626"	0.3	0.8	-0.1
"8627"	0.3	0.81	-0.11
"8628"	0.3	0.82	-0.12
"8629"	0.3	0.83	-0.13
"8630"	0.3	0.84	-0.14
"8631"	0.3	0.85	-0.15
"8632"	0.3	0.86	-0.16
"8633"	0.3	0.87	-0.17
"8634"	0.3	0.88	-0.18
"8635"	0.3	0.89	-0.19
"8636"	0.3	0.9	-0.2
"8637"	0.3	0.91	-0.21
"8638"	0.3	0.92	-0.22
"8639"	0.3	0.93	-0.23
"8640"	0.3	0.94	-0.24
"8641"	0.3	0.95	-0.25
"8642"	0.3	0.96	-0.26
"8643"	0.3	0.97	-0.27
"8644"	0.3	0.98	-0.28
"8645"	0.3	0.99	-0.29
"8646"	0.3	1	-0.3
"8647"	0.31	-0.31	1
"8648"	0.31	-0.3	0.99
"8649"	0.31	-0.29	0.98
"8650"	0.31	-0.28	0.97
"8651"	0.31	-0.27	0.96
"8652"	0.31	-0.26	0.95
"8653"	0.31	-0.25	0.94
"8654"	0.31	-0.24	0.93
"8655"	0.31	-0.23	0.92
"8656"	0.31	-0.22	0.91
"8657"	0.31	-0.21	0.9
"8658"	0.31	-0.2	0.89
"8659"	0.31	-0.19	0.88
"8660"	0.31	-0.18	0.87
"8661"	0.31	-0.17	0.86
"8662"	0.31	-0.16	0.85
"8663"	0.31	-0.15	0.84
"8664"	0.31	-0.14	0.83
"8665"	0.31	-0.13	0.82
"8666"	0.31	-0.12	0.81
"8667"	0.31	-0.11	0.8
"8668"	0.31	-0.1	0.79
"8669"	0.31	-0.09	0.78
"8670"	0.31	-0.08	0.77
"8671"	0.31	-0.07	0.76
"8672"	0.31	-0.06	0.75
"8673"	0.31	-0.05	0.74
"8674"	0.31	-0.04	0.73
"8675"	0.31	-0.03	0.72
"8676"	0.31	-0.02	0.71
"8677"	0.31	-0.01	0.7
"8678"	0.31	0	0.69
"8679"	0.31	0.01	0.68
"8680"	0.31	0.02	0.67
"8681"	0.31	0.03	0.66
"8682"	0.31	0.04	0.65
"8683"	0.31	0.05	0.64
"8684"	0.31	0.06	0.63
"8685"	0.31	0.07	0.62
"8686"	0.31	0.08	0.61
"8687"	0.31	0.09	0.6
"8688"	0.31	0.1	0.59
"8689"	0.31	0.11	0.58
"8690"	0.31	0.12	0.57
"8691"	0.31	0.13	0.56
"8692"	0.31	0.14	0.55
"8693"	0.31	0.15	0.54
"8694"	0.31	0.16	0.53
"8695"	0.31	0.17	0.52
"8696"	0.31	0.18	0.51
"8697"	0.31	0.19	0.5
"8698"	0.31	0.2	0.49
"8699"	0.31	0.21	0.48
"8700"	0.31	0.22	0.47
"8701"	0.31	0.23	0.46
"8702"	0.31	0.24	0.45
"8703"	0.31	0.25	0.44
"8704"	0.31	0.26	0.43
"8705"	0.31	0.27	0.42
"8706"	0.31	0.28	0.41
"8707"	0.31	0.29	0.4
"8708"	0.31	0.3	0.39
"8709"	0.31	0.31	0.38
"8710"	0.31	0.32	0.37
"8711"	0.31	0.33	0.36
"8712"	0.31	0.34	0.35
"8713"	0.31	0.35	0.34
"8714"	0.31	0.36	0.33
"8715"	0.31	0.37	0.32
"8716"	0.31	0.38	0.31
"8717"	0.31	0.39	0.3
"8718"	0.31	0.4	0.29
"8719"	0.31	0.41	0.28
"8720"	0.31	0.42	0.27
"8721"	0.31	0.43	0.26
"8722"	0.31	0.44	0.25
"8723"	0.31	0.45	0.24
"8724"	0.31	0.46	0.23
"8725"	0.31	0.47	0.22
"8726"	0.31	0.48	0.21
"8727"	0.31	0.49	0.2
"8728"	0.31	0.5	0.19
"8729"	0.31	0.51	0.18
"8730"	0.31	0.52	0.17
"8731"	0.31	0.53	0.16
"8732"	0.31	0.54	0.15
"8733"	0.31	0.55	0.14
"8734"	0.31	0.56	0.13
"8735"	0.31	0.57	0.12
"8736"	0.31	0.58	0.11
"8737"	0.31	0.59	0.1
"8738"	0.31	0.6	0.09
"8739"	0.31	0.61	0.08
"8740"	0.31	0.62	0.07
"8741"	0.31	0.63	0.06
"8742"	0.31	0.64	0.05
"8743"	0.31	0.65	0.04
"8744"	0.31	0.66	0.03
"8745"	0.31	0.67	0.02
"8746"	0.31	0.68	0.01
"8747"	0.31	0.69	0
"8748"	0.31	0.7	-0.01
"8749"	0.31	0.71	-0.02
"8750"	0.31	0.72	-0.03
"8751"	0.31	0.73	-0.04
"8752"	0.31	0.74	-0.05
"8753"	0.31	0.75	-0.06
"8754"	0.31	0.76	-0.07
"8755"	0.31	0.77	-0.08
"8756"	0.31	0.78	-0.09
"8757"	0.31	0.79	-0.1
"8758"	0.31	0.8	-0.11
"8759"	0.31	0.81	-0.12
"8760"	0.31	0.82	-0.13
"8761"	0.31	0.83	-0.14
"8762"	0.31	0.84	-0.15
"8763"	0.31	0.85	-0.16
"8764"	0.31	0.86	-0.17
"8765"	0.31	0.87	-0.18
"8766"	0.31	0.88	-0.19
"8767"	0.31	0.89	-0.2
"8768"	0.31	0.9	-0.21
"8769"	0.31	0.91	-0.22
"8770"	0.31	0.92	-0.23
"8771"	0.31	0.93	-0.24
"8772"	0.31	0.94	-0.25
"8773"	0.31	0.95	-0.26
"8774"	0.31	0.96	-0.27
"8775"	0.31	0.97	-0.28
"8776"	0.31	0.98	-0.29
"8777"	0.31	0.99	-0.3
"8778"	0.31	1	-0.31
"8779"	0.32	-0.32	1
"8780"	0.32	-0.31	0.99
"8781"	0.32	-0.3	0.98
"8782"	0.32	-0.29	0.97
"8783"	0.32	-0.28	0.96
"8784"	0.32	-0.27	0.95
"8785"	0.32	-0.26	0.94
"8786"	0.32	-0.25	0.93
"8787"	0.32	-0.24	0.92
"8788"	0.32	-0.23	0.91
"8789"	0.32	-0.22	0.9
"8790"	0.32	-0.21	0.89
"8791"	0.32	-0.2	0.88
"8792"	0.32	-0.19	0.87
"8793"	0.32	-0.18	0.86
"8794"	0.32	-0.17	0.85
"8795"	0.32	-0.16	0.84
"8796"	0.32	-0.15	0.83
"8797"	0.32	-0.14	0.82
"8798"	0.32	-0.13	0.81
"8799"	0.32	-0.12	0.8
"8800"	0.32	-0.11	0.79
"8801"	0.32	-0.1	0.78
"8802"	0.32	-0.09	0.77
"8803"	0.32	-0.08	0.76
"8804"	0.32	-0.07	0.75
"8805"	0.32	-0.06	0.74
"8806"	0.32	-0.05	0.73
"8807"	0.32	-0.04	0.72
"8808"	0.32	-0.03	0.71
"8809"	0.32	-0.02	0.7
"8810"	0.32	-0.01	0.69
"8811"	0.32	0	0.68
"8812"	0.32	0.01	0.67
"8813"	0.32	0.02	0.66
"8814"	0.32	0.03	0.65
"8815"	0.32	0.04	0.64
"8816"	0.32	0.05	0.63
"8817"	0.32	0.06	0.62
"8818"	0.32	0.07	0.61
"8819"	0.32	0.08	0.6
"8820"	0.32	0.09	0.59
"8821"	0.32	0.1	0.58
"8822"	0.32	0.11	0.57
"8823"	0.32	0.12	0.56
"8824"	0.32	0.13	0.55
"8825"	0.32	0.14	0.54
"8826"	0.32	0.15	0.53
"8827"	0.32	0.16	0.52
"8828"	0.32	0.17	0.51
"8829"	0.32	0.18	0.5
"8830"	0.32	0.19	0.49
"8831"	0.32	0.2	0.48
"8832"	0.32	0.21	0.47
"8833"	0.32	0.22	0.46
"8834"	0.32	0.23	0.45
"8835"	0.32	0.24	0.44
"8836"	0.32	0.25	0.43
"8837"	0.32	0.26	0.42
"8838"	0.32	0.27	0.41
"8839"	0.32	0.28	0.4
"8840"	0.32	0.29	0.39
"8841"	0.32	0.3	0.38
"8842"	0.32	0.31	0.37
"8843"	0.32	0.32	0.36
"8844"	0.32	0.33	0.35
"8845"	0.32	0.34	0.34
"8846"	0.32	0.35	0.33
"8847"	0.32	0.36	0.32
"8848"	0.32	0.37	0.31
"8849"	0.32	0.38	0.3
"8850"	0.32	0.39	0.29
"8851"	0.32	0.4	0.28
"8852"	0.32	0.41	0.27
"8853"	0.32	0.42	0.26
"8854"	0.32	0.43	0.25
"8855"	0.32	0.44	0.24
"8856"	0.32	0.45	0.23
"8857"	0.32	0.46	0.22
"8858"	0.32	0.47	0.21
"8859"	0.32	0.48	0.2
"8860"	0.32	0.49	0.19
"8861"	0.32	0.5	0.18
"8862"	0.32	0.51	0.17
"8863"	0.32	0.52	0.16
"8864"	0.32	0.53	0.15
"8865"	0.32	0.54	0.14
"8866"	0.32	0.55	0.13
"8867"	0.32	0.56	0.12
"8868"	0.32	0.57	0.11
"8869"	0.32	0.58	0.1
"8870"	0.32	0.59	0.09
"8871"	0.32	0.6	0.08
"8872"	0.32	0.61	0.07
"8873"	0.32	0.62	0.06
"8874"	0.32	0.63	0.05
"8875"	0.32	0.64	0.04
"8876"	0.32	0.65	0.03
"8877"	0.32	0.66	0.02
"8878"	0.32	0.67	0.01
"8879"	0.32	0.68	0
"8880"	0.32	0.69	-0.01
"8881"	0.32	0.7	-0.02
"8882"	0.32	0.71	-0.03
"8883"	0.32	0.72	-0.04
"8884"	0.32	0.73	-0.05
"8885"	0.32	0.74	-0.06
"8886"	0.32	0.75	-0.07
"8887"	0.32	0.76	-0.08
"8888"	0.32	0.77	-0.09
"8889"	0.32	0.78	-0.1
"8890"	0.32	0.79	-0.11
"8891"	0.32	0.8	-0.12
"8892"	0.32	0.81	-0.13
"8893"	0.32	0.82	-0.14
"8894"	0.32	0.83	-0.15
"8895"	0.32	0.84	-0.16
"8896"	0.32	0.85	-0.17
"8897"	0.32	0.86	-0.18
"8898"	0.32	0.87	-0.19
"8899"	0.32	0.88	-0.2
"8900"	0.32	0.89	-0.21
"8901"	0.32	0.9	-0.22
"8902"	0.32	0.91	-0.23
"8903"	0.32	0.92	-0.24
"8904"	0.32	0.93	-0.25
"8905"	0.32	0.94	-0.26
"8906"	0.32	0.95	-0.27
"8907"	0.32	0.96	-0.28
"8908"	0.32	0.97	-0.29
"8909"	0.32	0.98	-0.3
"8910"	0.32	0.99	-0.31
"8911"	0.32	1	-0.32
"8912"	0.33	-0.33	1
"8913"	0.33	-0.32	0.99
"8914"	0.33	-0.31	0.98
"8915"	0.33	-0.3	0.97
"8916"	0.33	-0.29	0.96
"8917"	0.33	-0.28	0.95
"8918"	0.33	-0.27	0.94
"8919"	0.33	-0.26	0.93
"8920"	0.33	-0.25	0.92
"8921"	0.33	-0.24	0.91
"8922"	0.33	-0.23	0.9
"8923"	0.33	-0.22	0.89
"8924"	0.33	-0.21	0.88
"8925"	0.33	-0.2	0.87
"8926"	0.33	-0.19	0.86
"8927"	0.33	-0.18	0.85
"8928"	0.33	-0.17	0.84
"8929"	0.33	-0.16	0.83
"8930"	0.33	-0.15	0.82
"8931"	0.33	-0.14	0.81
"8932"	0.33	-0.13	0.8
"8933"	0.33	-0.12	0.79
"8934"	0.33	-0.11	0.78
"8935"	0.33	-0.1	0.77
"8936"	0.33	-0.09	0.76
"8937"	0.33	-0.08	0.75
"8938"	0.33	-0.07	0.74
"8939"	0.33	-0.06	0.73
"8940"	0.33	-0.05	0.72
"8941"	0.33	-0.04	0.71
"8942"	0.33	-0.03	0.7
"8943"	0.33	-0.02	0.69
"8944"	0.33	-0.01	0.68
"8945"	0.33	0	0.67
"8946"	0.33	0.01	0.66
"8947"	0.33	0.02	0.65
"8948"	0.33	0.03	0.64
"8949"	0.33	0.04	0.63
"8950"	0.33	0.05	0.62
"8951"	0.33	0.06	0.61
"8952"	0.33	0.07	0.6
"8953"	0.33	0.08	0.59
"8954"	0.33	0.09	0.58
"8955"	0.33	0.1	0.57
"8956"	0.33	0.11	0.56
"8957"	0.33	0.12	0.55
"8958"	0.33	0.13	0.54
"8959"	0.33	0.14	0.53
"8960"	0.33	0.15	0.52
"8961"	0.33	0.16	0.51
"8962"	0.33	0.17	0.5
"8963"	0.33	0.18	0.49
"8964"	0.33	0.19	0.48
"8965"	0.33	0.2	0.47
"8966"	0.33	0.21	0.46
"8967"	0.33	0.22	0.45
"8968"	0.33	0.23	0.44
"8969"	0.33	0.24	0.43
"8970"	0.33	0.25	0.42
"8971"	0.33	0.26	0.41
"8972"	0.33	0.27	0.4
"8973"	0.33	0.28	0.39
"8974"	0.33	0.29	0.38
"8975"	0.33	0.3	0.37
"8976"	0.33	0.31	0.36
"8977"	0.33	0.32	0.35
"8978"	0.33	0.33	0.34
"8979"	0.33	0.34	0.33
"8980"	0.33	0.35	0.32
"8981"	0.33	0.36	0.31
"8982"	0.33	0.37	0.3
"8983"	0.33	0.38	0.29
"8984"	0.33	0.39	0.28
"8985"	0.33	0.4	0.27
"8986"	0.33	0.41	0.26
"8987"	0.33	0.42	0.25
"8988"	0.33	0.43	0.24
"8989"	0.33	0.44	0.23
"8990"	0.33	0.45	0.22
"8991"	0.33	0.46	0.21
"8992"	0.33	0.47	0.2
"8993"	0.33	0.48	0.19
"8994"	0.33	0.49	0.18
"8995"	0.33	0.5	0.17
"8996"	0.33	0.51	0.16
"8997"	0.33	0.52	0.15
"8998"	0.33	0.53	0.14
"8999"	0.33	0.54	0.13
"9000"	0.33	0.55	0.12
"9001"	0.33	0.56	0.11
"9002"	0.33	0.57	0.1
"9003"	0.33	0.58	0.09
"9004"	0.33	0.59	0.08
"9005"	0.33	0.6	0.07
"9006"	0.33	0.61	0.06
"9007"	0.33	0.62	0.05
"9008"	0.33	0.63	0.04
"9009"	0.33	0.64	0.03
"9010"	0.33	0.65	0.02
"9011"	0.33	0.66	0.01
"9012"	0.33	0.67	0
"9013"	0.33	0.68	-0.01
"9014"	0.33	0.69	-0.02
"9015"	0.33	0.7	-0.03
"9016"	0.33	0.71	-0.04
"9017"	0.33	0.72	-0.05
"9018"	0.33	0.73	-0.06
"9019"	0.33	0.74	-0.07
"9020"	0.33	0.75	-0.08
"9021"	0.33	0.76	-0.09
"9022"	0.33	0.77	-0.1
"9023"	0.33	0.78	-0.11
"9024"	0.33	0.79	-0.12
"9025"	0.33	0.8	-0.13
"9026"	0.33	0.81	-0.14
"9027"	0.33	0.82	-0.15
"9028"	0.33	0.83	-0.16
"9029"	0.33	0.84	-0.17
"9030"	0.33	0.85	-0.18
"9031"	0.33	0.86	-0.19
"9032"	0.33	0.87	-0.2
"9033"	0.33	0.88	-0.21
"9034"	0.33	0.89	-0.22
"9035"	0.33	0.9	-0.23
"9036"	0.33	0.91	-0.24
"9037"	0.33	0.92	-0.25
"9038"	0.33	0.93	-0.26
"9039"	0.33	0.94	-0.27
"9040"	0.33	0.95	-0.28
"9041"	0.33	0.96	-0.29
"9042"	0.33	0.97	-0.3
"9043"	0.33	0.98	-0.31
"9044"	0.33	0.99	-0.32
"9045"	0.33	1	-0.33
"9046"	0.34	-0.34	1
"9047"	0.34	-0.33	0.99
"9048"	0.34	-0.32	0.98
"9049"	0.34	-0.31	0.97
"9050"	0.34	-0.3	0.96
"9051"	0.34	-0.29	0.95
"9052"	0.34	-0.28	0.94
"9053"	0.34	-0.27	0.93
"9054"	0.34	-0.26	0.92
"9055"	0.34	-0.25	0.91
"9056"	0.34	-0.24	0.9
"9057"	0.34	-0.23	0.89
"9058"	0.34	-0.22	0.88
"9059"	0.34	-0.21	0.87
"9060"	0.34	-0.2	0.86
"9061"	0.34	-0.19	0.85
"9062"	0.34	-0.18	0.84
"9063"	0.34	-0.17	0.83
"9064"	0.34	-0.16	0.82
"9065"	0.34	-0.15	0.81
"9066"	0.34	-0.14	0.8
"9067"	0.34	-0.13	0.79
"9068"	0.34	-0.12	0.78
"9069"	0.34	-0.11	0.77
"9070"	0.34	-0.1	0.76
"9071"	0.34	-0.09	0.75
"9072"	0.34	-0.08	0.74
"9073"	0.34	-0.07	0.73
"9074"	0.34	-0.06	0.72
"9075"	0.34	-0.05	0.71
"9076"	0.34	-0.04	0.7
"9077"	0.34	-0.03	0.69
"9078"	0.34	-0.02	0.68
"9079"	0.34	-0.01	0.67
"9080"	0.34	0	0.66
"9081"	0.34	0.01	0.65
"9082"	0.34	0.02	0.64
"9083"	0.34	0.03	0.63
"9084"	0.34	0.04	0.62
"9085"	0.34	0.05	0.61
"9086"	0.34	0.06	0.6
"9087"	0.34	0.07	0.59
"9088"	0.34	0.08	0.58
"9089"	0.34	0.09	0.57
"9090"	0.34	0.1	0.56
"9091"	0.34	0.11	0.55
"9092"	0.34	0.12	0.54
"9093"	0.34	0.13	0.53
"9094"	0.34	0.14	0.52
"9095"	0.34	0.15	0.51
"9096"	0.34	0.16	0.5
"9097"	0.34	0.17	0.49
"9098"	0.34	0.18	0.48
"9099"	0.34	0.19	0.47
"9100"	0.34	0.2	0.46
"9101"	0.34	0.21	0.45
"9102"	0.34	0.22	0.44
"9103"	0.34	0.23	0.43
"9104"	0.34	0.24	0.42
"9105"	0.34	0.25	0.41
"9106"	0.34	0.26	0.4
"9107"	0.34	0.27	0.39
"9108"	0.34	0.28	0.38
"9109"	0.34	0.29	0.37
"9110"	0.34	0.3	0.36
"9111"	0.34	0.31	0.35
"9112"	0.34	0.32	0.34
"9113"	0.34	0.33	0.33
"9114"	0.34	0.34	0.32
"9115"	0.34	0.35	0.31
"9116"	0.34	0.36	0.3
"9117"	0.34	0.37	0.29
"9118"	0.34	0.38	0.28
"9119"	0.34	0.39	0.27
"9120"	0.34	0.4	0.26
"9121"	0.34	0.41	0.25
"9122"	0.34	0.42	0.24
"9123"	0.34	0.43	0.23
"9124"	0.34	0.44	0.22
"9125"	0.34	0.45	0.21
"9126"	0.34	0.46	0.2
"9127"	0.34	0.47	0.19
"9128"	0.34	0.48	0.18
"9129"	0.34	0.49	0.17
"9130"	0.34	0.5	0.16
"9131"	0.34	0.51	0.15
"9132"	0.34	0.52	0.14
"9133"	0.34	0.53	0.13
"9134"	0.34	0.54	0.12
"9135"	0.34	0.55	0.11
"9136"	0.34	0.56	0.1
"9137"	0.34	0.57	0.09
"9138"	0.34	0.58	0.08
"9139"	0.34	0.59	0.07
"9140"	0.34	0.6	0.06
"9141"	0.34	0.61	0.05
"9142"	0.34	0.62	0.04
"9143"	0.34	0.63	0.03
"9144"	0.34	0.64	0.02
"9145"	0.34	0.65	0.01
"9146"	0.34	0.66	0
"9147"	0.34	0.67	-0.01
"9148"	0.34	0.68	-0.02
"9149"	0.34	0.69	-0.03
"9150"	0.34	0.7	-0.04
"9151"	0.34	0.71	-0.05
"9152"	0.34	0.72	-0.06
"9153"	0.34	0.73	-0.07
"9154"	0.34	0.74	-0.08
"9155"	0.34	0.75	-0.09
"9156"	0.34	0.76	-0.1
"9157"	0.34	0.77	-0.11
"9158"	0.34	0.78	-0.12
"9159"	0.34	0.79	-0.13
"9160"	0.34	0.8	-0.14
"9161"	0.34	0.81	-0.15
"9162"	0.34	0.82	-0.16
"9163"	0.34	0.83	-0.17
"9164"	0.34	0.84	-0.18
"9165"	0.34	0.85	-0.19
"9166"	0.34	0.86	-0.2
"9167"	0.34	0.87	-0.21
"9168"	0.34	0.88	-0.22
"9169"	0.34	0.89	-0.23
"9170"	0.34	0.9	-0.24
"9171"	0.34	0.91	-0.25
"9172"	0.34	0.92	-0.26
"9173"	0.34	0.93	-0.27
"9174"	0.34	0.94	-0.28
"9175"	0.34	0.95	-0.29
"9176"	0.34	0.96	-0.3
"9177"	0.34	0.97	-0.31
"9178"	0.34	0.98	-0.32
"9179"	0.34	0.99	-0.33
"9180"	0.34	1	-0.34
"9181"	0.35	-0.35	1
"9182"	0.35	-0.34	0.99
"9183"	0.35	-0.33	0.98
"9184"	0.35	-0.32	0.97
"9185"	0.35	-0.31	0.96
"9186"	0.35	-0.3	0.95
"9187"	0.35	-0.29	0.94
"9188"	0.35	-0.28	0.93
"9189"	0.35	-0.27	0.92
"9190"	0.35	-0.26	0.91
"9191"	0.35	-0.25	0.9
"9192"	0.35	-0.24	0.89
"9193"	0.35	-0.23	0.88
"9194"	0.35	-0.22	0.87
"9195"	0.35	-0.21	0.86
"9196"	0.35	-0.2	0.85
"9197"	0.35	-0.19	0.84
"9198"	0.35	-0.18	0.83
"9199"	0.35	-0.17	0.82
"9200"	0.35	-0.16	0.81
"9201"	0.35	-0.15	0.8
"9202"	0.35	-0.14	0.79
"9203"	0.35	-0.13	0.78
"9204"	0.35	-0.12	0.77
"9205"	0.35	-0.11	0.76
"9206"	0.35	-0.1	0.75
"9207"	0.35	-0.09	0.74
"9208"	0.35	-0.08	0.73
"9209"	0.35	-0.07	0.72
"9210"	0.35	-0.06	0.71
"9211"	0.35	-0.05	0.7
"9212"	0.35	-0.04	0.69
"9213"	0.35	-0.03	0.68
"9214"	0.35	-0.02	0.67
"9215"	0.35	-0.01	0.66
"9216"	0.35	0	0.65
"9217"	0.35	0.01	0.64
"9218"	0.35	0.02	0.63
"9219"	0.35	0.03	0.62
"9220"	0.35	0.04	0.61
"9221"	0.35	0.05	0.6
"9222"	0.35	0.06	0.59
"9223"	0.35	0.07	0.58
"9224"	0.35	0.08	0.57
"9225"	0.35	0.09	0.56
"9226"	0.35	0.1	0.55
"9227"	0.35	0.11	0.54
"9228"	0.35	0.12	0.53
"9229"	0.35	0.13	0.52
"9230"	0.35	0.14	0.51
"9231"	0.35	0.15	0.5
"9232"	0.35	0.16	0.49
"9233"	0.35	0.17	0.48
"9234"	0.35	0.18	0.47
"9235"	0.35	0.19	0.46
"9236"	0.35	0.2	0.45
"9237"	0.35	0.21	0.44
"9238"	0.35	0.22	0.43
"9239"	0.35	0.23	0.42
"9240"	0.35	0.24	0.41
"9241"	0.35	0.25	0.4
"9242"	0.35	0.26	0.39
"9243"	0.35	0.27	0.38
"9244"	0.35	0.28	0.37
"9245"	0.35	0.29	0.36
"9246"	0.35	0.3	0.35
"9247"	0.35	0.31	0.34
"9248"	0.35	0.32	0.33
"9249"	0.35	0.33	0.32
"9250"	0.35	0.34	0.31
"9251"	0.35	0.35	0.3
"9252"	0.35	0.36	0.29
"9253"	0.35	0.37	0.28
"9254"	0.35	0.38	0.27
"9255"	0.35	0.39	0.26
"9256"	0.35	0.4	0.25
"9257"	0.35	0.41	0.24
"9258"	0.35	0.42	0.23
"9259"	0.35	0.43	0.22
"9260"	0.35	0.44	0.21
"9261"	0.35	0.45	0.2
"9262"	0.35	0.46	0.19
"9263"	0.35	0.47	0.18
"9264"	0.35	0.48	0.17
"9265"	0.35	0.49	0.16
"9266"	0.35	0.5	0.15
"9267"	0.35	0.51	0.14
"9268"	0.35	0.52	0.13
"9269"	0.35	0.53	0.12
"9270"	0.35	0.54	0.11
"9271"	0.35	0.55	0.1
"9272"	0.35	0.56	0.09
"9273"	0.35	0.57	0.08
"9274"	0.35	0.58	0.07
"9275"	0.35	0.59	0.06
"9276"	0.35	0.6	0.05
"9277"	0.35	0.61	0.04
"9278"	0.35	0.62	0.03
"9279"	0.35	0.63	0.02
"9280"	0.35	0.64	0.01
"9281"	0.35	0.65	0
"9282"	0.35	0.66	-0.01
"9283"	0.35	0.67	-0.02
"9284"	0.35	0.68	-0.03
"9285"	0.35	0.69	-0.04
"9286"	0.35	0.7	-0.05
"9287"	0.35	0.71	-0.06
"9288"	0.35	0.72	-0.07
"9289"	0.35	0.73	-0.08
"9290"	0.35	0.74	-0.09
"9291"	0.35	0.75	-0.1
"9292"	0.35	0.76	-0.11
"9293"	0.35	0.77	-0.12
"9294"	0.35	0.78	-0.13
"9295"	0.35	0.79	-0.14
"9296"	0.35	0.8	-0.15
"9297"	0.35	0.81	-0.16
"9298"	0.35	0.82	-0.17
"9299"	0.35	0.83	-0.18
"9300"	0.35	0.84	-0.19
"9301"	0.35	0.85	-0.2
"9302"	0.35	0.86	-0.21
"9303"	0.35	0.87	-0.22
"9304"	0.35	0.88	-0.23
"9305"	0.35	0.89	-0.24
"9306"	0.35	0.9	-0.25
"9307"	0.35	0.91	-0.26
"9308"	0.35	0.92	-0.27
"9309"	0.35	0.93	-0.28
"9310"	0.35	0.94	-0.29
"9311"	0.35	0.95	-0.3
"9312"	0.35	0.96	-0.31
"9313"	0.35	0.97	-0.32
"9314"	0.35	0.98	-0.33
"9315"	0.35	0.99	-0.34
"9316"	0.35	1	-0.35
"9317"	0.36	-0.36	1
"9318"	0.36	-0.35	0.99
"9319"	0.36	-0.34	0.98
"9320"	0.36	-0.33	0.97
"9321"	0.36	-0.32	0.96
"9322"	0.36	-0.31	0.95
"9323"	0.36	-0.3	0.94
"9324"	0.36	-0.29	0.93
"9325"	0.36	-0.28	0.92
"9326"	0.36	-0.27	0.91
"9327"	0.36	-0.26	0.9
"9328"	0.36	-0.25	0.89
"9329"	0.36	-0.24	0.88
"9330"	0.36	-0.23	0.87
"9331"	0.36	-0.22	0.86
"9332"	0.36	-0.21	0.85
"9333"	0.36	-0.2	0.84
"9334"	0.36	-0.19	0.83
"9335"	0.36	-0.18	0.82
"9336"	0.36	-0.17	0.81
"9337"	0.36	-0.16	0.8
"9338"	0.36	-0.15	0.79
"9339"	0.36	-0.14	0.78
"9340"	0.36	-0.13	0.77
"9341"	0.36	-0.12	0.76
"9342"	0.36	-0.11	0.75
"9343"	0.36	-0.1	0.74
"9344"	0.36	-0.09	0.73
"9345"	0.36	-0.08	0.72
"9346"	0.36	-0.07	0.71
"9347"	0.36	-0.06	0.7
"9348"	0.36	-0.05	0.69
"9349"	0.36	-0.04	0.68
"9350"	0.36	-0.03	0.67
"9351"	0.36	-0.02	0.66
"9352"	0.36	-0.01	0.65
"9353"	0.36	0	0.64
"9354"	0.36	0.01	0.63
"9355"	0.36	0.02	0.62
"9356"	0.36	0.03	0.61
"9357"	0.36	0.04	0.6
"9358"	0.36	0.05	0.59
"9359"	0.36	0.06	0.58
"9360"	0.36	0.07	0.57
"9361"	0.36	0.08	0.56
"9362"	0.36	0.09	0.55
"9363"	0.36	0.1	0.54
"9364"	0.36	0.11	0.53
"9365"	0.36	0.12	0.52
"9366"	0.36	0.13	0.51
"9367"	0.36	0.14	0.5
"9368"	0.36	0.15	0.49
"9369"	0.36	0.16	0.48
"9370"	0.36	0.17	0.47
"9371"	0.36	0.18	0.46
"9372"	0.36	0.19	0.45
"9373"	0.36	0.2	0.44
"9374"	0.36	0.21	0.43
"9375"	0.36	0.22	0.42
"9376"	0.36	0.23	0.41
"9377"	0.36	0.24	0.4
"9378"	0.36	0.25	0.39
"9379"	0.36	0.26	0.38
"9380"	0.36	0.27	0.37
"9381"	0.36	0.28	0.36
"9382"	0.36	0.29	0.35
"9383"	0.36	0.3	0.34
"9384"	0.36	0.31	0.33
"9385"	0.36	0.32	0.32
"9386"	0.36	0.33	0.31
"9387"	0.36	0.34	0.3
"9388"	0.36	0.35	0.29
"9389"	0.36	0.36	0.28
"9390"	0.36	0.37	0.27
"9391"	0.36	0.38	0.26
"9392"	0.36	0.39	0.25
"9393"	0.36	0.4	0.24
"9394"	0.36	0.41	0.23
"9395"	0.36	0.42	0.22
"9396"	0.36	0.43	0.21
"9397"	0.36	0.44	0.2
"9398"	0.36	0.45	0.19
"9399"	0.36	0.46	0.18
"9400"	0.36	0.47	0.17
"9401"	0.36	0.48	0.16
"9402"	0.36	0.49	0.15
"9403"	0.36	0.5	0.14
"9404"	0.36	0.51	0.13
"9405"	0.36	0.52	0.12
"9406"	0.36	0.53	0.11
"9407"	0.36	0.54	0.1
"9408"	0.36	0.55	0.09
"9409"	0.36	0.56	0.08
"9410"	0.36	0.57	0.07
"9411"	0.36	0.58	0.06
"9412"	0.36	0.59	0.05
"9413"	0.36	0.6	0.04
"9414"	0.36	0.61	0.03
"9415"	0.36	0.62	0.02
"9416"	0.36	0.63	0.01
"9417"	0.36	0.64	0
"9418"	0.36	0.65	-0.01
"9419"	0.36	0.66	-0.02
"9420"	0.36	0.67	-0.03
"9421"	0.36	0.68	-0.04
"9422"	0.36	0.69	-0.05
"9423"	0.36	0.7	-0.06
"9424"	0.36	0.71	-0.07
"9425"	0.36	0.72	-0.08
"9426"	0.36	0.73	-0.09
"9427"	0.36	0.74	-0.1
"9428"	0.36	0.75	-0.11
"9429"	0.36	0.76	-0.12
"9430"	0.36	0.77	-0.13
"9431"	0.36	0.78	-0.14
"9432"	0.36	0.79	-0.15
"9433"	0.36	0.8	-0.16
"9434"	0.36	0.81	-0.17
"9435"	0.36	0.82	-0.18
"9436"	0.36	0.83	-0.19
"9437"	0.36	0.84	-0.2
"9438"	0.36	0.85	-0.21
"9439"	0.36	0.86	-0.22
"9440"	0.36	0.87	-0.23
"9441"	0.36	0.88	-0.24
"9442"	0.36	0.89	-0.25
"9443"	0.36	0.9	-0.26
"9444"	0.36	0.91	-0.27
"9445"	0.36	0.92	-0.28
"9446"	0.36	0.93	-0.29
"9447"	0.36	0.94	-0.3
"9448"	0.36	0.95	-0.31
"9449"	0.36	0.96	-0.32
"9450"	0.36	0.97	-0.33
"9451"	0.36	0.98	-0.34
"9452"	0.36	0.99	-0.35
"9453"	0.36	1	-0.36
"9454"	0.37	-0.37	1
"9455"	0.37	-0.36	0.99
"9456"	0.37	-0.35	0.98
"9457"	0.37	-0.34	0.97
"9458"	0.37	-0.33	0.96
"9459"	0.37	-0.32	0.95
"9460"	0.37	-0.31	0.94
"9461"	0.37	-0.3	0.93
"9462"	0.37	-0.29	0.92
"9463"	0.37	-0.28	0.91
"9464"	0.37	-0.27	0.9
"9465"	0.37	-0.26	0.89
"9466"	0.37	-0.25	0.88
"9467"	0.37	-0.24	0.87
"9468"	0.37	-0.23	0.86
"9469"	0.37	-0.22	0.85
"9470"	0.37	-0.21	0.84
"9471"	0.37	-0.2	0.83
"9472"	0.37	-0.19	0.82
"9473"	0.37	-0.18	0.81
"9474"	0.37	-0.17	0.8
"9475"	0.37	-0.16	0.79
"9476"	0.37	-0.15	0.78
"9477"	0.37	-0.14	0.77
"9478"	0.37	-0.13	0.76
"9479"	0.37	-0.12	0.75
"9480"	0.37	-0.11	0.74
"9481"	0.37	-0.1	0.73
"9482"	0.37	-0.09	0.72
"9483"	0.37	-0.08	0.71
"9484"	0.37	-0.07	0.7
"9485"	0.37	-0.06	0.69
"9486"	0.37	-0.05	0.68
"9487"	0.37	-0.04	0.67
"9488"	0.37	-0.03	0.66
"9489"	0.37	-0.02	0.65
"9490"	0.37	-0.01	0.64
"9491"	0.37	0	0.63
"9492"	0.37	0.01	0.62
"9493"	0.37	0.02	0.61
"9494"	0.37	0.03	0.6
"9495"	0.37	0.04	0.59
"9496"	0.37	0.05	0.58
"9497"	0.37	0.06	0.57
"9498"	0.37	0.07	0.56
"9499"	0.37	0.08	0.55
"9500"	0.37	0.09	0.54
"9501"	0.37	0.1	0.53
"9502"	0.37	0.11	0.52
"9503"	0.37	0.12	0.51
"9504"	0.37	0.13	0.5
"9505"	0.37	0.14	0.49
"9506"	0.37	0.15	0.48
"9507"	0.37	0.16	0.47
"9508"	0.37	0.17	0.46
"9509"	0.37	0.18	0.45
"9510"	0.37	0.19	0.44
"9511"	0.37	0.2	0.43
"9512"	0.37	0.21	0.42
"9513"	0.37	0.22	0.41
"9514"	0.37	0.23	0.4
"9515"	0.37	0.24	0.39
"9516"	0.37	0.25	0.38
"9517"	0.37	0.26	0.37
"9518"	0.37	0.27	0.36
"9519"	0.37	0.28	0.35
"9520"	0.37	0.29	0.34
"9521"	0.37	0.3	0.33
"9522"	0.37	0.31	0.32
"9523"	0.37	0.32	0.31
"9524"	0.37	0.33	0.3
"9525"	0.37	0.34	0.29
"9526"	0.37	0.35	0.28
"9527"	0.37	0.36	0.27
"9528"	0.37	0.37	0.26
"9529"	0.37	0.38	0.25
"9530"	0.37	0.39	0.24
"9531"	0.37	0.4	0.23
"9532"	0.37	0.41	0.22
"9533"	0.37	0.42	0.21
"9534"	0.37	0.43	0.2
"9535"	0.37	0.44	0.19
"9536"	0.37	0.45	0.18
"9537"	0.37	0.46	0.17
"9538"	0.37	0.47	0.16
"9539"	0.37	0.48	0.15
"9540"	0.37	0.49	0.14
"9541"	0.37	0.5	0.13
"9542"	0.37	0.51	0.12
"9543"	0.37	0.52	0.11
"9544"	0.37	0.53	0.1
"9545"	0.37	0.54	0.09
"9546"	0.37	0.55	0.08
"9547"	0.37	0.56	0.07
"9548"	0.37	0.57	0.06
"9549"	0.37	0.58	0.05
"9550"	0.37	0.59	0.04
"9551"	0.37	0.6	0.03
"9552"	0.37	0.61	0.02
"9553"	0.37	0.62	0.01
"9554"	0.37	0.63	0
"9555"	0.37	0.64	-0.01
"9556"	0.37	0.65	-0.02
"9557"	0.37	0.66	-0.03
"9558"	0.37	0.67	-0.04
"9559"	0.37	0.68	-0.05
"9560"	0.37	0.69	-0.06
"9561"	0.37	0.7	-0.07
"9562"	0.37	0.71	-0.08
"9563"	0.37	0.72	-0.09
"9564"	0.37	0.73	-0.1
"9565"	0.37	0.74	-0.11
"9566"	0.37	0.75	-0.12
"9567"	0.37	0.76	-0.13
"9568"	0.37	0.77	-0.14
"9569"	0.37	0.78	-0.15
"9570"	0.37	0.79	-0.16
"9571"	0.37	0.8	-0.17
"9572"	0.37	0.81	-0.18
"9573"	0.37	0.82	-0.19
"9574"	0.37	0.83	-0.2
"9575"	0.37	0.84	-0.21
"9576"	0.37	0.85	-0.22
"9577"	0.37	0.86	-0.23
"9578"	0.37	0.87	-0.24
"9579"	0.37	0.88	-0.25
"9580"	0.37	0.89	-0.26
"9581"	0.37	0.9	-0.27
"9582"	0.37	0.91	-0.28
"9583"	0.37	0.92	-0.29
"9584"	0.37	0.93	-0.3
"9585"	0.37	0.94	-0.31
"9586"	0.37	0.95	-0.32
"9587"	0.37	0.96	-0.33
"9588"	0.37	0.97	-0.34
"9589"	0.37	0.98	-0.35
"9590"	0.37	0.99	-0.36
"9591"	0.37	1	-0.37
"9592"	0.38	-0.38	1
"9593"	0.38	-0.37	0.99
"9594"	0.38	-0.36	0.98
"9595"	0.38	-0.35	0.97
"9596"	0.38	-0.34	0.96
"9597"	0.38	-0.33	0.95
"9598"	0.38	-0.32	0.94
"9599"	0.38	-0.31	0.93
"9600"	0.38	-0.3	0.92
"9601"	0.38	-0.29	0.91
"9602"	0.38	-0.28	0.9
"9603"	0.38	-0.27	0.89
"9604"	0.38	-0.26	0.88
"9605"	0.38	-0.25	0.87
"9606"	0.38	-0.24	0.86
"9607"	0.38	-0.23	0.85
"9608"	0.38	-0.22	0.84
"9609"	0.38	-0.21	0.83
"9610"	0.38	-0.2	0.82
"9611"	0.38	-0.19	0.81
"9612"	0.38	-0.18	0.8
"9613"	0.38	-0.17	0.79
"9614"	0.38	-0.16	0.78
"9615"	0.38	-0.15	0.77
"9616"	0.38	-0.14	0.76
"9617"	0.38	-0.13	0.75
"9618"	0.38	-0.12	0.74
"9619"	0.38	-0.11	0.73
"9620"	0.38	-0.1	0.72
"9621"	0.38	-0.09	0.71
"9622"	0.38	-0.08	0.7
"9623"	0.38	-0.07	0.69
"9624"	0.38	-0.06	0.68
"9625"	0.38	-0.05	0.67
"9626"	0.38	-0.04	0.66
"9627"	0.38	-0.03	0.65
"9628"	0.38	-0.02	0.64
"9629"	0.38	-0.01	0.63
"9630"	0.38	0	0.62
"9631"	0.38	0.01	0.61
"9632"	0.38	0.02	0.6
"9633"	0.38	0.03	0.59
"9634"	0.38	0.04	0.58
"9635"	0.38	0.05	0.57
"9636"	0.38	0.06	0.56
"9637"	0.38	0.07	0.55
"9638"	0.38	0.08	0.54
"9639"	0.38	0.09	0.53
"9640"	0.38	0.1	0.52
"9641"	0.38	0.11	0.51
"9642"	0.38	0.12	0.5
"9643"	0.38	0.13	0.49
"9644"	0.38	0.14	0.48
"9645"	0.38	0.15	0.47
"9646"	0.38	0.16	0.46
"9647"	0.38	0.17	0.45
"9648"	0.38	0.18	0.44
"9649"	0.38	0.19	0.43
"9650"	0.38	0.2	0.42
"9651"	0.38	0.21	0.41
"9652"	0.38	0.22	0.4
"9653"	0.38	0.23	0.39
"9654"	0.38	0.24	0.38
"9655"	0.38	0.25	0.37
"9656"	0.38	0.26	0.36
"9657"	0.38	0.27	0.35
"9658"	0.38	0.28	0.34
"9659"	0.38	0.29	0.33
"9660"	0.38	0.3	0.32
"9661"	0.38	0.31	0.31
"9662"	0.38	0.32	0.3
"9663"	0.38	0.33	0.29
"9664"	0.38	0.34	0.28
"9665"	0.38	0.35	0.27
"9666"	0.38	0.36	0.26
"9667"	0.38	0.37	0.25
"9668"	0.38	0.38	0.24
"9669"	0.38	0.39	0.23
"9670"	0.38	0.4	0.22
"9671"	0.38	0.41	0.21
"9672"	0.38	0.42	0.2
"9673"	0.38	0.43	0.19
"9674"	0.38	0.44	0.18
"9675"	0.38	0.45	0.17
"9676"	0.38	0.46	0.16
"9677"	0.38	0.47	0.15
"9678"	0.38	0.48	0.14
"9679"	0.38	0.49	0.13
"9680"	0.38	0.5	0.12
"9681"	0.38	0.51	0.11
"9682"	0.38	0.52	0.1
"9683"	0.38	0.53	0.09
"9684"	0.38	0.54	0.08
"9685"	0.38	0.55	0.07
"9686"	0.38	0.56	0.06
"9687"	0.38	0.57	0.05
"9688"	0.38	0.58	0.04
"9689"	0.38	0.59	0.03
"9690"	0.38	0.6	0.02
"9691"	0.38	0.61	0.01
"9692"	0.38	0.62	0
"9693"	0.38	0.63	-0.01
"9694"	0.38	0.64	-0.02
"9695"	0.38	0.65	-0.03
"9696"	0.38	0.66	-0.04
"9697"	0.38	0.67	-0.05
"9698"	0.38	0.68	-0.06
"9699"	0.38	0.69	-0.07
"9700"	0.38	0.7	-0.08
"9701"	0.38	0.71	-0.09
"9702"	0.38	0.72	-0.1
"9703"	0.38	0.73	-0.11
"9704"	0.38	0.74	-0.12
"9705"	0.38	0.75	-0.13
"9706"	0.38	0.76	-0.14
"9707"	0.38	0.77	-0.15
"9708"	0.38	0.78	-0.16
"9709"	0.38	0.79	-0.17
"9710"	0.38	0.8	-0.18
"9711"	0.38	0.81	-0.19
"9712"	0.38	0.82	-0.2
"9713"	0.38	0.83	-0.21
"9714"	0.38	0.84	-0.22
"9715"	0.38	0.85	-0.23
"9716"	0.38	0.86	-0.24
"9717"	0.38	0.87	-0.25
"9718"	0.38	0.88	-0.26
"9719"	0.38	0.89	-0.27
"9720"	0.38	0.9	-0.28
"9721"	0.38	0.91	-0.29
"9722"	0.38	0.92	-0.3
"9723"	0.38	0.93	-0.31
"9724"	0.38	0.94	-0.32
"9725"	0.38	0.95	-0.33
"9726"	0.38	0.96	-0.34
"9727"	0.38	0.97	-0.35
"9728"	0.38	0.98	-0.36
"9729"	0.38	0.99	-0.37
"9730"	0.38	1	-0.38
"9731"	0.39	-0.39	1
"9732"	0.39	-0.38	0.99
"9733"	0.39	-0.37	0.98
"9734"	0.39	-0.36	0.97
"9735"	0.39	-0.35	0.96
"9736"	0.39	-0.34	0.95
"9737"	0.39	-0.33	0.94
"9738"	0.39	-0.32	0.93
"9739"	0.39	-0.31	0.92
"9740"	0.39	-0.3	0.91
"9741"	0.39	-0.29	0.9
"9742"	0.39	-0.28	0.89
"9743"	0.39	-0.27	0.88
"9744"	0.39	-0.26	0.87
"9745"	0.39	-0.25	0.86
"9746"	0.39	-0.24	0.85
"9747"	0.39	-0.23	0.84
"9748"	0.39	-0.22	0.83
"9749"	0.39	-0.21	0.82
"9750"	0.39	-0.2	0.81
"9751"	0.39	-0.19	0.8
"9752"	0.39	-0.18	0.79
"9753"	0.39	-0.17	0.78
"9754"	0.39	-0.16	0.77
"9755"	0.39	-0.15	0.76
"9756"	0.39	-0.14	0.75
"9757"	0.39	-0.13	0.74
"9758"	0.39	-0.12	0.73
"9759"	0.39	-0.11	0.72
"9760"	0.39	-0.1	0.71
"9761"	0.39	-0.09	0.7
"9762"	0.39	-0.08	0.69
"9763"	0.39	-0.07	0.68
"9764"	0.39	-0.06	0.67
"9765"	0.39	-0.05	0.66
"9766"	0.39	-0.04	0.65
"9767"	0.39	-0.03	0.64
"9768"	0.39	-0.02	0.63
"9769"	0.39	-0.01	0.62
"9770"	0.39	0	0.61
"9771"	0.39	0.01	0.6
"9772"	0.39	0.02	0.59
"9773"	0.39	0.03	0.58
"9774"	0.39	0.04	0.57
"9775"	0.39	0.05	0.56
"9776"	0.39	0.06	0.55
"9777"	0.39	0.07	0.54
"9778"	0.39	0.08	0.53
"9779"	0.39	0.09	0.52
"9780"	0.39	0.1	0.51
"9781"	0.39	0.11	0.5
"9782"	0.39	0.12	0.49
"9783"	0.39	0.13	0.48
"9784"	0.39	0.14	0.47
"9785"	0.39	0.15	0.46
"9786"	0.39	0.16	0.45
"9787"	0.39	0.17	0.44
"9788"	0.39	0.18	0.43
"9789"	0.39	0.19	0.42
"9790"	0.39	0.2	0.41
"9791"	0.39	0.21	0.4
"9792"	0.39	0.22	0.39
"9793"	0.39	0.23	0.38
"9794"	0.39	0.24	0.37
"9795"	0.39	0.25	0.36
"9796"	0.39	0.26	0.35
"9797"	0.39	0.27	0.34
"9798"	0.39	0.28	0.33
"9799"	0.39	0.29	0.32
"9800"	0.39	0.3	0.31
"9801"	0.39	0.31	0.3
"9802"	0.39	0.32	0.29
"9803"	0.39	0.33	0.28
"9804"	0.39	0.34	0.27
"9805"	0.39	0.35	0.26
"9806"	0.39	0.36	0.25
"9807"	0.39	0.37	0.24
"9808"	0.39	0.38	0.23
"9809"	0.39	0.39	0.22
"9810"	0.39	0.4	0.21
"9811"	0.39	0.41	0.2
"9812"	0.39	0.42	0.19
"9813"	0.39	0.43	0.18
"9814"	0.39	0.44	0.17
"9815"	0.39	0.45	0.16
"9816"	0.39	0.46	0.15
"9817"	0.39	0.47	0.14
"9818"	0.39	0.48	0.13
"9819"	0.39	0.49	0.12
"9820"	0.39	0.5	0.11
"9821"	0.39	0.51	0.1
"9822"	0.39	0.52	0.09
"9823"	0.39	0.53	0.08
"9824"	0.39	0.54	0.07
"9825"	0.39	0.55	0.06
"9826"	0.39	0.56	0.05
"9827"	0.39	0.57	0.04
"9828"	0.39	0.58	0.03
"9829"	0.39	0.59	0.02
"9830"	0.39	0.6	0.01
"9831"	0.39	0.61	0
"9832"	0.39	0.62	-0.01
"9833"	0.39	0.63	-0.02
"9834"	0.39	0.64	-0.03
"9835"	0.39	0.65	-0.04
"9836"	0.39	0.66	-0.05
"9837"	0.39	0.67	-0.06
"9838"	0.39	0.68	-0.07
"9839"	0.39	0.69	-0.08
"9840"	0.39	0.7	-0.09
"9841"	0.39	0.71	-0.1
"9842"	0.39	0.72	-0.11
"9843"	0.39	0.73	-0.12
"9844"	0.39	0.74	-0.13
"9845"	0.39	0.75	-0.14
"9846"	0.39	0.76	-0.15
"9847"	0.39	0.77	-0.16
"9848"	0.39	0.78	-0.17
"9849"	0.39	0.79	-0.18
"9850"	0.39	0.8	-0.19
"9851"	0.39	0.81	-0.2
"9852"	0.39	0.82	-0.21
"9853"	0.39	0.83	-0.22
"9854"	0.39	0.84	-0.23
"9855"	0.39	0.85	-0.24
"9856"	0.39	0.86	-0.25
"9857"	0.39	0.87	-0.26
"9858"	0.39	0.88	-0.27
"9859"	0.39	0.89	-0.28
"9860"	0.39	0.9	-0.29
"9861"	0.39	0.91	-0.3
"9862"	0.39	0.92	-0.31
"9863"	0.39	0.93	-0.32
"9864"	0.39	0.94	-0.33
"9865"	0.39	0.95	-0.34
"9866"	0.39	0.96	-0.35
"9867"	0.39	0.97	-0.36
"9868"	0.39	0.98	-0.37
"9869"	0.39	0.99	-0.38
"9870"	0.39	1	-0.39
"9871"	0.4	-0.4	1
"9872"	0.4	-0.39	0.99
"9873"	0.4	-0.38	0.98
"9874"	0.4	-0.37	0.97
"9875"	0.4	-0.36	0.96
"9876"	0.4	-0.35	0.95
"9877"	0.4	-0.34	0.94
"9878"	0.4	-0.33	0.93
"9879"	0.4	-0.32	0.92
"9880"	0.4	-0.31	0.91
"9881"	0.4	-0.3	0.9
"9882"	0.4	-0.29	0.89
"9883"	0.4	-0.28	0.88
"9884"	0.4	-0.27	0.87
"9885"	0.4	-0.26	0.86
"9886"	0.4	-0.25	0.85
"9887"	0.4	-0.24	0.84
"9888"	0.4	-0.23	0.83
"9889"	0.4	-0.22	0.82
"9890"	0.4	-0.21	0.81
"9891"	0.4	-0.2	0.8
"9892"	0.4	-0.19	0.79
"9893"	0.4	-0.18	0.78
"9894"	0.4	-0.17	0.77
"9895"	0.4	-0.16	0.76
"9896"	0.4	-0.15	0.75
"9897"	0.4	-0.14	0.74
"9898"	0.4	-0.13	0.73
"9899"	0.4	-0.12	0.72
"9900"	0.4	-0.11	0.71
"9901"	0.4	-0.1	0.7
"9902"	0.4	-0.09	0.69
"9903"	0.4	-0.08	0.68
"9904"	0.4	-0.07	0.67
"9905"	0.4	-0.06	0.66
"9906"	0.4	-0.05	0.65
"9907"	0.4	-0.04	0.64
"9908"	0.4	-0.03	0.63
"9909"	0.4	-0.02	0.62
"9910"	0.4	-0.01	0.61
"9911"	0.4	0	0.6
"9912"	0.4	0.01	0.59
"9913"	0.4	0.02	0.58
"9914"	0.4	0.03	0.57
"9915"	0.4	0.04	0.56
"9916"	0.4	0.05	0.55
"9917"	0.4	0.06	0.54
"9918"	0.4	0.07	0.53
"9919"	0.4	0.08	0.52
"9920"	0.4	0.09	0.51
"9921"	0.4	0.1	0.5
"9922"	0.4	0.11	0.49
"9923"	0.4	0.12	0.48
"9924"	0.4	0.13	0.47
"9925"	0.4	0.14	0.46
"9926"	0.4	0.15	0.45
"9927"	0.4	0.16	0.44
"9928"	0.4	0.17	0.43
"9929"	0.4	0.18	0.42
"9930"	0.4	0.19	0.41
"9931"	0.4	0.2	0.4
"9932"	0.4	0.21	0.39
"9933"	0.4	0.22	0.38
"9934"	0.4	0.23	0.37
"9935"	0.4	0.24	0.36
"9936"	0.4	0.25	0.35
"9937"	0.4	0.26	0.34
"9938"	0.4	0.27	0.33
"9939"	0.4	0.28	0.32
"9940"	0.4	0.29	0.31
"9941"	0.4	0.3	0.3
"9942"	0.4	0.31	0.29
"9943"	0.4	0.32	0.28
"9944"	0.4	0.33	0.27
"9945"	0.4	0.34	0.26
"9946"	0.4	0.35	0.25
"9947"	0.4	0.36	0.24
"9948"	0.4	0.37	0.23
"9949"	0.4	0.38	0.22
"9950"	0.4	0.39	0.21
"9951"	0.4	0.4	0.2
"9952"	0.4	0.41	0.19
"9953"	0.4	0.42	0.18
"9954"	0.4	0.43	0.17
"9955"	0.4	0.44	0.16
"9956"	0.4	0.45	0.15
"9957"	0.4	0.46	0.14
"9958"	0.4	0.47	0.13
"9959"	0.4	0.48	0.12
"9960"	0.4	0.49	0.11
"9961"	0.4	0.5	0.1
"9962"	0.4	0.51	0.09
"9963"	0.4	0.52	0.08
"9964"	0.4	0.53	0.07
"9965"	0.4	0.54	0.06
"9966"	0.4	0.55	0.05
"9967"	0.4	0.56	0.04
"9968"	0.4	0.57	0.03
"9969"	0.4	0.58	0.02
"9970"	0.4	0.59	0.01
"9971"	0.4	0.6	0
"9972"	0.4	0.61	-0.01
"9973"	0.4	0.62	-0.02
"9974"	0.4	0.63	-0.03
"9975"	0.4	0.64	-0.04
"9976"	0.4	0.65	-0.05
"9977"	0.4	0.66	-0.06
"9978"	0.4	0.67	-0.07
"9979"	0.4	0.68	-0.08
"9980"	0.4	0.69	-0.09
"9981"	0.4	0.7	-0.1
"9982"	0.4	0.71	-0.11
"9983"	0.4	0.72	-0.12
"9984"	0.4	0.73	-0.13
"9985"	0.4	0.74	-0.14
"9986"	0.4	0.75	-0.15
"9987"	0.4	0.76	-0.16
"9988"	0.4	0.77	-0.17
"9989"	0.4	0.78	-0.18
"9990"	0.4	0.79	-0.19
"9991"	0.4	0.8	-0.2
"9992"	0.4	0.81	-0.21
"9993"	0.4	0.82	-0.22
"9994"	0.4	0.83	-0.23
"9995"	0.4	0.84	-0.24
"9996"	0.4	0.85	-0.25
"9997"	0.4	0.86	-0.26
"9998"	0.4	0.87	-0.27
"9999"	0.4	0.88	-0.28
"10000"	0.4	0.89	-0.29
"10001"	0.4	0.9	-0.3
"10002"	0.4	0.91	-0.31
"10003"	0.4	0.92	-0.32
"10004"	0.4	0.93	-0.33
"10005"	0.4	0.94	-0.34
"10006"	0.4	0.95	-0.35
"10007"	0.4	0.96	-0.36
"10008"	0.4	0.97	-0.37
"10009"	0.4	0.98	-0.38
"10010"	0.4	0.99	-0.39
"10011"	0.4	1	-0.4
"10012"	0.41	-0.41	1
"10013"	0.41	-0.4	0.99
"10014"	0.41	-0.39	0.98
"10015"	0.41	-0.38	0.97
"10016"	0.41	-0.37	0.96
"10017"	0.41	-0.36	0.95
"10018"	0.41	-0.35	0.94
"10019"	0.41	-0.34	0.93
"10020"	0.41	-0.33	0.92
"10021"	0.41	-0.32	0.91
"10022"	0.41	-0.31	0.9
"10023"	0.41	-0.3	0.89
"10024"	0.41	-0.29	0.88
"10025"	0.41	-0.28	0.87
"10026"	0.41	-0.27	0.86
"10027"	0.41	-0.26	0.85
"10028"	0.41	-0.25	0.84
"10029"	0.41	-0.24	0.83
"10030"	0.41	-0.23	0.82
"10031"	0.41	-0.22	0.81
"10032"	0.41	-0.21	0.8
"10033"	0.41	-0.2	0.79
"10034"	0.41	-0.19	0.78
"10035"	0.41	-0.18	0.77
"10036"	0.41	-0.17	0.76
"10037"	0.41	-0.16	0.75
"10038"	0.41	-0.15	0.74
"10039"	0.41	-0.14	0.73
"10040"	0.41	-0.13	0.72
"10041"	0.41	-0.12	0.71
"10042"	0.41	-0.11	0.7
"10043"	0.41	-0.1	0.69
"10044"	0.41	-0.09	0.68
"10045"	0.41	-0.08	0.67
"10046"	0.41	-0.07	0.66
"10047"	0.41	-0.06	0.65
"10048"	0.41	-0.05	0.64
"10049"	0.41	-0.04	0.63
"10050"	0.41	-0.03	0.62
"10051"	0.41	-0.02	0.61
"10052"	0.41	-0.01	0.6
"10053"	0.41	0	0.59
"10054"	0.41	0.01	0.58
"10055"	0.41	0.02	0.57
"10056"	0.41	0.03	0.56
"10057"	0.41	0.04	0.55
"10058"	0.41	0.05	0.54
"10059"	0.41	0.06	0.53
"10060"	0.41	0.07	0.52
"10061"	0.41	0.08	0.51
"10062"	0.41	0.09	0.5
"10063"	0.41	0.1	0.49
"10064"	0.41	0.11	0.48
"10065"	0.41	0.12	0.47
"10066"	0.41	0.13	0.46
"10067"	0.41	0.14	0.45
"10068"	0.41	0.15	0.44
"10069"	0.41	0.16	0.43
"10070"	0.41	0.17	0.42
"10071"	0.41	0.18	0.41
"10072"	0.41	0.19	0.4
"10073"	0.41	0.2	0.39
"10074"	0.41	0.21	0.38
"10075"	0.41	0.22	0.37
"10076"	0.41	0.23	0.36
"10077"	0.41	0.24	0.35
"10078"	0.41	0.25	0.34
"10079"	0.41	0.26	0.33
"10080"	0.41	0.27	0.32
"10081"	0.41	0.28	0.31
"10082"	0.41	0.29	0.3
"10083"	0.41	0.3	0.29
"10084"	0.41	0.31	0.28
"10085"	0.41	0.32	0.27
"10086"	0.41	0.33	0.26
"10087"	0.41	0.34	0.25
"10088"	0.41	0.35	0.24
"10089"	0.41	0.36	0.23
"10090"	0.41	0.37	0.22
"10091"	0.41	0.38	0.21
"10092"	0.41	0.39	0.2
"10093"	0.41	0.4	0.19
"10094"	0.41	0.41	0.18
"10095"	0.41	0.42	0.17
"10096"	0.41	0.43	0.16
"10097"	0.41	0.44	0.15
"10098"	0.41	0.45	0.14
"10099"	0.41	0.46	0.13
"10100"	0.41	0.47	0.12
"10101"	0.41	0.48	0.11
"10102"	0.41	0.49	0.1
"10103"	0.41	0.5	0.09
"10104"	0.41	0.51	0.08
"10105"	0.41	0.52	0.07
"10106"	0.41	0.53	0.06
"10107"	0.41	0.54	0.05
"10108"	0.41	0.55	0.04
"10109"	0.41	0.56	0.03
"10110"	0.41	0.57	0.02
"10111"	0.41	0.58	0.01
"10112"	0.41	0.59	0
"10113"	0.41	0.6	-0.01
"10114"	0.41	0.61	-0.02
"10115"	0.41	0.62	-0.03
"10116"	0.41	0.63	-0.04
"10117"	0.41	0.64	-0.05
"10118"	0.41	0.65	-0.06
"10119"	0.41	0.66	-0.07
"10120"	0.41	0.67	-0.08
"10121"	0.41	0.68	-0.09
"10122"	0.41	0.69	-0.1
"10123"	0.41	0.7	-0.11
"10124"	0.41	0.71	-0.12
"10125"	0.41	0.72	-0.13
"10126"	0.41	0.73	-0.14
"10127"	0.41	0.74	-0.15
"10128"	0.41	0.75	-0.16
"10129"	0.41	0.76	-0.17
"10130"	0.41	0.77	-0.18
"10131"	0.41	0.78	-0.19
"10132"	0.41	0.79	-0.2
"10133"	0.41	0.8	-0.21
"10134"	0.41	0.81	-0.22
"10135"	0.41	0.82	-0.23
"10136"	0.41	0.83	-0.24
"10137"	0.41	0.84	-0.25
"10138"	0.41	0.85	-0.26
"10139"	0.41	0.86	-0.27
"10140"	0.41	0.87	-0.28
"10141"	0.41	0.88	-0.29
"10142"	0.41	0.89	-0.3
"10143"	0.41	0.9	-0.31
"10144"	0.41	0.91	-0.32
"10145"	0.41	0.92	-0.33
"10146"	0.41	0.93	-0.34
"10147"	0.41	0.94	-0.35
"10148"	0.41	0.95	-0.36
"10149"	0.41	0.96	-0.37
"10150"	0.41	0.97	-0.38
"10151"	0.41	0.98	-0.39
"10152"	0.41	0.99	-0.4
"10153"	0.41	1	-0.41
"10154"	0.42	-0.42	1
"10155"	0.42	-0.41	0.99
"10156"	0.42	-0.4	0.98
"10157"	0.42	-0.39	0.97
"10158"	0.42	-0.38	0.96
"10159"	0.42	-0.37	0.95
"10160"	0.42	-0.36	0.94
"10161"	0.42	-0.35	0.93
"10162"	0.42	-0.34	0.92
"10163"	0.42	-0.33	0.91
"10164"	0.42	-0.32	0.9
"10165"	0.42	-0.31	0.89
"10166"	0.42	-0.3	0.88
"10167"	0.42	-0.29	0.87
"10168"	0.42	-0.28	0.86
"10169"	0.42	-0.27	0.85
"10170"	0.42	-0.26	0.84
"10171"	0.42	-0.25	0.83
"10172"	0.42	-0.24	0.82
"10173"	0.42	-0.23	0.81
"10174"	0.42	-0.22	0.8
"10175"	0.42	-0.21	0.79
"10176"	0.42	-0.2	0.78
"10177"	0.42	-0.19	0.77
"10178"	0.42	-0.18	0.76
"10179"	0.42	-0.17	0.75
"10180"	0.42	-0.16	0.74
"10181"	0.42	-0.15	0.73
"10182"	0.42	-0.14	0.72
"10183"	0.42	-0.13	0.71
"10184"	0.42	-0.12	0.7
"10185"	0.42	-0.11	0.69
"10186"	0.42	-0.1	0.68
"10187"	0.42	-0.09	0.67
"10188"	0.42	-0.08	0.66
"10189"	0.42	-0.07	0.65
"10190"	0.42	-0.06	0.64
"10191"	0.42	-0.05	0.63
"10192"	0.42	-0.04	0.62
"10193"	0.42	-0.03	0.61
"10194"	0.42	-0.02	0.6
"10195"	0.42	-0.01	0.59
"10196"	0.42	0	0.58
"10197"	0.42	0.01	0.57
"10198"	0.42	0.02	0.56
"10199"	0.42	0.03	0.55
"10200"	0.42	0.04	0.54
"10201"	0.42	0.05	0.53
"10202"	0.42	0.06	0.52
"10203"	0.42	0.07	0.51
"10204"	0.42	0.08	0.5
"10205"	0.42	0.09	0.49
"10206"	0.42	0.1	0.48
"10207"	0.42	0.11	0.47
"10208"	0.42	0.12	0.46
"10209"	0.42	0.13	0.45
"10210"	0.42	0.14	0.44
"10211"	0.42	0.15	0.43
"10212"	0.42	0.16	0.42
"10213"	0.42	0.17	0.41
"10214"	0.42	0.18	0.4
"10215"	0.42	0.19	0.39
"10216"	0.42	0.2	0.38
"10217"	0.42	0.21	0.37
"10218"	0.42	0.22	0.36
"10219"	0.42	0.23	0.35
"10220"	0.42	0.24	0.34
"10221"	0.42	0.25	0.33
"10222"	0.42	0.26	0.32
"10223"	0.42	0.27	0.31
"10224"	0.42	0.28	0.3
"10225"	0.42	0.29	0.29
"10226"	0.42	0.3	0.28
"10227"	0.42	0.31	0.27
"10228"	0.42	0.32	0.26
"10229"	0.42	0.33	0.25
"10230"	0.42	0.34	0.24
"10231"	0.42	0.35	0.23
"10232"	0.42	0.36	0.22
"10233"	0.42	0.37	0.21
"10234"	0.42	0.38	0.2
"10235"	0.42	0.39	0.19
"10236"	0.42	0.4	0.18
"10237"	0.42	0.41	0.17
"10238"	0.42	0.42	0.16
"10239"	0.42	0.43	0.15
"10240"	0.42	0.44	0.14
"10241"	0.42	0.45	0.13
"10242"	0.42	0.46	0.12
"10243"	0.42	0.47	0.11
"10244"	0.42	0.48	0.1
"10245"	0.42	0.49	0.09
"10246"	0.42	0.5	0.08
"10247"	0.42	0.51	0.07
"10248"	0.42	0.52	0.06
"10249"	0.42	0.53	0.05
"10250"	0.42	0.54	0.04
"10251"	0.42	0.55	0.03
"10252"	0.42	0.56	0.02
"10253"	0.42	0.57	0.01
"10254"	0.42	0.58	0
"10255"	0.42	0.59	-0.01
"10256"	0.42	0.6	-0.02
"10257"	0.42	0.61	-0.03
"10258"	0.42	0.62	-0.04
"10259"	0.42	0.63	-0.05
"10260"	0.42	0.64	-0.06
"10261"	0.42	0.65	-0.07
"10262"	0.42	0.66	-0.08
"10263"	0.42	0.67	-0.09
"10264"	0.42	0.68	-0.1
"10265"	0.42	0.69	-0.11
"10266"	0.42	0.7	-0.12
"10267"	0.42	0.71	-0.13
"10268"	0.42	0.72	-0.14
"10269"	0.42	0.73	-0.15
"10270"	0.42	0.74	-0.16
"10271"	0.42	0.75	-0.17
"10272"	0.42	0.76	-0.18
"10273"	0.42	0.77	-0.19
"10274"	0.42	0.78	-0.2
"10275"	0.42	0.79	-0.21
"10276"	0.42	0.8	-0.22
"10277"	0.42	0.81	-0.23
"10278"	0.42	0.82	-0.24
"10279"	0.42	0.83	-0.25
"10280"	0.42	0.84	-0.26
"10281"	0.42	0.85	-0.27
"10282"	0.42	0.86	-0.28
"10283"	0.42	0.87	-0.29
"10284"	0.42	0.88	-0.3
"10285"	0.42	0.89	-0.31
"10286"	0.42	0.9	-0.32
"10287"	0.42	0.91	-0.33
"10288"	0.42	0.92	-0.34
"10289"	0.42	0.93	-0.35
"10290"	0.42	0.94	-0.36
"10291"	0.42	0.95	-0.37
"10292"	0.42	0.96	-0.38
"10293"	0.42	0.97	-0.39
"10294"	0.42	0.98	-0.4
"10295"	0.42	0.99	-0.41
"10296"	0.42	1	-0.42
"10297"	0.43	-0.43	1
"10298"	0.43	-0.42	0.99
"10299"	0.43	-0.41	0.98
"10300"	0.43	-0.4	0.97
"10301"	0.43	-0.39	0.96
"10302"	0.43	-0.38	0.95
"10303"	0.43	-0.37	0.94
"10304"	0.43	-0.36	0.93
"10305"	0.43	-0.35	0.92
"10306"	0.43	-0.34	0.91
"10307"	0.43	-0.33	0.9
"10308"	0.43	-0.32	0.89
"10309"	0.43	-0.31	0.88
"10310"	0.43	-0.3	0.87
"10311"	0.43	-0.29	0.86
"10312"	0.43	-0.28	0.85
"10313"	0.43	-0.27	0.84
"10314"	0.43	-0.26	0.83
"10315"	0.43	-0.25	0.82
"10316"	0.43	-0.24	0.81
"10317"	0.43	-0.23	0.8
"10318"	0.43	-0.22	0.79
"10319"	0.43	-0.21	0.78
"10320"	0.43	-0.2	0.77
"10321"	0.43	-0.19	0.76
"10322"	0.43	-0.18	0.75
"10323"	0.43	-0.17	0.74
"10324"	0.43	-0.16	0.73
"10325"	0.43	-0.15	0.72
"10326"	0.43	-0.14	0.71
"10327"	0.43	-0.13	0.7
"10328"	0.43	-0.12	0.69
"10329"	0.43	-0.11	0.68
"10330"	0.43	-0.1	0.67
"10331"	0.43	-0.09	0.66
"10332"	0.43	-0.08	0.65
"10333"	0.43	-0.07	0.64
"10334"	0.43	-0.06	0.63
"10335"	0.43	-0.05	0.62
"10336"	0.43	-0.04	0.61
"10337"	0.43	-0.03	0.6
"10338"	0.43	-0.02	0.59
"10339"	0.43	-0.01	0.58
"10340"	0.43	0	0.57
"10341"	0.43	0.01	0.56
"10342"	0.43	0.02	0.55
"10343"	0.43	0.03	0.54
"10344"	0.43	0.04	0.53
"10345"	0.43	0.05	0.52
"10346"	0.43	0.06	0.51
"10347"	0.43	0.07	0.5
"10348"	0.43	0.08	0.49
"10349"	0.43	0.09	0.48
"10350"	0.43	0.1	0.47
"10351"	0.43	0.11	0.46
"10352"	0.43	0.12	0.45
"10353"	0.43	0.13	0.44
"10354"	0.43	0.14	0.43
"10355"	0.43	0.15	0.42
"10356"	0.43	0.16	0.41
"10357"	0.43	0.17	0.4
"10358"	0.43	0.18	0.39
"10359"	0.43	0.19	0.38
"10360"	0.43	0.2	0.37
"10361"	0.43	0.21	0.36
"10362"	0.43	0.22	0.35
"10363"	0.43	0.23	0.34
"10364"	0.43	0.24	0.33
"10365"	0.43	0.25	0.32
"10366"	0.43	0.26	0.31
"10367"	0.43	0.27	0.3
"10368"	0.43	0.28	0.29
"10369"	0.43	0.29	0.28
"10370"	0.43	0.3	0.27
"10371"	0.43	0.31	0.26
"10372"	0.43	0.32	0.25
"10373"	0.43	0.33	0.24
"10374"	0.43	0.34	0.23
"10375"	0.43	0.35	0.22
"10376"	0.43	0.36	0.21
"10377"	0.43	0.37	0.2
"10378"	0.43	0.38	0.19
"10379"	0.43	0.39	0.18
"10380"	0.43	0.4	0.17
"10381"	0.43	0.41	0.16
"10382"	0.43	0.42	0.15
"10383"	0.43	0.43	0.14
"10384"	0.43	0.44	0.13
"10385"	0.43	0.45	0.12
"10386"	0.43	0.46	0.11
"10387"	0.43	0.47	0.1
"10388"	0.43	0.48	0.09
"10389"	0.43	0.49	0.08
"10390"	0.43	0.5	0.07
"10391"	0.43	0.51	0.06
"10392"	0.43	0.52	0.05
"10393"	0.43	0.53	0.04
"10394"	0.43	0.54	0.03
"10395"	0.43	0.55	0.02
"10396"	0.43	0.56	0.01
"10397"	0.43	0.57	0
"10398"	0.43	0.58	-0.01
"10399"	0.43	0.59	-0.02
"10400"	0.43	0.6	-0.03
"10401"	0.43	0.61	-0.04
"10402"	0.43	0.62	-0.05
"10403"	0.43	0.63	-0.06
"10404"	0.43	0.64	-0.07
"10405"	0.43	0.65	-0.08
"10406"	0.43	0.66	-0.09
"10407"	0.43	0.67	-0.1
"10408"	0.43	0.68	-0.11
"10409"	0.43	0.69	-0.12
"10410"	0.43	0.7	-0.13
"10411"	0.43	0.71	-0.14
"10412"	0.43	0.72	-0.15
"10413"	0.43	0.73	-0.16
"10414"	0.43	0.74	-0.17
"10415"	0.43	0.75	-0.18
"10416"	0.43	0.76	-0.19
"10417"	0.43	0.77	-0.2
"10418"	0.43	0.78	-0.21
"10419"	0.43	0.79	-0.22
"10420"	0.43	0.8	-0.23
"10421"	0.43	0.81	-0.24
"10422"	0.43	0.82	-0.25
"10423"	0.43	0.83	-0.26
"10424"	0.43	0.84	-0.27
"10425"	0.43	0.85	-0.28
"10426"	0.43	0.86	-0.29
"10427"	0.43	0.87	-0.3
"10428"	0.43	0.88	-0.31
"10429"	0.43	0.89	-0.32
"10430"	0.43	0.9	-0.33
"10431"	0.43	0.91	-0.34
"10432"	0.43	0.92	-0.35
"10433"	0.43	0.93	-0.36
"10434"	0.43	0.94	-0.37
"10435"	0.43	0.95	-0.38
"10436"	0.43	0.96	-0.39
"10437"	0.43	0.97	-0.4
"10438"	0.43	0.98	-0.41
"10439"	0.43	0.99	-0.42
"10440"	0.43	1	-0.43
"10441"	0.44	-0.44	1
"10442"	0.44	-0.43	0.99
"10443"	0.44	-0.42	0.98
"10444"	0.44	-0.41	0.97
"10445"	0.44	-0.4	0.96
"10446"	0.44	-0.39	0.95
"10447"	0.44	-0.38	0.94
"10448"	0.44	-0.37	0.93
"10449"	0.44	-0.36	0.92
"10450"	0.44	-0.35	0.91
"10451"	0.44	-0.34	0.9
"10452"	0.44	-0.33	0.89
"10453"	0.44	-0.32	0.88
"10454"	0.44	-0.31	0.87
"10455"	0.44	-0.3	0.86
"10456"	0.44	-0.29	0.85
"10457"	0.44	-0.28	0.84
"10458"	0.44	-0.27	0.83
"10459"	0.44	-0.26	0.82
"10460"	0.44	-0.25	0.81
"10461"	0.44	-0.24	0.8
"10462"	0.44	-0.23	0.79
"10463"	0.44	-0.22	0.78
"10464"	0.44	-0.21	0.77
"10465"	0.44	-0.2	0.76
"10466"	0.44	-0.19	0.75
"10467"	0.44	-0.18	0.74
"10468"	0.44	-0.17	0.73
"10469"	0.44	-0.16	0.72
"10470"	0.44	-0.15	0.71
"10471"	0.44	-0.14	0.7
"10472"	0.44	-0.13	0.69
"10473"	0.44	-0.12	0.68
"10474"	0.44	-0.11	0.67
"10475"	0.44	-0.1	0.66
"10476"	0.44	-0.09	0.65
"10477"	0.44	-0.08	0.64
"10478"	0.44	-0.07	0.63
"10479"	0.44	-0.06	0.62
"10480"	0.44	-0.05	0.61
"10481"	0.44	-0.04	0.6
"10482"	0.44	-0.03	0.59
"10483"	0.44	-0.02	0.58
"10484"	0.44	-0.01	0.57
"10485"	0.44	0	0.56
"10486"	0.44	0.01	0.55
"10487"	0.44	0.02	0.54
"10488"	0.44	0.03	0.53
"10489"	0.44	0.04	0.52
"10490"	0.44	0.05	0.51
"10491"	0.44	0.06	0.5
"10492"	0.44	0.07	0.49
"10493"	0.44	0.08	0.48
"10494"	0.44	0.09	0.47
"10495"	0.44	0.1	0.46
"10496"	0.44	0.11	0.45
"10497"	0.44	0.12	0.44
"10498"	0.44	0.13	0.43
"10499"	0.44	0.14	0.42
"10500"	0.44	0.15	0.41
"10501"	0.44	0.16	0.4
"10502"	0.44	0.17	0.39
"10503"	0.44	0.18	0.38
"10504"	0.44	0.19	0.37
"10505"	0.44	0.2	0.36
"10506"	0.44	0.21	0.35
"10507"	0.44	0.22	0.34
"10508"	0.44	0.23	0.33
"10509"	0.44	0.24	0.32
"10510"	0.44	0.25	0.31
"10511"	0.44	0.26	0.3
"10512"	0.44	0.27	0.29
"10513"	0.44	0.28	0.28
"10514"	0.44	0.29	0.27
"10515"	0.44	0.3	0.26
"10516"	0.44	0.31	0.25
"10517"	0.44	0.32	0.24
"10518"	0.44	0.33	0.23
"10519"	0.44	0.34	0.22
"10520"	0.44	0.35	0.21
"10521"	0.44	0.36	0.2
"10522"	0.44	0.37	0.19
"10523"	0.44	0.38	0.18
"10524"	0.44	0.39	0.17
"10525"	0.44	0.4	0.16
"10526"	0.44	0.41	0.15
"10527"	0.44	0.42	0.14
"10528"	0.44	0.43	0.13
"10529"	0.44	0.44	0.12
"10530"	0.44	0.45	0.11
"10531"	0.44	0.46	0.1
"10532"	0.44	0.47	0.09
"10533"	0.44	0.48	0.08
"10534"	0.44	0.49	0.07
"10535"	0.44	0.5	0.06
"10536"	0.44	0.51	0.05
"10537"	0.44	0.52	0.04
"10538"	0.44	0.53	0.03
"10539"	0.44	0.54	0.02
"10540"	0.44	0.55	0.01
"10541"	0.44	0.56	0
"10542"	0.44	0.57	-0.01
"10543"	0.44	0.58	-0.02
"10544"	0.44	0.59	-0.03
"10545"	0.44	0.6	-0.04
"10546"	0.44	0.61	-0.05
"10547"	0.44	0.62	-0.06
"10548"	0.44	0.63	-0.07
"10549"	0.44	0.64	-0.08
"10550"	0.44	0.65	-0.09
"10551"	0.44	0.66	-0.1
"10552"	0.44	0.67	-0.11
"10553"	0.44	0.68	-0.12
"10554"	0.44	0.69	-0.13
"10555"	0.44	0.7	-0.14
"10556"	0.44	0.71	-0.15
"10557"	0.44	0.72	-0.16
"10558"	0.44	0.73	-0.17
"10559"	0.44	0.74	-0.18
"10560"	0.44	0.75	-0.19
"10561"	0.44	0.76	-0.2
"10562"	0.44	0.77	-0.21
"10563"	0.44	0.78	-0.22
"10564"	0.44	0.79	-0.23
"10565"	0.44	0.8	-0.24
"10566"	0.44	0.81	-0.25
"10567"	0.44	0.82	-0.26
"10568"	0.44	0.83	-0.27
"10569"	0.44	0.84	-0.28
"10570"	0.44	0.85	-0.29
"10571"	0.44	0.86	-0.3
"10572"	0.44	0.87	-0.31
"10573"	0.44	0.88	-0.32
"10574"	0.44	0.89	-0.33
"10575"	0.44	0.9	-0.34
"10576"	0.44	0.91	-0.35
"10577"	0.44	0.92	-0.36
"10578"	0.44	0.93	-0.37
"10579"	0.44	0.94	-0.38
"10580"	0.44	0.95	-0.39
"10581"	0.44	0.96	-0.4
"10582"	0.44	0.97	-0.41
"10583"	0.44	0.98	-0.42
"10584"	0.44	0.99	-0.43
"10585"	0.44	1	-0.44
"10586"	0.45	-0.45	1
"10587"	0.45	-0.44	0.99
"10588"	0.45	-0.43	0.98
"10589"	0.45	-0.42	0.97
"10590"	0.45	-0.41	0.96
"10591"	0.45	-0.4	0.95
"10592"	0.45	-0.39	0.94
"10593"	0.45	-0.38	0.93
"10594"	0.45	-0.37	0.92
"10595"	0.45	-0.36	0.91
"10596"	0.45	-0.35	0.9
"10597"	0.45	-0.34	0.89
"10598"	0.45	-0.33	0.88
"10599"	0.45	-0.32	0.87
"10600"	0.45	-0.31	0.86
"10601"	0.45	-0.3	0.85
"10602"	0.45	-0.29	0.84
"10603"	0.45	-0.28	0.83
"10604"	0.45	-0.27	0.82
"10605"	0.45	-0.26	0.81
"10606"	0.45	-0.25	0.8
"10607"	0.45	-0.24	0.79
"10608"	0.45	-0.23	0.78
"10609"	0.45	-0.22	0.77
"10610"	0.45	-0.21	0.76
"10611"	0.45	-0.2	0.75
"10612"	0.45	-0.19	0.74
"10613"	0.45	-0.18	0.73
"10614"	0.45	-0.17	0.72
"10615"	0.45	-0.16	0.71
"10616"	0.45	-0.15	0.7
"10617"	0.45	-0.14	0.69
"10618"	0.45	-0.13	0.68
"10619"	0.45	-0.12	0.67
"10620"	0.45	-0.11	0.66
"10621"	0.45	-0.1	0.65
"10622"	0.45	-0.09	0.64
"10623"	0.45	-0.08	0.63
"10624"	0.45	-0.07	0.62
"10625"	0.45	-0.06	0.61
"10626"	0.45	-0.05	0.6
"10627"	0.45	-0.04	0.59
"10628"	0.45	-0.03	0.58
"10629"	0.45	-0.02	0.57
"10630"	0.45	-0.01	0.56
"10631"	0.45	0	0.55
"10632"	0.45	0.01	0.54
"10633"	0.45	0.02	0.53
"10634"	0.45	0.03	0.52
"10635"	0.45	0.04	0.51
"10636"	0.45	0.05	0.5
"10637"	0.45	0.06	0.49
"10638"	0.45	0.07	0.48
"10639"	0.45	0.08	0.47
"10640"	0.45	0.09	0.46
"10641"	0.45	0.1	0.45
"10642"	0.45	0.11	0.44
"10643"	0.45	0.12	0.43
"10644"	0.45	0.13	0.42
"10645"	0.45	0.14	0.41
"10646"	0.45	0.15	0.4
"10647"	0.45	0.16	0.39
"10648"	0.45	0.17	0.38
"10649"	0.45	0.18	0.37
"10650"	0.45	0.19	0.36
"10651"	0.45	0.2	0.35
"10652"	0.45	0.21	0.34
"10653"	0.45	0.22	0.33
"10654"	0.45	0.23	0.32
"10655"	0.45	0.24	0.31
"10656"	0.45	0.25	0.3
"10657"	0.45	0.26	0.29
"10658"	0.45	0.27	0.28
"10659"	0.45	0.28	0.27
"10660"	0.45	0.29	0.26
"10661"	0.45	0.3	0.25
"10662"	0.45	0.31	0.24
"10663"	0.45	0.32	0.23
"10664"	0.45	0.33	0.22
"10665"	0.45	0.34	0.21
"10666"	0.45	0.35	0.2
"10667"	0.45	0.36	0.19
"10668"	0.45	0.37	0.18
"10669"	0.45	0.38	0.17
"10670"	0.45	0.39	0.16
"10671"	0.45	0.4	0.15
"10672"	0.45	0.41	0.14
"10673"	0.45	0.42	0.13
"10674"	0.45	0.43	0.12
"10675"	0.45	0.44	0.11
"10676"	0.45	0.45	0.1
"10677"	0.45	0.46	0.09
"10678"	0.45	0.47	0.08
"10679"	0.45	0.48	0.07
"10680"	0.45	0.49	0.06
"10681"	0.45	0.5	0.05
"10682"	0.45	0.51	0.04
"10683"	0.45	0.52	0.03
"10684"	0.45	0.53	0.02
"10685"	0.45	0.54	0.01
"10686"	0.45	0.55	0
"10687"	0.45	0.56	-0.01
"10688"	0.45	0.57	-0.02
"10689"	0.45	0.58	-0.03
"10690"	0.45	0.59	-0.04
"10691"	0.45	0.6	-0.05
"10692"	0.45	0.61	-0.06
"10693"	0.45	0.62	-0.07
"10694"	0.45	0.63	-0.08
"10695"	0.45	0.64	-0.09
"10696"	0.45	0.65	-0.1
"10697"	0.45	0.66	-0.11
"10698"	0.45	0.67	-0.12
"10699"	0.45	0.68	-0.13
"10700"	0.45	0.69	-0.14
"10701"	0.45	0.7	-0.15
"10702"	0.45	0.71	-0.16
"10703"	0.45	0.72	-0.17
"10704"	0.45	0.73	-0.18
"10705"	0.45	0.74	-0.19
"10706"	0.45	0.75	-0.2
"10707"	0.45	0.76	-0.21
"10708"	0.45	0.77	-0.22
"10709"	0.45	0.78	-0.23
"10710"	0.45	0.79	-0.24
"10711"	0.45	0.8	-0.25
"10712"	0.45	0.81	-0.26
"10713"	0.45	0.82	-0.27
"10714"	0.45	0.83	-0.28
"10715"	0.45	0.84	-0.29
"10716"	0.45	0.85	-0.3
"10717"	0.45	0.86	-0.31
"10718"	0.45	0.87	-0.32
"10719"	0.45	0.88	-0.33
"10720"	0.45	0.89	-0.34
"10721"	0.45	0.9	-0.35
"10722"	0.45	0.91	-0.36
"10723"	0.45	0.92	-0.37
"10724"	0.45	0.93	-0.38
"10725"	0.45	0.94	-0.39
"10726"	0.45	0.95	-0.4
"10727"	0.45	0.96	-0.41
"10728"	0.45	0.97	-0.42
"10729"	0.45	0.98	-0.43
"10730"	0.45	0.99	-0.44
"10731"	0.45	1	-0.45
"10732"	0.46	-0.46	1
"10733"	0.46	-0.45	0.99
"10734"	0.46	-0.44	0.98
"10735"	0.46	-0.43	0.97
"10736"	0.46	-0.42	0.96
"10737"	0.46	-0.41	0.95
"10738"	0.46	-0.4	0.94
"10739"	0.46	-0.39	0.93
"10740"	0.46	-0.38	0.92
"10741"	0.46	-0.37	0.91
"10742"	0.46	-0.36	0.9
"10743"	0.46	-0.35	0.89
"10744"	0.46	-0.34	0.88
"10745"	0.46	-0.33	0.87
"10746"	0.46	-0.32	0.86
"10747"	0.46	-0.31	0.85
"10748"	0.46	-0.3	0.84
"10749"	0.46	-0.29	0.83
"10750"	0.46	-0.28	0.82
"10751"	0.46	-0.27	0.81
"10752"	0.46	-0.26	0.8
"10753"	0.46	-0.25	0.79
"10754"	0.46	-0.24	0.78
"10755"	0.46	-0.23	0.77
"10756"	0.46	-0.22	0.76
"10757"	0.46	-0.21	0.75
"10758"	0.46	-0.2	0.74
"10759"	0.46	-0.19	0.73
"10760"	0.46	-0.18	0.72
"10761"	0.46	-0.17	0.71
"10762"	0.46	-0.16	0.7
"10763"	0.46	-0.15	0.69
"10764"	0.46	-0.14	0.68
"10765"	0.46	-0.13	0.67
"10766"	0.46	-0.12	0.66
"10767"	0.46	-0.11	0.65
"10768"	0.46	-0.1	0.64
"10769"	0.46	-0.09	0.63
"10770"	0.46	-0.08	0.62
"10771"	0.46	-0.07	0.61
"10772"	0.46	-0.06	0.6
"10773"	0.46	-0.05	0.59
"10774"	0.46	-0.04	0.58
"10775"	0.46	-0.03	0.57
"10776"	0.46	-0.02	0.56
"10777"	0.46	-0.01	0.55
"10778"	0.46	0	0.54
"10779"	0.46	0.01	0.53
"10780"	0.46	0.02	0.52
"10781"	0.46	0.03	0.51
"10782"	0.46	0.04	0.5
"10783"	0.46	0.05	0.49
"10784"	0.46	0.06	0.48
"10785"	0.46	0.07	0.47
"10786"	0.46	0.08	0.46
"10787"	0.46	0.09	0.45
"10788"	0.46	0.1	0.44
"10789"	0.46	0.11	0.43
"10790"	0.46	0.12	0.42
"10791"	0.46	0.13	0.41
"10792"	0.46	0.14	0.4
"10793"	0.46	0.15	0.39
"10794"	0.46	0.16	0.38
"10795"	0.46	0.17	0.37
"10796"	0.46	0.18	0.36
"10797"	0.46	0.19	0.35
"10798"	0.46	0.2	0.34
"10799"	0.46	0.21	0.33
"10800"	0.46	0.22	0.32
"10801"	0.46	0.23	0.31
"10802"	0.46	0.24	0.3
"10803"	0.46	0.25	0.29
"10804"	0.46	0.26	0.28
"10805"	0.46	0.27	0.27
"10806"	0.46	0.28	0.26
"10807"	0.46	0.29	0.25
"10808"	0.46	0.3	0.24
"10809"	0.46	0.31	0.23
"10810"	0.46	0.32	0.22
"10811"	0.46	0.33	0.21
"10812"	0.46	0.34	0.2
"10813"	0.46	0.35	0.19
"10814"	0.46	0.36	0.18
"10815"	0.46	0.37	0.17
"10816"	0.46	0.38	0.16
"10817"	0.46	0.39	0.15
"10818"	0.46	0.4	0.14
"10819"	0.46	0.41	0.13
"10820"	0.46	0.42	0.12
"10821"	0.46	0.43	0.11
"10822"	0.46	0.44	0.1
"10823"	0.46	0.45	0.09
"10824"	0.46	0.46	0.08
"10825"	0.46	0.47	0.07
"10826"	0.46	0.48	0.06
"10827"	0.46	0.49	0.05
"10828"	0.46	0.5	0.04
"10829"	0.46	0.51	0.03
"10830"	0.46	0.52	0.02
"10831"	0.46	0.53	0.01
"10832"	0.46	0.54	0
"10833"	0.46	0.55	-0.01
"10834"	0.46	0.56	-0.02
"10835"	0.46	0.57	-0.03
"10836"	0.46	0.58	-0.04
"10837"	0.46	0.59	-0.05
"10838"	0.46	0.6	-0.06
"10839"	0.46	0.61	-0.07
"10840"	0.46	0.62	-0.08
"10841"	0.46	0.63	-0.09
"10842"	0.46	0.64	-0.1
"10843"	0.46	0.65	-0.11
"10844"	0.46	0.66	-0.12
"10845"	0.46	0.67	-0.13
"10846"	0.46	0.68	-0.14
"10847"	0.46	0.69	-0.15
"10848"	0.46	0.7	-0.16
"10849"	0.46	0.71	-0.17
"10850"	0.46	0.72	-0.18
"10851"	0.46	0.73	-0.19
"10852"	0.46	0.74	-0.2
"10853"	0.46	0.75	-0.21
"10854"	0.46	0.76	-0.22
"10855"	0.46	0.77	-0.23
"10856"	0.46	0.78	-0.24
"10857"	0.46	0.79	-0.25
"10858"	0.46	0.8	-0.26
"10859"	0.46	0.81	-0.27
"10860"	0.46	0.82	-0.28
"10861"	0.46	0.83	-0.29
"10862"	0.46	0.84	-0.3
"10863"	0.46	0.85	-0.31
"10864"	0.46	0.86	-0.32
"10865"	0.46	0.87	-0.33
"10866"	0.46	0.88	-0.34
"10867"	0.46	0.89	-0.35
"10868"	0.46	0.9	-0.36
"10869"	0.46	0.91	-0.37
"10870"	0.46	0.92	-0.38
"10871"	0.46	0.93	-0.39
"10872"	0.46	0.94	-0.4
"10873"	0.46	0.95	-0.41
"10874"	0.46	0.96	-0.42
"10875"	0.46	0.97	-0.43
"10876"	0.46	0.98	-0.44
"10877"	0.46	0.99	-0.45
"10878"	0.46	1	-0.46
"10879"	0.47	-0.47	1
"10880"	0.47	-0.46	0.99
"10881"	0.47	-0.45	0.98
"10882"	0.47	-0.44	0.97
"10883"	0.47	-0.43	0.96
"10884"	0.47	-0.42	0.95
"10885"	0.47	-0.41	0.94
"10886"	0.47	-0.4	0.93
"10887"	0.47	-0.39	0.92
"10888"	0.47	-0.38	0.91
"10889"	0.47	-0.37	0.9
"10890"	0.47	-0.36	0.89
"10891"	0.47	-0.35	0.88
"10892"	0.47	-0.34	0.87
"10893"	0.47	-0.33	0.86
"10894"	0.47	-0.32	0.85
"10895"	0.47	-0.31	0.84
"10896"	0.47	-0.3	0.83
"10897"	0.47	-0.29	0.82
"10898"	0.47	-0.28	0.81
"10899"	0.47	-0.27	0.8
"10900"	0.47	-0.26	0.79
"10901"	0.47	-0.25	0.78
"10902"	0.47	-0.24	0.77
"10903"	0.47	-0.23	0.76
"10904"	0.47	-0.22	0.75
"10905"	0.47	-0.21	0.74
"10906"	0.47	-0.2	0.73
"10907"	0.47	-0.19	0.72
"10908"	0.47	-0.18	0.71
"10909"	0.47	-0.17	0.7
"10910"	0.47	-0.16	0.69
"10911"	0.47	-0.15	0.68
"10912"	0.47	-0.14	0.67
"10913"	0.47	-0.13	0.66
"10914"	0.47	-0.12	0.65
"10915"	0.47	-0.11	0.64
"10916"	0.47	-0.1	0.63
"10917"	0.47	-0.09	0.62
"10918"	0.47	-0.08	0.61
"10919"	0.47	-0.07	0.6
"10920"	0.47	-0.06	0.59
"10921"	0.47	-0.05	0.58
"10922"	0.47	-0.04	0.57
"10923"	0.47	-0.03	0.56
"10924"	0.47	-0.02	0.55
"10925"	0.47	-0.01	0.54
"10926"	0.47	0	0.53
"10927"	0.47	0.01	0.52
"10928"	0.47	0.02	0.51
"10929"	0.47	0.03	0.5
"10930"	0.47	0.04	0.49
"10931"	0.47	0.05	0.48
"10932"	0.47	0.06	0.47
"10933"	0.47	0.07	0.46
"10934"	0.47	0.08	0.45
"10935"	0.47	0.09	0.44
"10936"	0.47	0.1	0.43
"10937"	0.47	0.11	0.42
"10938"	0.47	0.12	0.41
"10939"	0.47	0.13	0.4
"10940"	0.47	0.14	0.39
"10941"	0.47	0.15	0.38
"10942"	0.47	0.16	0.37
"10943"	0.47	0.17	0.36
"10944"	0.47	0.18	0.35
"10945"	0.47	0.19	0.34
"10946"	0.47	0.2	0.33
"10947"	0.47	0.21	0.32
"10948"	0.47	0.22	0.31
"10949"	0.47	0.23	0.3
"10950"	0.47	0.24	0.29
"10951"	0.47	0.25	0.28
"10952"	0.47	0.26	0.27
"10953"	0.47	0.27	0.26
"10954"	0.47	0.28	0.25
"10955"	0.47	0.29	0.24
"10956"	0.47	0.3	0.23
"10957"	0.47	0.31	0.22
"10958"	0.47	0.32	0.21
"10959"	0.47	0.33	0.2
"10960"	0.47	0.34	0.19
"10961"	0.47	0.35	0.18
"10962"	0.47	0.36	0.17
"10963"	0.47	0.37	0.16
"10964"	0.47	0.38	0.15
"10965"	0.47	0.39	0.14
"10966"	0.47	0.4	0.13
"10967"	0.47	0.41	0.12
"10968"	0.47	0.42	0.11
"10969"	0.47	0.43	0.1
"10970"	0.47	0.44	0.09
"10971"	0.47	0.45	0.08
"10972"	0.47	0.46	0.07
"10973"	0.47	0.47	0.06
"10974"	0.47	0.48	0.05
"10975"	0.47	0.49	0.04
"10976"	0.47	0.5	0.03
"10977"	0.47	0.51	0.02
"10978"	0.47	0.52	0.01
"10979"	0.47	0.53	0
"10980"	0.47	0.54	-0.01
"10981"	0.47	0.55	-0.02
"10982"	0.47	0.56	-0.03
"10983"	0.47	0.57	-0.04
"10984"	0.47	0.58	-0.05
"10985"	0.47	0.59	-0.06
"10986"	0.47	0.6	-0.07
"10987"	0.47	0.61	-0.08
"10988"	0.47	0.62	-0.09
"10989"	0.47	0.63	-0.1
"10990"	0.47	0.64	-0.11
"10991"	0.47	0.65	-0.12
"10992"	0.47	0.66	-0.13
"10993"	0.47	0.67	-0.14
"10994"	0.47	0.68	-0.15
"10995"	0.47	0.69	-0.16
"10996"	0.47	0.7	-0.17
"10997"	0.47	0.71	-0.18
"10998"	0.47	0.72	-0.19
"10999"	0.47	0.73	-0.2
"11000"	0.47	0.74	-0.21
"11001"	0.47	0.75	-0.22
"11002"	0.47	0.76	-0.23
"11003"	0.47	0.77	-0.24
"11004"	0.47	0.78	-0.25
"11005"	0.47	0.79	-0.26
"11006"	0.47	0.8	-0.27
"11007"	0.47	0.81	-0.28
"11008"	0.47	0.82	-0.29
"11009"	0.47	0.83	-0.3
"11010"	0.47	0.84	-0.31
"11011"	0.47	0.85	-0.32
"11012"	0.47	0.86	-0.33
"11013"	0.47	0.87	-0.34
"11014"	0.47	0.88	-0.35
"11015"	0.47	0.89	-0.36
"11016"	0.47	0.9	-0.37
"11017"	0.47	0.91	-0.38
"11018"	0.47	0.92	-0.39
"11019"	0.47	0.93	-0.4
"11020"	0.47	0.94	-0.41
"11021"	0.47	0.95	-0.42
"11022"	0.47	0.96	-0.43
"11023"	0.47	0.97	-0.44
"11024"	0.47	0.98	-0.45
"11025"	0.47	0.99	-0.46
"11026"	0.47	1	-0.47
"11027"	0.48	-0.48	1
"11028"	0.48	-0.47	0.99
"11029"	0.48	-0.46	0.98
"11030"	0.48	-0.45	0.97
"11031"	0.48	-0.44	0.96
"11032"	0.48	-0.43	0.95
"11033"	0.48	-0.42	0.94
"11034"	0.48	-0.41	0.93
"11035"	0.48	-0.4	0.92
"11036"	0.48	-0.39	0.91
"11037"	0.48	-0.38	0.9
"11038"	0.48	-0.37	0.89
"11039"	0.48	-0.36	0.88
"11040"	0.48	-0.35	0.87
"11041"	0.48	-0.34	0.86
"11042"	0.48	-0.33	0.85
"11043"	0.48	-0.32	0.84
"11044"	0.48	-0.31	0.83
"11045"	0.48	-0.3	0.82
"11046"	0.48	-0.29	0.81
"11047"	0.48	-0.28	0.8
"11048"	0.48	-0.27	0.79
"11049"	0.48	-0.26	0.78
"11050"	0.48	-0.25	0.77
"11051"	0.48	-0.24	0.76
"11052"	0.48	-0.23	0.75
"11053"	0.48	-0.22	0.74
"11054"	0.48	-0.21	0.73
"11055"	0.48	-0.2	0.72
"11056"	0.48	-0.19	0.71
"11057"	0.48	-0.18	0.7
"11058"	0.48	-0.17	0.69
"11059"	0.48	-0.16	0.68
"11060"	0.48	-0.15	0.67
"11061"	0.48	-0.14	0.66
"11062"	0.48	-0.13	0.65
"11063"	0.48	-0.12	0.64
"11064"	0.48	-0.11	0.63
"11065"	0.48	-0.1	0.62
"11066"	0.48	-0.09	0.61
"11067"	0.48	-0.08	0.6
"11068"	0.48	-0.07	0.59
"11069"	0.48	-0.06	0.58
"11070"	0.48	-0.05	0.57
"11071"	0.48	-0.04	0.56
"11072"	0.48	-0.03	0.55
"11073"	0.48	-0.02	0.54
"11074"	0.48	-0.01	0.53
"11075"	0.48	0	0.52
"11076"	0.48	0.01	0.51
"11077"	0.48	0.02	0.5
"11078"	0.48	0.03	0.49
"11079"	0.48	0.04	0.48
"11080"	0.48	0.05	0.47
"11081"	0.48	0.06	0.46
"11082"	0.48	0.07	0.45
"11083"	0.48	0.08	0.44
"11084"	0.48	0.09	0.43
"11085"	0.48	0.1	0.42
"11086"	0.48	0.11	0.41
"11087"	0.48	0.12	0.4
"11088"	0.48	0.13	0.39
"11089"	0.48	0.14	0.38
"11090"	0.48	0.15	0.37
"11091"	0.48	0.16	0.36
"11092"	0.48	0.17	0.35
"11093"	0.48	0.18	0.34
"11094"	0.48	0.19	0.33
"11095"	0.48	0.2	0.32
"11096"	0.48	0.21	0.31
"11097"	0.48	0.22	0.3
"11098"	0.48	0.23	0.29
"11099"	0.48	0.24	0.28
"11100"	0.48	0.25	0.27
"11101"	0.48	0.26	0.26
"11102"	0.48	0.27	0.25
"11103"	0.48	0.28	0.24
"11104"	0.48	0.29	0.23
"11105"	0.48	0.3	0.22
"11106"	0.48	0.31	0.21
"11107"	0.48	0.32	0.2
"11108"	0.48	0.33	0.19
"11109"	0.48	0.34	0.18
"11110"	0.48	0.35	0.17
"11111"	0.48	0.36	0.16
"11112"	0.48	0.37	0.15
"11113"	0.48	0.38	0.14
"11114"	0.48	0.39	0.13
"11115"	0.48	0.4	0.12
"11116"	0.48	0.41	0.11
"11117"	0.48	0.42	0.1
"11118"	0.48	0.43	0.09
"11119"	0.48	0.44	0.08
"11120"	0.48	0.45	0.07
"11121"	0.48	0.46	0.06
"11122"	0.48	0.47	0.05
"11123"	0.48	0.48	0.04
"11124"	0.48	0.49	0.03
"11125"	0.48	0.5	0.02
"11126"	0.48	0.51	0.01
"11127"	0.48	0.52	0
"11128"	0.48	0.53	-0.01
"11129"	0.48	0.54	-0.02
"11130"	0.48	0.55	-0.03
"11131"	0.48	0.56	-0.04
"11132"	0.48	0.57	-0.05
"11133"	0.48	0.58	-0.06
"11134"	0.48	0.59	-0.07
"11135"	0.48	0.6	-0.08
"11136"	0.48	0.61	-0.09
"11137"	0.48	0.62	-0.1
"11138"	0.48	0.63	-0.11
"11139"	0.48	0.64	-0.12
"11140"	0.48	0.65	-0.13
"11141"	0.48	0.66	-0.14
"11142"	0.48	0.67	-0.15
"11143"	0.48	0.68	-0.16
"11144"	0.48	0.69	-0.17
"11145"	0.48	0.7	-0.18
"11146"	0.48	0.71	-0.19
"11147"	0.48	0.72	-0.2
"11148"	0.48	0.73	-0.21
"11149"	0.48	0.74	-0.22
"11150"	0.48	0.75	-0.23
"11151"	0.48	0.76	-0.24
"11152"	0.48	0.77	-0.25
"11153"	0.48	0.78	-0.26
"11154"	0.48	0.79	-0.27
"11155"	0.48	0.8	-0.28
"11156"	0.48	0.81	-0.29
"11157"	0.48	0.82	-0.3
"11158"	0.48	0.83	-0.31
"11159"	0.48	0.84	-0.32
"11160"	0.48	0.85	-0.33
"11161"	0.48	0.86	-0.34
"11162"	0.48	0.87	-0.35
"11163"	0.48	0.88	-0.36
"11164"	0.48	0.89	-0.37
"11165"	0.48	0.9	-0.38
"11166"	0.48	0.91	-0.39
"11167"	0.48	0.92	-0.4
"11168"	0.48	0.93	-0.41
"11169"	0.48	0.94	-0.42
"11170"	0.48	0.95	-0.43
"11171"	0.48	0.96	-0.44
"11172"	0.48	0.97	-0.45
"11173"	0.48	0.98	-0.46
"11174"	0.48	0.99	-0.47
"11175"	0.48	1	-0.48
"11176"	0.49	-0.49	1
"11177"	0.49	-0.48	0.99
"11178"	0.49	-0.47	0.98
"11179"	0.49	-0.46	0.97
"11180"	0.49	-0.45	0.96
"11181"	0.49	-0.44	0.95
"11182"	0.49	-0.43	0.94
"11183"	0.49	-0.42	0.93
"11184"	0.49	-0.41	0.92
"11185"	0.49	-0.4	0.91
"11186"	0.49	-0.39	0.9
"11187"	0.49	-0.38	0.89
"11188"	0.49	-0.37	0.88
"11189"	0.49	-0.36	0.87
"11190"	0.49	-0.35	0.86
"11191"	0.49	-0.34	0.85
"11192"	0.49	-0.33	0.84
"11193"	0.49	-0.32	0.83
"11194"	0.49	-0.31	0.82
"11195"	0.49	-0.3	0.81
"11196"	0.49	-0.29	0.8
"11197"	0.49	-0.28	0.79
"11198"	0.49	-0.27	0.78
"11199"	0.49	-0.26	0.77
"11200"	0.49	-0.25	0.76
"11201"	0.49	-0.24	0.75
"11202"	0.49	-0.23	0.74
"11203"	0.49	-0.22	0.73
"11204"	0.49	-0.21	0.72
"11205"	0.49	-0.2	0.71
"11206"	0.49	-0.19	0.7
"11207"	0.49	-0.18	0.69
"11208"	0.49	-0.17	0.68
"11209"	0.49	-0.16	0.67
"11210"	0.49	-0.15	0.66
"11211"	0.49	-0.14	0.65
"11212"	0.49	-0.13	0.64
"11213"	0.49	-0.12	0.63
"11214"	0.49	-0.11	0.62
"11215"	0.49	-0.1	0.61
"11216"	0.49	-0.09	0.6
"11217"	0.49	-0.08	0.59
"11218"	0.49	-0.07	0.58
"11219"	0.49	-0.06	0.57
"11220"	0.49	-0.05	0.56
"11221"	0.49	-0.04	0.55
"11222"	0.49	-0.03	0.54
"11223"	0.49	-0.02	0.53
"11224"	0.49	-0.01	0.52
"11225"	0.49	0	0.51
"11226"	0.49	0.01	0.5
"11227"	0.49	0.02	0.49
"11228"	0.49	0.03	0.48
"11229"	0.49	0.04	0.47
"11230"	0.49	0.05	0.46
"11231"	0.49	0.06	0.45
"11232"	0.49	0.07	0.44
"11233"	0.49	0.08	0.43
"11234"	0.49	0.09	0.42
"11235"	0.49	0.1	0.41
"11236"	0.49	0.11	0.4
"11237"	0.49	0.12	0.39
"11238"	0.49	0.13	0.38
"11239"	0.49	0.14	0.37
"11240"	0.49	0.15	0.36
"11241"	0.49	0.16	0.35
"11242"	0.49	0.17	0.34
"11243"	0.49	0.18	0.33
"11244"	0.49	0.19	0.32
"11245"	0.49	0.2	0.31
"11246"	0.49	0.21	0.3
"11247"	0.49	0.22	0.29
"11248"	0.49	0.23	0.28
"11249"	0.49	0.24	0.27
"11250"	0.49	0.25	0.26
"11251"	0.49	0.26	0.25
"11252"	0.49	0.27	0.24
"11253"	0.49	0.28	0.23
"11254"	0.49	0.29	0.22
"11255"	0.49	0.3	0.21
"11256"	0.49	0.31	0.2
"11257"	0.49	0.32	0.19
"11258"	0.49	0.33	0.18
"11259"	0.49	0.34	0.17
"11260"	0.49	0.35	0.16
"11261"	0.49	0.36	0.15
"11262"	0.49	0.37	0.14
"11263"	0.49	0.38	0.13
"11264"	0.49	0.39	0.12
"11265"	0.49	0.4	0.11
"11266"	0.49	0.41	0.1
"11267"	0.49	0.42	0.09
"11268"	0.49	0.43	0.08
"11269"	0.49	0.44	0.07
"11270"	0.49	0.45	0.06
"11271"	0.49	0.46	0.05
"11272"	0.49	0.47	0.04
"11273"	0.49	0.48	0.03
"11274"	0.49	0.49	0.02
"11275"	0.49	0.5	0.01
"11276"	0.49	0.51	0
"11277"	0.49	0.52	-0.01
"11278"	0.49	0.53	-0.02
"11279"	0.49	0.54	-0.03
"11280"	0.49	0.55	-0.04
"11281"	0.49	0.56	-0.05
"11282"	0.49	0.57	-0.06
"11283"	0.49	0.58	-0.07
"11284"	0.49	0.59	-0.08
"11285"	0.49	0.6	-0.09
"11286"	0.49	0.61	-0.1
"11287"	0.49	0.62	-0.11
"11288"	0.49	0.63	-0.12
"11289"	0.49	0.64	-0.13
"11290"	0.49	0.65	-0.14
"11291"	0.49	0.66	-0.15
"11292"	0.49	0.67	-0.16
"11293"	0.49	0.68	-0.17
"11294"	0.49	0.69	-0.18
"11295"	0.49	0.7	-0.19
"11296"	0.49	0.71	-0.2
"11297"	0.49	0.72	-0.21
"11298"	0.49	0.73	-0.22
"11299"	0.49	0.74	-0.23
"11300"	0.49	0.75	-0.24
"11301"	0.49	0.76	-0.25
"11302"	0.49	0.77	-0.26
"11303"	0.49	0.78	-0.27
"11304"	0.49	0.79	-0.28
"11305"	0.49	0.8	-0.29
"11306"	0.49	0.81	-0.3
"11307"	0.49	0.82	-0.31
"11308"	0.49	0.83	-0.32
"11309"	0.49	0.84	-0.33
"11310"	0.49	0.85	-0.34
"11311"	0.49	0.86	-0.35
"11312"	0.49	0.87	-0.36
"11313"	0.49	0.88	-0.37
"11314"	0.49	0.89	-0.38
"11315"	0.49	0.9	-0.39
"11316"	0.49	0.91	-0.4
"11317"	0.49	0.92	-0.41
"11318"	0.49	0.93	-0.42
"11319"	0.49	0.94	-0.43
"11320"	0.49	0.95	-0.44
"11321"	0.49	0.96	-0.45
"11322"	0.49	0.97	-0.46
"11323"	0.49	0.98	-0.47
"11324"	0.49	0.99	-0.48
"11325"	0.49	1	-0.49
"11326"	0.5	-0.5	1
"11327"	0.5	-0.49	0.99
"11328"	0.5	-0.48	0.98
"11329"	0.5	-0.47	0.97
"11330"	0.5	-0.46	0.96
"11331"	0.5	-0.45	0.95
"11332"	0.5	-0.44	0.94
"11333"	0.5	-0.43	0.93
"11334"	0.5	-0.42	0.92
"11335"	0.5	-0.41	0.91
"11336"	0.5	-0.4	0.9
"11337"	0.5	-0.39	0.89
"11338"	0.5	-0.38	0.88
"11339"	0.5	-0.37	0.87
"11340"	0.5	-0.36	0.86
"11341"	0.5	-0.35	0.85
"11342"	0.5	-0.34	0.84
"11343"	0.5	-0.33	0.83
"11344"	0.5	-0.32	0.82
"11345"	0.5	-0.31	0.81
"11346"	0.5	-0.3	0.8
"11347"	0.5	-0.29	0.79
"11348"	0.5	-0.28	0.78
"11349"	0.5	-0.27	0.77
"11350"	0.5	-0.26	0.76
"11351"	0.5	-0.25	0.75
"11352"	0.5	-0.24	0.74
"11353"	0.5	-0.23	0.73
"11354"	0.5	-0.22	0.72
"11355"	0.5	-0.21	0.71
"11356"	0.5	-0.2	0.7
"11357"	0.5	-0.19	0.69
"11358"	0.5	-0.18	0.68
"11359"	0.5	-0.17	0.67
"11360"	0.5	-0.16	0.66
"11361"	0.5	-0.15	0.65
"11362"	0.5	-0.14	0.64
"11363"	0.5	-0.13	0.63
"11364"	0.5	-0.12	0.62
"11365"	0.5	-0.11	0.61
"11366"	0.5	-0.1	0.6
"11367"	0.5	-0.09	0.59
"11368"	0.5	-0.08	0.58
"11369"	0.5	-0.07	0.57
"11370"	0.5	-0.06	0.56
"11371"	0.5	-0.05	0.55
"11372"	0.5	-0.04	0.54
"11373"	0.5	-0.03	0.53
"11374"	0.5	-0.02	0.52
"11375"	0.5	-0.01	0.51
"11376"	0.5	0	0.5
"11377"	0.5	0.01	0.49
"11378"	0.5	0.02	0.48
"11379"	0.5	0.03	0.47
"11380"	0.5	0.04	0.46
"11381"	0.5	0.05	0.45
"11382"	0.5	0.06	0.44
"11383"	0.5	0.07	0.43
"11384"	0.5	0.08	0.42
"11385"	0.5	0.09	0.41
"11386"	0.5	0.1	0.4
"11387"	0.5	0.11	0.39
"11388"	0.5	0.12	0.38
"11389"	0.5	0.13	0.37
"11390"	0.5	0.14	0.36
"11391"	0.5	0.15	0.35
"11392"	0.5	0.16	0.34
"11393"	0.5	0.17	0.33
"11394"	0.5	0.18	0.32
"11395"	0.5	0.19	0.31
"11396"	0.5	0.2	0.3
"11397"	0.5	0.21	0.29
"11398"	0.5	0.22	0.28
"11399"	0.5	0.23	0.27
"11400"	0.5	0.24	0.26
"11401"	0.5	0.25	0.25
"11402"	0.5	0.26	0.24
"11403"	0.5	0.27	0.23
"11404"	0.5	0.28	0.22
"11405"	0.5	0.29	0.21
"11406"	0.5	0.3	0.2
"11407"	0.5	0.31	0.19
"11408"	0.5	0.32	0.18
"11409"	0.5	0.33	0.17
"11410"	0.5	0.34	0.16
"11411"	0.5	0.35	0.15
"11412"	0.5	0.36	0.14
"11413"	0.5	0.37	0.13
"11414"	0.5	0.38	0.12
"11415"	0.5	0.39	0.11
"11416"	0.5	0.4	0.1
"11417"	0.5	0.41	0.09
"11418"	0.5	0.42	0.08
"11419"	0.5	0.43	0.07
"11420"	0.5	0.44	0.06
"11421"	0.5	0.45	0.05
"11422"	0.5	0.46	0.04
"11423"	0.5	0.47	0.03
"11424"	0.5	0.48	0.02
"11425"	0.5	0.49	0.01
"11426"	0.5	0.5	0
"11427"	0.5	0.51	-0.01
"11428"	0.5	0.52	-0.02
"11429"	0.5	0.53	-0.03
"11430"	0.5	0.54	-0.04
"11431"	0.5	0.55	-0.05
"11432"	0.5	0.56	-0.06
"11433"	0.5	0.57	-0.07
"11434"	0.5	0.58	-0.08
"11435"	0.5	0.59	-0.09
"11436"	0.5	0.6	-0.1
"11437"	0.5	0.61	-0.11
"11438"	0.5	0.62	-0.12
"11439"	0.5	0.63	-0.13
"11440"	0.5	0.64	-0.14
"11441"	0.5	0.65	-0.15
"11442"	0.5	0.66	-0.16
"11443"	0.5	0.67	-0.17
"11444"	0.5	0.68	-0.18
"11445"	0.5	0.69	-0.19
"11446"	0.5	0.7	-0.2
"11447"	0.5	0.71	-0.21
"11448"	0.5	0.72	-0.22
"11449"	0.5	0.73	-0.23
"11450"	0.5	0.74	-0.24
"11451"	0.5	0.75	-0.25
"11452"	0.5	0.76	-0.26
"11453"	0.5	0.77	-0.27
"11454"	0.5	0.78	-0.28
"11455"	0.5	0.79	-0.29
"11456"	0.5	0.8	-0.3
"11457"	0.5	0.81	-0.31
"11458"	0.5	0.82	-0.32
"11459"	0.5	0.83	-0.33
"11460"	0.5	0.84	-0.34
"11461"	0.5	0.85	-0.35
"11462"	0.5	0.86	-0.36
"11463"	0.5	0.87	-0.37
"11464"	0.5	0.88	-0.38
"11465"	0.5	0.89	-0.39
"11466"	0.5	0.9	-0.4
"11467"	0.5	0.91	-0.41
"11468"	0.5	0.92	-0.42
"11469"	0.5	0.93	-0.43
"11470"	0.5	0.94	-0.44
"11471"	0.5	0.95	-0.45
"11472"	0.5	0.96	-0.46
"11473"	0.5	0.97	-0.47
"11474"	0.5	0.98	-0.48
"11475"	0.5	0.99	-0.49
"11476"	0.5	1	-0.5
"11477"	0.51	-0.51	1
"11478"	0.51	-0.5	0.99
"11479"	0.51	-0.49	0.98
"11480"	0.51	-0.48	0.97
"11481"	0.51	-0.47	0.96
"11482"	0.51	-0.46	0.95
"11483"	0.51	-0.45	0.94
"11484"	0.51	-0.44	0.93
"11485"	0.51	-0.43	0.92
"11486"	0.51	-0.42	0.91
"11487"	0.51	-0.41	0.9
"11488"	0.51	-0.4	0.89
"11489"	0.51	-0.39	0.88
"11490"	0.51	-0.38	0.87
"11491"	0.51	-0.37	0.86
"11492"	0.51	-0.36	0.85
"11493"	0.51	-0.35	0.84
"11494"	0.51	-0.34	0.83
"11495"	0.51	-0.33	0.82
"11496"	0.51	-0.32	0.81
"11497"	0.51	-0.31	0.8
"11498"	0.51	-0.3	0.79
"11499"	0.51	-0.29	0.78
"11500"	0.51	-0.28	0.77
"11501"	0.51	-0.27	0.76
"11502"	0.51	-0.26	0.75
"11503"	0.51	-0.25	0.74
"11504"	0.51	-0.24	0.73
"11505"	0.51	-0.23	0.72
"11506"	0.51	-0.22	0.71
"11507"	0.51	-0.21	0.7
"11508"	0.51	-0.2	0.69
"11509"	0.51	-0.19	0.68
"11510"	0.51	-0.18	0.67
"11511"	0.51	-0.17	0.66
"11512"	0.51	-0.16	0.65
"11513"	0.51	-0.15	0.64
"11514"	0.51	-0.14	0.63
"11515"	0.51	-0.13	0.62
"11516"	0.51	-0.12	0.61
"11517"	0.51	-0.11	0.6
"11518"	0.51	-0.1	0.59
"11519"	0.51	-0.09	0.58
"11520"	0.51	-0.08	0.57
"11521"	0.51	-0.07	0.56
"11522"	0.51	-0.06	0.55
"11523"	0.51	-0.05	0.54
"11524"	0.51	-0.04	0.53
"11525"	0.51	-0.03	0.52
"11526"	0.51	-0.02	0.51
"11527"	0.51	-0.01	0.5
"11528"	0.51	0	0.49
"11529"	0.51	0.01	0.48
"11530"	0.51	0.02	0.47
"11531"	0.51	0.03	0.46
"11532"	0.51	0.04	0.45
"11533"	0.51	0.05	0.44
"11534"	0.51	0.06	0.43
"11535"	0.51	0.07	0.42
"11536"	0.51	0.08	0.41
"11537"	0.51	0.09	0.4
"11538"	0.51	0.1	0.39
"11539"	0.51	0.11	0.38
"11540"	0.51	0.12	0.37
"11541"	0.51	0.13	0.36
"11542"	0.51	0.14	0.35
"11543"	0.51	0.15	0.34
"11544"	0.51	0.16	0.33
"11545"	0.51	0.17	0.32
"11546"	0.51	0.18	0.31
"11547"	0.51	0.19	0.3
"11548"	0.51	0.2	0.29
"11549"	0.51	0.21	0.28
"11550"	0.51	0.22	0.27
"11551"	0.51	0.23	0.26
"11552"	0.51	0.24	0.25
"11553"	0.51	0.25	0.24
"11554"	0.51	0.26	0.23
"11555"	0.51	0.27	0.22
"11556"	0.51	0.28	0.21
"11557"	0.51	0.29	0.2
"11558"	0.51	0.3	0.19
"11559"	0.51	0.31	0.18
"11560"	0.51	0.32	0.17
"11561"	0.51	0.33	0.16
"11562"	0.51	0.34	0.15
"11563"	0.51	0.35	0.14
"11564"	0.51	0.36	0.13
"11565"	0.51	0.37	0.12
"11566"	0.51	0.38	0.11
"11567"	0.51	0.39	0.1
"11568"	0.51	0.4	0.09
"11569"	0.51	0.41	0.08
"11570"	0.51	0.42	0.07
"11571"	0.51	0.43	0.06
"11572"	0.51	0.44	0.05
"11573"	0.51	0.45	0.04
"11574"	0.51	0.46	0.03
"11575"	0.51	0.47	0.02
"11576"	0.51	0.48	0.01
"11577"	0.51	0.49	0
"11578"	0.51	0.5	-0.01
"11579"	0.51	0.51	-0.02
"11580"	0.51	0.52	-0.03
"11581"	0.51	0.53	-0.04
"11582"	0.51	0.54	-0.05
"11583"	0.51	0.55	-0.06
"11584"	0.51	0.56	-0.07
"11585"	0.51	0.57	-0.08
"11586"	0.51	0.58	-0.09
"11587"	0.51	0.59	-0.1
"11588"	0.51	0.6	-0.11
"11589"	0.51	0.61	-0.12
"11590"	0.51	0.62	-0.13
"11591"	0.51	0.63	-0.14
"11592"	0.51	0.64	-0.15
"11593"	0.51	0.65	-0.16
"11594"	0.51	0.66	-0.17
"11595"	0.51	0.67	-0.18
"11596"	0.51	0.68	-0.19
"11597"	0.51	0.69	-0.2
"11598"	0.51	0.7	-0.21
"11599"	0.51	0.71	-0.22
"11600"	0.51	0.72	-0.23
"11601"	0.51	0.73	-0.24
"11602"	0.51	0.74	-0.25
"11603"	0.51	0.75	-0.26
"11604"	0.51	0.76	-0.27
"11605"	0.51	0.77	-0.28
"11606"	0.51	0.78	-0.29
"11607"	0.51	0.79	-0.3
"11608"	0.51	0.8	-0.31
"11609"	0.51	0.81	-0.32
"11610"	0.51	0.82	-0.33
"11611"	0.51	0.83	-0.34
"11612"	0.51	0.84	-0.35
"11613"	0.51	0.85	-0.36
"11614"	0.51	0.86	-0.37
"11615"	0.51	0.87	-0.38
"11616"	0.51	0.88	-0.39
"11617"	0.51	0.89	-0.4
"11618"	0.51	0.9	-0.41
"11619"	0.51	0.91	-0.42
"11620"	0.51	0.92	-0.43
"11621"	0.51	0.93	-0.44
"11622"	0.51	0.94	-0.45
"11623"	0.51	0.95	-0.46
"11624"	0.51	0.96	-0.47
"11625"	0.51	0.97	-0.48
"11626"	0.51	0.98	-0.49
"11627"	0.51	0.99	-0.5
"11628"	0.51	1	-0.51
"11629"	0.52	-0.52	1
"11630"	0.52	-0.51	0.99
"11631"	0.52	-0.5	0.98
"11632"	0.52	-0.49	0.97
"11633"	0.52	-0.48	0.96
"11634"	0.52	-0.47	0.95
"11635"	0.52	-0.46	0.94
"11636"	0.52	-0.45	0.93
"11637"	0.52	-0.44	0.92
"11638"	0.52	-0.43	0.91
"11639"	0.52	-0.42	0.9
"11640"	0.52	-0.41	0.89
"11641"	0.52	-0.4	0.88
"11642"	0.52	-0.39	0.87
"11643"	0.52	-0.38	0.86
"11644"	0.52	-0.37	0.85
"11645"	0.52	-0.36	0.84
"11646"	0.52	-0.35	0.83
"11647"	0.52	-0.34	0.82
"11648"	0.52	-0.33	0.81
"11649"	0.52	-0.32	0.8
"11650"	0.52	-0.31	0.79
"11651"	0.52	-0.3	0.78
"11652"	0.52	-0.29	0.77
"11653"	0.52	-0.28	0.76
"11654"	0.52	-0.27	0.75
"11655"	0.52	-0.26	0.74
"11656"	0.52	-0.25	0.73
"11657"	0.52	-0.24	0.72
"11658"	0.52	-0.23	0.71
"11659"	0.52	-0.22	0.7
"11660"	0.52	-0.21	0.69
"11661"	0.52	-0.2	0.68
"11662"	0.52	-0.19	0.67
"11663"	0.52	-0.18	0.66
"11664"	0.52	-0.17	0.65
"11665"	0.52	-0.16	0.64
"11666"	0.52	-0.15	0.63
"11667"	0.52	-0.14	0.62
"11668"	0.52	-0.13	0.61
"11669"	0.52	-0.12	0.6
"11670"	0.52	-0.11	0.59
"11671"	0.52	-0.1	0.58
"11672"	0.52	-0.09	0.57
"11673"	0.52	-0.08	0.56
"11674"	0.52	-0.07	0.55
"11675"	0.52	-0.06	0.54
"11676"	0.52	-0.05	0.53
"11677"	0.52	-0.04	0.52
"11678"	0.52	-0.03	0.51
"11679"	0.52	-0.02	0.5
"11680"	0.52	-0.01	0.49
"11681"	0.52	0	0.48
"11682"	0.52	0.01	0.47
"11683"	0.52	0.02	0.46
"11684"	0.52	0.03	0.45
"11685"	0.52	0.04	0.44
"11686"	0.52	0.05	0.43
"11687"	0.52	0.06	0.42
"11688"	0.52	0.07	0.41
"11689"	0.52	0.08	0.4
"11690"	0.52	0.09	0.39
"11691"	0.52	0.1	0.38
"11692"	0.52	0.11	0.37
"11693"	0.52	0.12	0.36
"11694"	0.52	0.13	0.35
"11695"	0.52	0.14	0.34
"11696"	0.52	0.15	0.33
"11697"	0.52	0.16	0.32
"11698"	0.52	0.17	0.31
"11699"	0.52	0.18	0.3
"11700"	0.52	0.19	0.29
"11701"	0.52	0.2	0.28
"11702"	0.52	0.21	0.27
"11703"	0.52	0.22	0.26
"11704"	0.52	0.23	0.25
"11705"	0.52	0.24	0.24
"11706"	0.52	0.25	0.23
"11707"	0.52	0.26	0.22
"11708"	0.52	0.27	0.21
"11709"	0.52	0.28	0.2
"11710"	0.52	0.29	0.19
"11711"	0.52	0.3	0.18
"11712"	0.52	0.31	0.17
"11713"	0.52	0.32	0.16
"11714"	0.52	0.33	0.15
"11715"	0.52	0.34	0.14
"11716"	0.52	0.35	0.13
"11717"	0.52	0.36	0.12
"11718"	0.52	0.37	0.11
"11719"	0.52	0.38	0.1
"11720"	0.52	0.39	0.09
"11721"	0.52	0.4	0.08
"11722"	0.52	0.41	0.07
"11723"	0.52	0.42	0.06
"11724"	0.52	0.43	0.05
"11725"	0.52	0.44	0.04
"11726"	0.52	0.45	0.03
"11727"	0.52	0.46	0.02
"11728"	0.52	0.47	0.01
"11729"	0.52	0.48	0
"11730"	0.52	0.49	-0.01
"11731"	0.52	0.5	-0.02
"11732"	0.52	0.51	-0.03
"11733"	0.52	0.52	-0.04
"11734"	0.52	0.53	-0.05
"11735"	0.52	0.54	-0.06
"11736"	0.52	0.55	-0.07
"11737"	0.52	0.56	-0.08
"11738"	0.52	0.57	-0.09
"11739"	0.52	0.58	-0.1
"11740"	0.52	0.59	-0.11
"11741"	0.52	0.6	-0.12
"11742"	0.52	0.61	-0.13
"11743"	0.52	0.62	-0.14
"11744"	0.52	0.63	-0.15
"11745"	0.52	0.64	-0.16
"11746"	0.52	0.65	-0.17
"11747"	0.52	0.66	-0.18
"11748"	0.52	0.67	-0.19
"11749"	0.52	0.68	-0.2
"11750"	0.52	0.69	-0.21
"11751"	0.52	0.7	-0.22
"11752"	0.52	0.71	-0.23
"11753"	0.52	0.72	-0.24
"11754"	0.52	0.73	-0.25
"11755"	0.52	0.74	-0.26
"11756"	0.52	0.75	-0.27
"11757"	0.52	0.76	-0.28
"11758"	0.52	0.77	-0.29
"11759"	0.52	0.78	-0.3
"11760"	0.52	0.79	-0.31
"11761"	0.52	0.8	-0.32
"11762"	0.52	0.81	-0.33
"11763"	0.52	0.82	-0.34
"11764"	0.52	0.83	-0.35
"11765"	0.52	0.84	-0.36
"11766"	0.52	0.85	-0.37
"11767"	0.52	0.86	-0.38
"11768"	0.52	0.87	-0.39
"11769"	0.52	0.88	-0.4
"11770"	0.52	0.89	-0.41
"11771"	0.52	0.9	-0.42
"11772"	0.52	0.91	-0.43
"11773"	0.52	0.92	-0.44
"11774"	0.52	0.93	-0.45
"11775"	0.52	0.94	-0.46
"11776"	0.52	0.95	-0.47
"11777"	0.52	0.96	-0.48
"11778"	0.52	0.97	-0.49
"11779"	0.52	0.98	-0.5
"11780"	0.52	0.99	-0.51
"11781"	0.52	1	-0.52
"11782"	0.53	-0.53	1
"11783"	0.53	-0.52	0.99
"11784"	0.53	-0.51	0.98
"11785"	0.53	-0.5	0.97
"11786"	0.53	-0.49	0.96
"11787"	0.53	-0.48	0.95
"11788"	0.53	-0.47	0.94
"11789"	0.53	-0.46	0.93
"11790"	0.53	-0.45	0.92
"11791"	0.53	-0.44	0.91
"11792"	0.53	-0.43	0.9
"11793"	0.53	-0.42	0.89
"11794"	0.53	-0.41	0.88
"11795"	0.53	-0.4	0.87
"11796"	0.53	-0.39	0.86
"11797"	0.53	-0.38	0.85
"11798"	0.53	-0.37	0.84
"11799"	0.53	-0.36	0.83
"11800"	0.53	-0.35	0.82
"11801"	0.53	-0.34	0.81
"11802"	0.53	-0.33	0.8
"11803"	0.53	-0.32	0.79
"11804"	0.53	-0.31	0.78
"11805"	0.53	-0.3	0.77
"11806"	0.53	-0.29	0.76
"11807"	0.53	-0.28	0.75
"11808"	0.53	-0.27	0.74
"11809"	0.53	-0.26	0.73
"11810"	0.53	-0.25	0.72
"11811"	0.53	-0.24	0.71
"11812"	0.53	-0.23	0.7
"11813"	0.53	-0.22	0.69
"11814"	0.53	-0.21	0.68
"11815"	0.53	-0.2	0.67
"11816"	0.53	-0.19	0.66
"11817"	0.53	-0.18	0.65
"11818"	0.53	-0.17	0.64
"11819"	0.53	-0.16	0.63
"11820"	0.53	-0.15	0.62
"11821"	0.53	-0.14	0.61
"11822"	0.53	-0.13	0.6
"11823"	0.53	-0.12	0.59
"11824"	0.53	-0.11	0.58
"11825"	0.53	-0.1	0.57
"11826"	0.53	-0.09	0.56
"11827"	0.53	-0.08	0.55
"11828"	0.53	-0.07	0.54
"11829"	0.53	-0.06	0.53
"11830"	0.53	-0.05	0.52
"11831"	0.53	-0.04	0.51
"11832"	0.53	-0.03	0.5
"11833"	0.53	-0.02	0.49
"11834"	0.53	-0.01	0.48
"11835"	0.53	0	0.47
"11836"	0.53	0.01	0.46
"11837"	0.53	0.02	0.45
"11838"	0.53	0.03	0.44
"11839"	0.53	0.04	0.43
"11840"	0.53	0.05	0.42
"11841"	0.53	0.06	0.41
"11842"	0.53	0.07	0.4
"11843"	0.53	0.08	0.39
"11844"	0.53	0.09	0.38
"11845"	0.53	0.1	0.37
"11846"	0.53	0.11	0.36
"11847"	0.53	0.12	0.35
"11848"	0.53	0.13	0.34
"11849"	0.53	0.14	0.33
"11850"	0.53	0.15	0.32
"11851"	0.53	0.16	0.31
"11852"	0.53	0.17	0.3
"11853"	0.53	0.18	0.29
"11854"	0.53	0.19	0.28
"11855"	0.53	0.2	0.27
"11856"	0.53	0.21	0.26
"11857"	0.53	0.22	0.25
"11858"	0.53	0.23	0.24
"11859"	0.53	0.24	0.23
"11860"	0.53	0.25	0.22
"11861"	0.53	0.26	0.21
"11862"	0.53	0.27	0.2
"11863"	0.53	0.28	0.19
"11864"	0.53	0.29	0.18
"11865"	0.53	0.3	0.17
"11866"	0.53	0.31	0.16
"11867"	0.53	0.32	0.15
"11868"	0.53	0.33	0.14
"11869"	0.53	0.34	0.13
"11870"	0.53	0.35	0.12
"11871"	0.53	0.36	0.11
"11872"	0.53	0.37	0.1
"11873"	0.53	0.38	0.09
"11874"	0.53	0.39	0.08
"11875"	0.53	0.4	0.07
"11876"	0.53	0.41	0.06
"11877"	0.53	0.42	0.05
"11878"	0.53	0.43	0.04
"11879"	0.53	0.44	0.03
"11880"	0.53	0.45	0.02
"11881"	0.53	0.46	0.01
"11882"	0.53	0.47	0
"11883"	0.53	0.48	-0.01
"11884"	0.53	0.49	-0.02
"11885"	0.53	0.5	-0.03
"11886"	0.53	0.51	-0.04
"11887"	0.53	0.52	-0.05
"11888"	0.53	0.53	-0.06
"11889"	0.53	0.54	-0.07
"11890"	0.53	0.55	-0.08
"11891"	0.53	0.56	-0.09
"11892"	0.53	0.57	-0.1
"11893"	0.53	0.58	-0.11
"11894"	0.53	0.59	-0.12
"11895"	0.53	0.6	-0.13
"11896"	0.53	0.61	-0.14
"11897"	0.53	0.62	-0.15
"11898"	0.53	0.63	-0.16
"11899"	0.53	0.64	-0.17
"11900"	0.53	0.65	-0.18
"11901"	0.53	0.66	-0.19
"11902"	0.53	0.67	-0.2
"11903"	0.53	0.68	-0.21
"11904"	0.53	0.69	-0.22
"11905"	0.53	0.7	-0.23
"11906"	0.53	0.71	-0.24
"11907"	0.53	0.72	-0.25
"11908"	0.53	0.73	-0.26
"11909"	0.53	0.74	-0.27
"11910"	0.53	0.75	-0.28
"11911"	0.53	0.76	-0.29
"11912"	0.53	0.77	-0.3
"11913"	0.53	0.78	-0.31
"11914"	0.53	0.79	-0.32
"11915"	0.53	0.8	-0.33
"11916"	0.53	0.81	-0.34
"11917"	0.53	0.82	-0.35
"11918"	0.53	0.83	-0.36
"11919"	0.53	0.84	-0.37
"11920"	0.53	0.85	-0.38
"11921"	0.53	0.86	-0.39
"11922"	0.53	0.87	-0.4
"11923"	0.53	0.88	-0.41
"11924"	0.53	0.89	-0.42
"11925"	0.53	0.9	-0.43
"11926"	0.53	0.91	-0.44
"11927"	0.53	0.92	-0.45
"11928"	0.53	0.93	-0.46
"11929"	0.53	0.94	-0.47
"11930"	0.53	0.95	-0.48
"11931"	0.53	0.96	-0.49
"11932"	0.53	0.97	-0.5
"11933"	0.53	0.98	-0.51
"11934"	0.53	0.99	-0.52
"11935"	0.53	1	-0.53
"11936"	0.54	-0.54	1
"11937"	0.54	-0.53	0.99
"11938"	0.54	-0.52	0.98
"11939"	0.54	-0.51	0.97
"11940"	0.54	-0.5	0.96
"11941"	0.54	-0.49	0.95
"11942"	0.54	-0.48	0.94
"11943"	0.54	-0.47	0.93
"11944"	0.54	-0.46	0.92
"11945"	0.54	-0.45	0.91
"11946"	0.54	-0.44	0.9
"11947"	0.54	-0.43	0.89
"11948"	0.54	-0.42	0.88
"11949"	0.54	-0.41	0.87
"11950"	0.54	-0.4	0.86
"11951"	0.54	-0.39	0.85
"11952"	0.54	-0.38	0.84
"11953"	0.54	-0.37	0.83
"11954"	0.54	-0.36	0.82
"11955"	0.54	-0.35	0.81
"11956"	0.54	-0.34	0.8
"11957"	0.54	-0.33	0.79
"11958"	0.54	-0.32	0.78
"11959"	0.54	-0.31	0.77
"11960"	0.54	-0.3	0.76
"11961"	0.54	-0.29	0.75
"11962"	0.54	-0.28	0.74
"11963"	0.54	-0.27	0.73
"11964"	0.54	-0.26	0.72
"11965"	0.54	-0.25	0.71
"11966"	0.54	-0.24	0.7
"11967"	0.54	-0.23	0.69
"11968"	0.54	-0.22	0.68
"11969"	0.54	-0.21	0.67
"11970"	0.54	-0.2	0.66
"11971"	0.54	-0.19	0.65
"11972"	0.54	-0.18	0.64
"11973"	0.54	-0.17	0.63
"11974"	0.54	-0.16	0.62
"11975"	0.54	-0.15	0.61
"11976"	0.54	-0.14	0.6
"11977"	0.54	-0.13	0.59
"11978"	0.54	-0.12	0.58
"11979"	0.54	-0.11	0.57
"11980"	0.54	-0.1	0.56
"11981"	0.54	-0.09	0.55
"11982"	0.54	-0.08	0.54
"11983"	0.54	-0.07	0.53
"11984"	0.54	-0.06	0.52
"11985"	0.54	-0.05	0.51
"11986"	0.54	-0.04	0.5
"11987"	0.54	-0.03	0.49
"11988"	0.54	-0.02	0.48
"11989"	0.54	-0.01	0.47
"11990"	0.54	0	0.46
"11991"	0.54	0.01	0.45
"11992"	0.54	0.02	0.44
"11993"	0.54	0.03	0.43
"11994"	0.54	0.04	0.42
"11995"	0.54	0.05	0.41
"11996"	0.54	0.06	0.4
"11997"	0.54	0.07	0.39
"11998"	0.54	0.08	0.38
"11999"	0.54	0.09	0.37
"12000"	0.54	0.1	0.36
"12001"	0.54	0.11	0.35
"12002"	0.54	0.12	0.34
"12003"	0.54	0.13	0.33
"12004"	0.54	0.14	0.32
"12005"	0.54	0.15	0.31
"12006"	0.54	0.16	0.3
"12007"	0.54	0.17	0.29
"12008"	0.54	0.18	0.28
"12009"	0.54	0.19	0.27
"12010"	0.54	0.2	0.26
"12011"	0.54	0.21	0.25
"12012"	0.54	0.22	0.24
"12013"	0.54	0.23	0.23
"12014"	0.54	0.24	0.22
"12015"	0.54	0.25	0.21
"12016"	0.54	0.26	0.2
"12017"	0.54	0.27	0.19
"12018"	0.54	0.28	0.18
"12019"	0.54	0.29	0.17
"12020"	0.54	0.3	0.16
"12021"	0.54	0.31	0.15
"12022"	0.54	0.32	0.14
"12023"	0.54	0.33	0.13
"12024"	0.54	0.34	0.12
"12025"	0.54	0.35	0.11
"12026"	0.54	0.36	0.1
"12027"	0.54	0.37	0.09
"12028"	0.54	0.38	0.08
"12029"	0.54	0.39	0.07
"12030"	0.54	0.4	0.06
"12031"	0.54	0.41	0.05
"12032"	0.54	0.42	0.04
"12033"	0.54	0.43	0.03
"12034"	0.54	0.44	0.02
"12035"	0.54	0.45	0.01
"12036"	0.54	0.46	0
"12037"	0.54	0.47	-0.01
"12038"	0.54	0.48	-0.02
"12039"	0.54	0.49	-0.03
"12040"	0.54	0.5	-0.04
"12041"	0.54	0.51	-0.05
"12042"	0.54	0.52	-0.06
"12043"	0.54	0.53	-0.07
"12044"	0.54	0.54	-0.08
"12045"	0.54	0.55	-0.09
"12046"	0.54	0.56	-0.1
"12047"	0.54	0.57	-0.11
"12048"	0.54	0.58	-0.12
"12049"	0.54	0.59	-0.13
"12050"	0.54	0.6	-0.14
"12051"	0.54	0.61	-0.15
"12052"	0.54	0.62	-0.16
"12053"	0.54	0.63	-0.17
"12054"	0.54	0.64	-0.18
"12055"	0.54	0.65	-0.19
"12056"	0.54	0.66	-0.2
"12057"	0.54	0.67	-0.21
"12058"	0.54	0.68	-0.22
"12059"	0.54	0.69	-0.23
"12060"	0.54	0.7	-0.24
"12061"	0.54	0.71	-0.25
"12062"	0.54	0.72	-0.26
"12063"	0.54	0.73	-0.27
"12064"	0.54	0.74	-0.28
"12065"	0.54	0.75	-0.29
"12066"	0.54	0.76	-0.3
"12067"	0.54	0.77	-0.31
"12068"	0.54	0.78	-0.32
"12069"	0.54	0.79	-0.33
"12070"	0.54	0.8	-0.34
"12071"	0.54	0.81	-0.35
"12072"	0.54	0.82	-0.36
"12073"	0.54	0.83	-0.37
"12074"	0.54	0.84	-0.38
"12075"	0.54	0.85	-0.39
"12076"	0.54	0.86	-0.4
"12077"	0.54	0.87	-0.41
"12078"	0.54	0.88	-0.42
"12079"	0.54	0.89	-0.43
"12080"	0.54	0.9	-0.44
"12081"	0.54	0.91	-0.45
"12082"	0.54	0.92	-0.46
"12083"	0.54	0.93	-0.47
"12084"	0.54	0.94	-0.48
"12085"	0.54	0.95	-0.49
"12086"	0.54	0.96	-0.5
"12087"	0.54	0.97	-0.51
"12088"	0.54	0.98	-0.52
"12089"	0.54	0.99	-0.53
"12090"	0.54	1	-0.54
"12091"	0.55	-0.55	1
"12092"	0.55	-0.54	0.99
"12093"	0.55	-0.53	0.98
"12094"	0.55	-0.52	0.97
"12095"	0.55	-0.51	0.96
"12096"	0.55	-0.5	0.95
"12097"	0.55	-0.49	0.94
"12098"	0.55	-0.48	0.93
"12099"	0.55	-0.47	0.92
"12100"	0.55	-0.46	0.91
"12101"	0.55	-0.45	0.9
"12102"	0.55	-0.44	0.89
"12103"	0.55	-0.43	0.88
"12104"	0.55	-0.42	0.87
"12105"	0.55	-0.41	0.86
"12106"	0.55	-0.4	0.85
"12107"	0.55	-0.39	0.84
"12108"	0.55	-0.38	0.83
"12109"	0.55	-0.37	0.82
"12110"	0.55	-0.36	0.81
"12111"	0.55	-0.35	0.8
"12112"	0.55	-0.34	0.79
"12113"	0.55	-0.33	0.78
"12114"	0.55	-0.32	0.77
"12115"	0.55	-0.31	0.76
"12116"	0.55	-0.3	0.75
"12117"	0.55	-0.29	0.74
"12118"	0.55	-0.28	0.73
"12119"	0.55	-0.27	0.72
"12120"	0.55	-0.26	0.71
"12121"	0.55	-0.25	0.7
"12122"	0.55	-0.24	0.69
"12123"	0.55	-0.23	0.68
"12124"	0.55	-0.22	0.67
"12125"	0.55	-0.21	0.66
"12126"	0.55	-0.2	0.65
"12127"	0.55	-0.19	0.64
"12128"	0.55	-0.18	0.63
"12129"	0.55	-0.17	0.62
"12130"	0.55	-0.16	0.61
"12131"	0.55	-0.15	0.6
"12132"	0.55	-0.14	0.59
"12133"	0.55	-0.13	0.58
"12134"	0.55	-0.12	0.57
"12135"	0.55	-0.11	0.56
"12136"	0.55	-0.1	0.55
"12137"	0.55	-0.09	0.54
"12138"	0.55	-0.08	0.53
"12139"	0.55	-0.07	0.52
"12140"	0.55	-0.06	0.51
"12141"	0.55	-0.05	0.5
"12142"	0.55	-0.04	0.49
"12143"	0.55	-0.03	0.48
"12144"	0.55	-0.02	0.47
"12145"	0.55	-0.01	0.46
"12146"	0.55	0	0.45
"12147"	0.55	0.01	0.44
"12148"	0.55	0.02	0.43
"12149"	0.55	0.03	0.42
"12150"	0.55	0.04	0.41
"12151"	0.55	0.05	0.4
"12152"	0.55	0.06	0.39
"12153"	0.55	0.07	0.38
"12154"	0.55	0.08	0.37
"12155"	0.55	0.09	0.36
"12156"	0.55	0.1	0.35
"12157"	0.55	0.11	0.34
"12158"	0.55	0.12	0.33
"12159"	0.55	0.13	0.32
"12160"	0.55	0.14	0.31
"12161"	0.55	0.15	0.3
"12162"	0.55	0.16	0.29
"12163"	0.55	0.17	0.28
"12164"	0.55	0.18	0.27
"12165"	0.55	0.19	0.26
"12166"	0.55	0.2	0.25
"12167"	0.55	0.21	0.24
"12168"	0.55	0.22	0.23
"12169"	0.55	0.23	0.22
"12170"	0.55	0.24	0.21
"12171"	0.55	0.25	0.2
"12172"	0.55	0.26	0.19
"12173"	0.55	0.27	0.18
"12174"	0.55	0.28	0.17
"12175"	0.55	0.29	0.16
"12176"	0.55	0.3	0.15
"12177"	0.55	0.31	0.14
"12178"	0.55	0.32	0.13
"12179"	0.55	0.33	0.12
"12180"	0.55	0.34	0.11
"12181"	0.55	0.35	0.1
"12182"	0.55	0.36	0.09
"12183"	0.55	0.37	0.08
"12184"	0.55	0.38	0.07
"12185"	0.55	0.39	0.06
"12186"	0.55	0.4	0.05
"12187"	0.55	0.41	0.04
"12188"	0.55	0.42	0.03
"12189"	0.55	0.43	0.02
"12190"	0.55	0.44	0.01
"12191"	0.55	0.45	0
"12192"	0.55	0.46	-0.01
"12193"	0.55	0.47	-0.02
"12194"	0.55	0.48	-0.03
"12195"	0.55	0.49	-0.04
"12196"	0.55	0.5	-0.05
"12197"	0.55	0.51	-0.06
"12198"	0.55	0.52	-0.07
"12199"	0.55	0.53	-0.08
"12200"	0.55	0.54	-0.09
"12201"	0.55	0.55	-0.1
"12202"	0.55	0.56	-0.11
"12203"	0.55	0.57	-0.12
"12204"	0.55	0.58	-0.13
"12205"	0.55	0.59	-0.14
"12206"	0.55	0.6	-0.15
"12207"	0.55	0.61	-0.16
"12208"	0.55	0.62	-0.17
"12209"	0.55	0.63	-0.18
"12210"	0.55	0.64	-0.19
"12211"	0.55	0.65	-0.2
"12212"	0.55	0.66	-0.21
"12213"	0.55	0.67	-0.22
"12214"	0.55	0.68	-0.23
"12215"	0.55	0.69	-0.24
"12216"	0.55	0.7	-0.25
"12217"	0.55	0.71	-0.26
"12218"	0.55	0.72	-0.27
"12219"	0.55	0.73	-0.28
"12220"	0.55	0.74	-0.29
"12221"	0.55	0.75	-0.3
"12222"	0.55	0.76	-0.31
"12223"	0.55	0.77	-0.32
"12224"	0.55	0.78	-0.33
"12225"	0.55	0.79	-0.34
"12226"	0.55	0.8	-0.35
"12227"	0.55	0.81	-0.36
"12228"	0.55	0.82	-0.37
"12229"	0.55	0.83	-0.38
"12230"	0.55	0.84	-0.39
"12231"	0.55	0.85	-0.4
"12232"	0.55	0.86	-0.41
"12233"	0.55	0.87	-0.42
"12234"	0.55	0.88	-0.43
"12235"	0.55	0.89	-0.44
"12236"	0.55	0.9	-0.45
"12237"	0.55	0.91	-0.46
"12238"	0.55	0.92	-0.47
"12239"	0.55	0.93	-0.48
"12240"	0.55	0.94	-0.49
"12241"	0.55	0.95	-0.5
"12242"	0.55	0.96	-0.51
"12243"	0.55	0.97	-0.52
"12244"	0.55	0.98	-0.53
"12245"	0.55	0.99	-0.54
"12246"	0.55	1	-0.55
"12247"	0.56	-0.56	1
"12248"	0.56	-0.55	0.99
"12249"	0.56	-0.54	0.98
"12250"	0.56	-0.53	0.97
"12251"	0.56	-0.52	0.96
"12252"	0.56	-0.51	0.95
"12253"	0.56	-0.5	0.94
"12254"	0.56	-0.49	0.93
"12255"	0.56	-0.48	0.92
"12256"	0.56	-0.47	0.91
"12257"	0.56	-0.46	0.9
"12258"	0.56	-0.45	0.89
"12259"	0.56	-0.44	0.88
"12260"	0.56	-0.43	0.87
"12261"	0.56	-0.42	0.86
"12262"	0.56	-0.41	0.85
"12263"	0.56	-0.4	0.84
"12264"	0.56	-0.39	0.83
"12265"	0.56	-0.38	0.82
"12266"	0.56	-0.37	0.81
"12267"	0.56	-0.36	0.8
"12268"	0.56	-0.35	0.79
"12269"	0.56	-0.34	0.78
"12270"	0.56	-0.33	0.77
"12271"	0.56	-0.32	0.76
"12272"	0.56	-0.31	0.75
"12273"	0.56	-0.3	0.74
"12274"	0.56	-0.29	0.73
"12275"	0.56	-0.28	0.72
"12276"	0.56	-0.27	0.71
"12277"	0.56	-0.26	0.7
"12278"	0.56	-0.25	0.69
"12279"	0.56	-0.24	0.68
"12280"	0.56	-0.23	0.67
"12281"	0.56	-0.22	0.66
"12282"	0.56	-0.21	0.65
"12283"	0.56	-0.2	0.64
"12284"	0.56	-0.19	0.63
"12285"	0.56	-0.18	0.62
"12286"	0.56	-0.17	0.61
"12287"	0.56	-0.16	0.6
"12288"	0.56	-0.15	0.59
"12289"	0.56	-0.14	0.58
"12290"	0.56	-0.13	0.57
"12291"	0.56	-0.12	0.56
"12292"	0.56	-0.11	0.55
"12293"	0.56	-0.1	0.54
"12294"	0.56	-0.09	0.53
"12295"	0.56	-0.08	0.52
"12296"	0.56	-0.07	0.51
"12297"	0.56	-0.06	0.5
"12298"	0.56	-0.05	0.49
"12299"	0.56	-0.04	0.48
"12300"	0.56	-0.03	0.47
"12301"	0.56	-0.02	0.46
"12302"	0.56	-0.01	0.45
"12303"	0.56	0	0.44
"12304"	0.56	0.01	0.43
"12305"	0.56	0.02	0.42
"12306"	0.56	0.03	0.41
"12307"	0.56	0.04	0.4
"12308"	0.56	0.05	0.39
"12309"	0.56	0.06	0.38
"12310"	0.56	0.07	0.37
"12311"	0.56	0.08	0.36
"12312"	0.56	0.09	0.35
"12313"	0.56	0.1	0.34
"12314"	0.56	0.11	0.33
"12315"	0.56	0.12	0.32
"12316"	0.56	0.13	0.31
"12317"	0.56	0.14	0.3
"12318"	0.56	0.15	0.29
"12319"	0.56	0.16	0.28
"12320"	0.56	0.17	0.27
"12321"	0.56	0.18	0.26
"12322"	0.56	0.19	0.25
"12323"	0.56	0.2	0.24
"12324"	0.56	0.21	0.23
"12325"	0.56	0.22	0.22
"12326"	0.56	0.23	0.21
"12327"	0.56	0.24	0.2
"12328"	0.56	0.25	0.19
"12329"	0.56	0.26	0.18
"12330"	0.56	0.27	0.17
"12331"	0.56	0.28	0.16
"12332"	0.56	0.29	0.15
"12333"	0.56	0.3	0.14
"12334"	0.56	0.31	0.13
"12335"	0.56	0.32	0.12
"12336"	0.56	0.33	0.11
"12337"	0.56	0.34	0.1
"12338"	0.56	0.35	0.09
"12339"	0.56	0.36	0.08
"12340"	0.56	0.37	0.07
"12341"	0.56	0.38	0.06
"12342"	0.56	0.39	0.05
"12343"	0.56	0.4	0.04
"12344"	0.56	0.41	0.03
"12345"	0.56	0.42	0.02
"12346"	0.56	0.43	0.01
"12347"	0.56	0.44	0
"12348"	0.56	0.45	-0.01
"12349"	0.56	0.46	-0.02
"12350"	0.56	0.47	-0.03
"12351"	0.56	0.48	-0.04
"12352"	0.56	0.49	-0.05
"12353"	0.56	0.5	-0.06
"12354"	0.56	0.51	-0.07
"12355"	0.56	0.52	-0.08
"12356"	0.56	0.53	-0.09
"12357"	0.56	0.54	-0.1
"12358"	0.56	0.55	-0.11
"12359"	0.56	0.56	-0.12
"12360"	0.56	0.57	-0.13
"12361"	0.56	0.58	-0.14
"12362"	0.56	0.59	-0.15
"12363"	0.56	0.6	-0.16
"12364"	0.56	0.61	-0.17
"12365"	0.56	0.62	-0.18
"12366"	0.56	0.63	-0.19
"12367"	0.56	0.64	-0.2
"12368"	0.56	0.65	-0.21
"12369"	0.56	0.66	-0.22
"12370"	0.56	0.67	-0.23
"12371"	0.56	0.68	-0.24
"12372"	0.56	0.69	-0.25
"12373"	0.56	0.7	-0.26
"12374"	0.56	0.71	-0.27
"12375"	0.56	0.72	-0.28
"12376"	0.56	0.73	-0.29
"12377"	0.56	0.74	-0.3
"12378"	0.56	0.75	-0.31
"12379"	0.56	0.76	-0.32
"12380"	0.56	0.77	-0.33
"12381"	0.56	0.78	-0.34
"12382"	0.56	0.79	-0.35
"12383"	0.56	0.8	-0.36
"12384"	0.56	0.81	-0.37
"12385"	0.56	0.82	-0.38
"12386"	0.56	0.83	-0.39
"12387"	0.56	0.84	-0.4
"12388"	0.56	0.85	-0.41
"12389"	0.56	0.86	-0.42
"12390"	0.56	0.87	-0.43
"12391"	0.56	0.88	-0.44
"12392"	0.56	0.89	-0.45
"12393"	0.56	0.9	-0.46
"12394"	0.56	0.91	-0.47
"12395"	0.56	0.92	-0.48
"12396"	0.56	0.93	-0.49
"12397"	0.56	0.94	-0.5
"12398"	0.56	0.95	-0.51
"12399"	0.56	0.96	-0.52
"12400"	0.56	0.97	-0.53
"12401"	0.56	0.98	-0.54
"12402"	0.56	0.99	-0.55
"12403"	0.56	1	-0.56
"12404"	0.57	-0.57	1
"12405"	0.57	-0.56	0.99
"12406"	0.57	-0.55	0.98
"12407"	0.57	-0.54	0.97
"12408"	0.57	-0.53	0.96
"12409"	0.57	-0.52	0.95
"12410"	0.57	-0.51	0.94
"12411"	0.57	-0.5	0.93
"12412"	0.57	-0.49	0.92
"12413"	0.57	-0.48	0.91
"12414"	0.57	-0.47	0.9
"12415"	0.57	-0.46	0.89
"12416"	0.57	-0.45	0.88
"12417"	0.57	-0.44	0.87
"12418"	0.57	-0.43	0.86
"12419"	0.57	-0.42	0.85
"12420"	0.57	-0.41	0.84
"12421"	0.57	-0.4	0.83
"12422"	0.57	-0.39	0.82
"12423"	0.57	-0.38	0.81
"12424"	0.57	-0.37	0.8
"12425"	0.57	-0.36	0.79
"12426"	0.57	-0.35	0.78
"12427"	0.57	-0.34	0.77
"12428"	0.57	-0.33	0.76
"12429"	0.57	-0.32	0.75
"12430"	0.57	-0.31	0.74
"12431"	0.57	-0.3	0.73
"12432"	0.57	-0.29	0.72
"12433"	0.57	-0.28	0.71
"12434"	0.57	-0.27	0.7
"12435"	0.57	-0.26	0.69
"12436"	0.57	-0.25	0.68
"12437"	0.57	-0.24	0.67
"12438"	0.57	-0.23	0.66
"12439"	0.57	-0.22	0.65
"12440"	0.57	-0.21	0.64
"12441"	0.57	-0.2	0.63
"12442"	0.57	-0.19	0.62
"12443"	0.57	-0.18	0.61
"12444"	0.57	-0.17	0.6
"12445"	0.57	-0.16	0.59
"12446"	0.57	-0.15	0.58
"12447"	0.57	-0.14	0.57
"12448"	0.57	-0.13	0.56
"12449"	0.57	-0.12	0.55
"12450"	0.57	-0.11	0.54
"12451"	0.57	-0.1	0.53
"12452"	0.57	-0.09	0.52
"12453"	0.57	-0.08	0.51
"12454"	0.57	-0.07	0.5
"12455"	0.57	-0.06	0.49
"12456"	0.57	-0.05	0.48
"12457"	0.57	-0.04	0.47
"12458"	0.57	-0.03	0.46
"12459"	0.57	-0.02	0.45
"12460"	0.57	-0.01	0.44
"12461"	0.57	0	0.43
"12462"	0.57	0.01	0.42
"12463"	0.57	0.02	0.41
"12464"	0.57	0.03	0.4
"12465"	0.57	0.04	0.39
"12466"	0.57	0.05	0.38
"12467"	0.57	0.06	0.37
"12468"	0.57	0.07	0.36
"12469"	0.57	0.08	0.35
"12470"	0.57	0.09	0.34
"12471"	0.57	0.1	0.33
"12472"	0.57	0.11	0.32
"12473"	0.57	0.12	0.31
"12474"	0.57	0.13	0.3
"12475"	0.57	0.14	0.29
"12476"	0.57	0.15	0.28
"12477"	0.57	0.16	0.27
"12478"	0.57	0.17	0.26
"12479"	0.57	0.18	0.25
"12480"	0.57	0.19	0.24
"12481"	0.57	0.2	0.23
"12482"	0.57	0.21	0.22
"12483"	0.57	0.22	0.21
"12484"	0.57	0.23	0.2
"12485"	0.57	0.24	0.19
"12486"	0.57	0.25	0.18
"12487"	0.57	0.26	0.17
"12488"	0.57	0.27	0.16
"12489"	0.57	0.28	0.15
"12490"	0.57	0.29	0.14
"12491"	0.57	0.3	0.13
"12492"	0.57	0.31	0.12
"12493"	0.57	0.32	0.11
"12494"	0.57	0.33	0.1
"12495"	0.57	0.34	0.09
"12496"	0.57	0.35	0.08
"12497"	0.57	0.36	0.07
"12498"	0.57	0.37	0.06
"12499"	0.57	0.38	0.05
"12500"	0.57	0.39	0.04
"12501"	0.57	0.4	0.03
"12502"	0.57	0.41	0.02
"12503"	0.57	0.42	0.01
"12504"	0.57	0.43	0
"12505"	0.57	0.44	-0.01
"12506"	0.57	0.45	-0.02
"12507"	0.57	0.46	-0.03
"12508"	0.57	0.47	-0.04
"12509"	0.57	0.48	-0.05
"12510"	0.57	0.49	-0.06
"12511"	0.57	0.5	-0.07
"12512"	0.57	0.51	-0.08
"12513"	0.57	0.52	-0.09
"12514"	0.57	0.53	-0.1
"12515"	0.57	0.54	-0.11
"12516"	0.57	0.55	-0.12
"12517"	0.57	0.56	-0.13
"12518"	0.57	0.57	-0.14
"12519"	0.57	0.58	-0.15
"12520"	0.57	0.59	-0.16
"12521"	0.57	0.6	-0.17
"12522"	0.57	0.61	-0.18
"12523"	0.57	0.62	-0.19
"12524"	0.57	0.63	-0.2
"12525"	0.57	0.64	-0.21
"12526"	0.57	0.65	-0.22
"12527"	0.57	0.66	-0.23
"12528"	0.57	0.67	-0.24
"12529"	0.57	0.68	-0.25
"12530"	0.57	0.69	-0.26
"12531"	0.57	0.7	-0.27
"12532"	0.57	0.71	-0.28
"12533"	0.57	0.72	-0.29
"12534"	0.57	0.73	-0.3
"12535"	0.57	0.74	-0.31
"12536"	0.57	0.75	-0.32
"12537"	0.57	0.76	-0.33
"12538"	0.57	0.77	-0.34
"12539"	0.57	0.78	-0.35
"12540"	0.57	0.79	-0.36
"12541"	0.57	0.8	-0.37
"12542"	0.57	0.81	-0.38
"12543"	0.57	0.82	-0.39
"12544"	0.57	0.83	-0.4
"12545"	0.57	0.84	-0.41
"12546"	0.57	0.85	-0.42
"12547"	0.57	0.86	-0.43
"12548"	0.57	0.87	-0.44
"12549"	0.57	0.88	-0.45
"12550"	0.57	0.89	-0.46
"12551"	0.57	0.9	-0.47
"12552"	0.57	0.91	-0.48
"12553"	0.57	0.92	-0.49
"12554"	0.57	0.93	-0.5
"12555"	0.57	0.94	-0.51
"12556"	0.57	0.95	-0.52
"12557"	0.57	0.96	-0.53
"12558"	0.57	0.97	-0.54
"12559"	0.57	0.98	-0.55
"12560"	0.57	0.99	-0.56
"12561"	0.57	1	-0.57
"12562"	0.58	-0.58	1
"12563"	0.58	-0.57	0.99
"12564"	0.58	-0.56	0.98
"12565"	0.58	-0.55	0.97
"12566"	0.58	-0.54	0.96
"12567"	0.58	-0.53	0.95
"12568"	0.58	-0.52	0.94
"12569"	0.58	-0.51	0.93
"12570"	0.58	-0.5	0.92
"12571"	0.58	-0.49	0.91
"12572"	0.58	-0.48	0.9
"12573"	0.58	-0.47	0.89
"12574"	0.58	-0.46	0.88
"12575"	0.58	-0.45	0.87
"12576"	0.58	-0.44	0.86
"12577"	0.58	-0.43	0.85
"12578"	0.58	-0.42	0.84
"12579"	0.58	-0.41	0.83
"12580"	0.58	-0.4	0.82
"12581"	0.58	-0.39	0.81
"12582"	0.58	-0.38	0.8
"12583"	0.58	-0.37	0.79
"12584"	0.58	-0.36	0.78
"12585"	0.58	-0.35	0.77
"12586"	0.58	-0.34	0.76
"12587"	0.58	-0.33	0.75
"12588"	0.58	-0.32	0.74
"12589"	0.58	-0.31	0.73
"12590"	0.58	-0.3	0.72
"12591"	0.58	-0.29	0.71
"12592"	0.58	-0.28	0.7
"12593"	0.58	-0.27	0.69
"12594"	0.58	-0.26	0.68
"12595"	0.58	-0.25	0.67
"12596"	0.58	-0.24	0.66
"12597"	0.58	-0.23	0.65
"12598"	0.58	-0.22	0.64
"12599"	0.58	-0.21	0.63
"12600"	0.58	-0.2	0.62
"12601"	0.58	-0.19	0.61
"12602"	0.58	-0.18	0.6
"12603"	0.58	-0.17	0.59
"12604"	0.58	-0.16	0.58
"12605"	0.58	-0.15	0.57
"12606"	0.58	-0.14	0.56
"12607"	0.58	-0.13	0.55
"12608"	0.58	-0.12	0.54
"12609"	0.58	-0.11	0.53
"12610"	0.58	-0.1	0.52
"12611"	0.58	-0.09	0.51
"12612"	0.58	-0.08	0.5
"12613"	0.58	-0.07	0.49
"12614"	0.58	-0.06	0.48
"12615"	0.58	-0.05	0.47
"12616"	0.58	-0.04	0.46
"12617"	0.58	-0.03	0.45
"12618"	0.58	-0.02	0.44
"12619"	0.58	-0.01	0.43
"12620"	0.58	0	0.42
"12621"	0.58	0.01	0.41
"12622"	0.58	0.02	0.4
"12623"	0.58	0.03	0.39
"12624"	0.58	0.04	0.38
"12625"	0.58	0.05	0.37
"12626"	0.58	0.06	0.36
"12627"	0.58	0.07	0.35
"12628"	0.58	0.08	0.34
"12629"	0.58	0.09	0.33
"12630"	0.58	0.1	0.32
"12631"	0.58	0.11	0.31
"12632"	0.58	0.12	0.3
"12633"	0.58	0.13	0.29
"12634"	0.58	0.14	0.28
"12635"	0.58	0.15	0.27
"12636"	0.58	0.16	0.26
"12637"	0.58	0.17	0.25
"12638"	0.58	0.18	0.24
"12639"	0.58	0.19	0.23
"12640"	0.58	0.2	0.22
"12641"	0.58	0.21	0.21
"12642"	0.58	0.22	0.2
"12643"	0.58	0.23	0.19
"12644"	0.58	0.24	0.18
"12645"	0.58	0.25	0.17
"12646"	0.58	0.26	0.16
"12647"	0.58	0.27	0.15
"12648"	0.58	0.28	0.14
"12649"	0.58	0.29	0.13
"12650"	0.58	0.3	0.12
"12651"	0.58	0.31	0.11
"12652"	0.58	0.32	0.1
"12653"	0.58	0.33	0.09
"12654"	0.58	0.34	0.08
"12655"	0.58	0.35	0.07
"12656"	0.58	0.36	0.06
"12657"	0.58	0.37	0.05
"12658"	0.58	0.38	0.04
"12659"	0.58	0.39	0.03
"12660"	0.58	0.4	0.02
"12661"	0.58	0.41	0.01
"12662"	0.58	0.42	0
"12663"	0.58	0.43	-0.01
"12664"	0.58	0.44	-0.02
"12665"	0.58	0.45	-0.03
"12666"	0.58	0.46	-0.04
"12667"	0.58	0.47	-0.05
"12668"	0.58	0.48	-0.06
"12669"	0.58	0.49	-0.07
"12670"	0.58	0.5	-0.08
"12671"	0.58	0.51	-0.09
"12672"	0.58	0.52	-0.1
"12673"	0.58	0.53	-0.11
"12674"	0.58	0.54	-0.12
"12675"	0.58	0.55	-0.13
"12676"	0.58	0.56	-0.14
"12677"	0.58	0.57	-0.15
"12678"	0.58	0.58	-0.16
"12679"	0.58	0.59	-0.17
"12680"	0.58	0.6	-0.18
"12681"	0.58	0.61	-0.19
"12682"	0.58	0.62	-0.2
"12683"	0.58	0.63	-0.21
"12684"	0.58	0.64	-0.22
"12685"	0.58	0.65	-0.23
"12686"	0.58	0.66	-0.24
"12687"	0.58	0.67	-0.25
"12688"	0.58	0.68	-0.26
"12689"	0.58	0.69	-0.27
"12690"	0.58	0.7	-0.28
"12691"	0.58	0.71	-0.29
"12692"	0.58	0.72	-0.3
"12693"	0.58	0.73	-0.31
"12694"	0.58	0.74	-0.32
"12695"	0.58	0.75	-0.33
"12696"	0.58	0.76	-0.34
"12697"	0.58	0.77	-0.35
"12698"	0.58	0.78	-0.36
"12699"	0.58	0.79	-0.37
"12700"	0.58	0.8	-0.38
"12701"	0.58	0.81	-0.39
"12702"	0.58	0.82	-0.4
"12703"	0.58	0.83	-0.41
"12704"	0.58	0.84	-0.42
"12705"	0.58	0.85	-0.43
"12706"	0.58	0.86	-0.44
"12707"	0.58	0.87	-0.45
"12708"	0.58	0.88	-0.46
"12709"	0.58	0.89	-0.47
"12710"	0.58	0.9	-0.48
"12711"	0.58	0.91	-0.49
"12712"	0.58	0.92	-0.5
"12713"	0.58	0.93	-0.51
"12714"	0.58	0.94	-0.52
"12715"	0.58	0.95	-0.53
"12716"	0.58	0.96	-0.54
"12717"	0.58	0.97	-0.55
"12718"	0.58	0.98	-0.56
"12719"	0.58	0.99	-0.57
"12720"	0.58	1	-0.58
"12721"	0.59	-0.59	1
"12722"	0.59	-0.58	0.99
"12723"	0.59	-0.57	0.98
"12724"	0.59	-0.56	0.97
"12725"	0.59	-0.55	0.96
"12726"	0.59	-0.54	0.95
"12727"	0.59	-0.53	0.94
"12728"	0.59	-0.52	0.93
"12729"	0.59	-0.51	0.92
"12730"	0.59	-0.5	0.91
"12731"	0.59	-0.49	0.9
"12732"	0.59	-0.48	0.89
"12733"	0.59	-0.47	0.88
"12734"	0.59	-0.46	0.87
"12735"	0.59	-0.45	0.86
"12736"	0.59	-0.44	0.85
"12737"	0.59	-0.43	0.84
"12738"	0.59	-0.42	0.83
"12739"	0.59	-0.41	0.82
"12740"	0.59	-0.4	0.81
"12741"	0.59	-0.39	0.8
"12742"	0.59	-0.38	0.79
"12743"	0.59	-0.37	0.78
"12744"	0.59	-0.36	0.77
"12745"	0.59	-0.35	0.76
"12746"	0.59	-0.34	0.75
"12747"	0.59	-0.33	0.74
"12748"	0.59	-0.32	0.73
"12749"	0.59	-0.31	0.72
"12750"	0.59	-0.3	0.71
"12751"	0.59	-0.29	0.7
"12752"	0.59	-0.28	0.69
"12753"	0.59	-0.27	0.68
"12754"	0.59	-0.26	0.67
"12755"	0.59	-0.25	0.66
"12756"	0.59	-0.24	0.65
"12757"	0.59	-0.23	0.64
"12758"	0.59	-0.22	0.63
"12759"	0.59	-0.21	0.62
"12760"	0.59	-0.2	0.61
"12761"	0.59	-0.19	0.6
"12762"	0.59	-0.18	0.59
"12763"	0.59	-0.17	0.58
"12764"	0.59	-0.16	0.57
"12765"	0.59	-0.15	0.56
"12766"	0.59	-0.14	0.55
"12767"	0.59	-0.13	0.54
"12768"	0.59	-0.12	0.53
"12769"	0.59	-0.11	0.52
"12770"	0.59	-0.1	0.51
"12771"	0.59	-0.09	0.5
"12772"	0.59	-0.08	0.49
"12773"	0.59	-0.07	0.48
"12774"	0.59	-0.06	0.47
"12775"	0.59	-0.05	0.46
"12776"	0.59	-0.04	0.45
"12777"	0.59	-0.03	0.44
"12778"	0.59	-0.02	0.43
"12779"	0.59	-0.01	0.42
"12780"	0.59	0	0.41
"12781"	0.59	0.01	0.4
"12782"	0.59	0.02	0.39
"12783"	0.59	0.03	0.38
"12784"	0.59	0.04	0.37
"12785"	0.59	0.05	0.36
"12786"	0.59	0.06	0.35
"12787"	0.59	0.07	0.34
"12788"	0.59	0.08	0.33
"12789"	0.59	0.09	0.32
"12790"	0.59	0.1	0.31
"12791"	0.59	0.11	0.3
"12792"	0.59	0.12	0.29
"12793"	0.59	0.13	0.28
"12794"	0.59	0.14	0.27
"12795"	0.59	0.15	0.26
"12796"	0.59	0.16	0.25
"12797"	0.59	0.17	0.24
"12798"	0.59	0.18	0.23
"12799"	0.59	0.19	0.22
"12800"	0.59	0.2	0.21
"12801"	0.59	0.21	0.2
"12802"	0.59	0.22	0.19
"12803"	0.59	0.23	0.18
"12804"	0.59	0.24	0.17
"12805"	0.59	0.25	0.16
"12806"	0.59	0.26	0.15
"12807"	0.59	0.27	0.14
"12808"	0.59	0.28	0.13
"12809"	0.59	0.29	0.12
"12810"	0.59	0.3	0.11
"12811"	0.59	0.31	0.1
"12812"	0.59	0.32	0.09
"12813"	0.59	0.33	0.08
"12814"	0.59	0.34	0.07
"12815"	0.59	0.35	0.06
"12816"	0.59	0.36	0.05
"12817"	0.59	0.37	0.04
"12818"	0.59	0.38	0.03
"12819"	0.59	0.39	0.02
"12820"	0.59	0.4	0.01
"12821"	0.59	0.41	0
"12822"	0.59	0.42	-0.01
"12823"	0.59	0.43	-0.02
"12824"	0.59	0.44	-0.03
"12825"	0.59	0.45	-0.04
"12826"	0.59	0.46	-0.05
"12827"	0.59	0.47	-0.06
"12828"	0.59	0.48	-0.07
"12829"	0.59	0.49	-0.08
"12830"	0.59	0.5	-0.09
"12831"	0.59	0.51	-0.1
"12832"	0.59	0.52	-0.11
"12833"	0.59	0.53	-0.12
"12834"	0.59	0.54	-0.13
"12835"	0.59	0.55	-0.14
"12836"	0.59	0.56	-0.15
"12837"	0.59	0.57	-0.16
"12838"	0.59	0.58	-0.17
"12839"	0.59	0.59	-0.18
"12840"	0.59	0.6	-0.19
"12841"	0.59	0.61	-0.2
"12842"	0.59	0.62	-0.21
"12843"	0.59	0.63	-0.22
"12844"	0.59	0.64	-0.23
"12845"	0.59	0.65	-0.24
"12846"	0.59	0.66	-0.25
"12847"	0.59	0.67	-0.26
"12848"	0.59	0.68	-0.27
"12849"	0.59	0.69	-0.28
"12850"	0.59	0.7	-0.29
"12851"	0.59	0.71	-0.3
"12852"	0.59	0.72	-0.31
"12853"	0.59	0.73	-0.32
"12854"	0.59	0.74	-0.33
"12855"	0.59	0.75	-0.34
"12856"	0.59	0.76	-0.35
"12857"	0.59	0.77	-0.36
"12858"	0.59	0.78	-0.37
"12859"	0.59	0.79	-0.38
"12860"	0.59	0.8	-0.39
"12861"	0.59	0.81	-0.4
"12862"	0.59	0.82	-0.41
"12863"	0.59	0.83	-0.42
"12864"	0.59	0.84	-0.43
"12865"	0.59	0.85	-0.44
"12866"	0.59	0.86	-0.45
"12867"	0.59	0.87	-0.46
"12868"	0.59	0.88	-0.47
"12869"	0.59	0.89	-0.48
"12870"	0.59	0.9	-0.49
"12871"	0.59	0.91	-0.5
"12872"	0.59	0.92	-0.51
"12873"	0.59	0.93	-0.52
"12874"	0.59	0.94	-0.53
"12875"	0.59	0.95	-0.54
"12876"	0.59	0.96	-0.55
"12877"	0.59	0.97	-0.56
"12878"	0.59	0.98	-0.57
"12879"	0.59	0.99	-0.58
"12880"	0.59	1	-0.59
"12881"	0.6	-0.6	1
"12882"	0.6	-0.59	0.99
"12883"	0.6	-0.58	0.98
"12884"	0.6	-0.57	0.97
"12885"	0.6	-0.56	0.96
"12886"	0.6	-0.55	0.95
"12887"	0.6	-0.54	0.94
"12888"	0.6	-0.53	0.93
"12889"	0.6	-0.52	0.92
"12890"	0.6	-0.51	0.91
"12891"	0.6	-0.5	0.9
"12892"	0.6	-0.49	0.89
"12893"	0.6	-0.48	0.88
"12894"	0.6	-0.47	0.87
"12895"	0.6	-0.46	0.86
"12896"	0.6	-0.45	0.85
"12897"	0.6	-0.44	0.84
"12898"	0.6	-0.43	0.83
"12899"	0.6	-0.42	0.82
"12900"	0.6	-0.41	0.81
"12901"	0.6	-0.4	0.8
"12902"	0.6	-0.39	0.79
"12903"	0.6	-0.38	0.78
"12904"	0.6	-0.37	0.77
"12905"	0.6	-0.36	0.76
"12906"	0.6	-0.35	0.75
"12907"	0.6	-0.34	0.74
"12908"	0.6	-0.33	0.73
"12909"	0.6	-0.32	0.72
"12910"	0.6	-0.31	0.71
"12911"	0.6	-0.3	0.7
"12912"	0.6	-0.29	0.69
"12913"	0.6	-0.28	0.68
"12914"	0.6	-0.27	0.67
"12915"	0.6	-0.26	0.66
"12916"	0.6	-0.25	0.65
"12917"	0.6	-0.24	0.64
"12918"	0.6	-0.23	0.63
"12919"	0.6	-0.22	0.62
"12920"	0.6	-0.21	0.61
"12921"	0.6	-0.2	0.6
"12922"	0.6	-0.19	0.59
"12923"	0.6	-0.18	0.58
"12924"	0.6	-0.17	0.57
"12925"	0.6	-0.16	0.56
"12926"	0.6	-0.15	0.55
"12927"	0.6	-0.14	0.54
"12928"	0.6	-0.13	0.53
"12929"	0.6	-0.12	0.52
"12930"	0.6	-0.11	0.51
"12931"	0.6	-0.1	0.5
"12932"	0.6	-0.09	0.49
"12933"	0.6	-0.08	0.48
"12934"	0.6	-0.07	0.47
"12935"	0.6	-0.06	0.46
"12936"	0.6	-0.05	0.45
"12937"	0.6	-0.04	0.44
"12938"	0.6	-0.03	0.43
"12939"	0.6	-0.02	0.42
"12940"	0.6	-0.01	0.41
"12941"	0.6	0	0.4
"12942"	0.6	0.01	0.39
"12943"	0.6	0.02	0.38
"12944"	0.6	0.03	0.37
"12945"	0.6	0.04	0.36
"12946"	0.6	0.05	0.35
"12947"	0.6	0.06	0.34
"12948"	0.6	0.07	0.33
"12949"	0.6	0.08	0.32
"12950"	0.6	0.09	0.31
"12951"	0.6	0.1	0.3
"12952"	0.6	0.11	0.29
"12953"	0.6	0.12	0.28
"12954"	0.6	0.13	0.27
"12955"	0.6	0.14	0.26
"12956"	0.6	0.15	0.25
"12957"	0.6	0.16	0.24
"12958"	0.6	0.17	0.23
"12959"	0.6	0.18	0.22
"12960"	0.6	0.19	0.21
"12961"	0.6	0.2	0.2
"12962"	0.6	0.21	0.19
"12963"	0.6	0.22	0.18
"12964"	0.6	0.23	0.17
"12965"	0.6	0.24	0.16
"12966"	0.6	0.25	0.15
"12967"	0.6	0.26	0.14
"12968"	0.6	0.27	0.13
"12969"	0.6	0.28	0.12
"12970"	0.6	0.29	0.11
"12971"	0.6	0.3	0.1
"12972"	0.6	0.31	0.09
"12973"	0.6	0.32	0.08
"12974"	0.6	0.33	0.07
"12975"	0.6	0.34	0.06
"12976"	0.6	0.35	0.05
"12977"	0.6	0.36	0.04
"12978"	0.6	0.37	0.03
"12979"	0.6	0.38	0.02
"12980"	0.6	0.39	0.01
"12981"	0.6	0.4	0
"12982"	0.6	0.41	-0.01
"12983"	0.6	0.42	-0.02
"12984"	0.6	0.43	-0.03
"12985"	0.6	0.44	-0.04
"12986"	0.6	0.45	-0.05
"12987"	0.6	0.46	-0.06
"12988"	0.6	0.47	-0.07
"12989"	0.6	0.48	-0.08
"12990"	0.6	0.49	-0.09
"12991"	0.6	0.5	-0.1
"12992"	0.6	0.51	-0.11
"12993"	0.6	0.52	-0.12
"12994"	0.6	0.53	-0.13
"12995"	0.6	0.54	-0.14
"12996"	0.6	0.55	-0.15
"12997"	0.6	0.56	-0.16
"12998"	0.6	0.57	-0.17
"12999"	0.6	0.58	-0.18
"13000"	0.6	0.59	-0.19
"13001"	0.6	0.6	-0.2
"13002"	0.6	0.61	-0.21
"13003"	0.6	0.62	-0.22
"13004"	0.6	0.63	-0.23
"13005"	0.6	0.64	-0.24
"13006"	0.6	0.65	-0.25
"13007"	0.6	0.66	-0.26
"13008"	0.6	0.67	-0.27
"13009"	0.6	0.68	-0.28
"13010"	0.6	0.69	-0.29
"13011"	0.6	0.7	-0.3
"13012"	0.6	0.71	-0.31
"13013"	0.6	0.72	-0.32
"13014"	0.6	0.73	-0.33
"13015"	0.6	0.74	-0.34
"13016"	0.6	0.75	-0.35
"13017"	0.6	0.76	-0.36
"13018"	0.6	0.77	-0.37
"13019"	0.6	0.78	-0.38
"13020"	0.6	0.79	-0.39
"13021"	0.6	0.8	-0.4
"13022"	0.6	0.81	-0.41
"13023"	0.6	0.82	-0.42
"13024"	0.6	0.83	-0.43
"13025"	0.6	0.84	-0.44
"13026"	0.6	0.85	-0.45
"13027"	0.6	0.86	-0.46
"13028"	0.6	0.87	-0.47
"13029"	0.6	0.88	-0.48
"13030"	0.6	0.89	-0.49
"13031"	0.6	0.9	-0.5
"13032"	0.6	0.91	-0.51
"13033"	0.6	0.92	-0.52
"13034"	0.6	0.93	-0.53
"13035"	0.6	0.94	-0.54
"13036"	0.6	0.95	-0.55
"13037"	0.6	0.96	-0.56
"13038"	0.6	0.97	-0.57
"13039"	0.6	0.98	-0.58
"13040"	0.6	0.99	-0.59
"13041"	0.6	1	-0.6
"13042"	0.61	-0.61	1
"13043"	0.61	-0.6	0.99
"13044"	0.61	-0.59	0.98
"13045"	0.61	-0.58	0.97
"13046"	0.61	-0.57	0.96
"13047"	0.61	-0.56	0.95
"13048"	0.61	-0.55	0.94
"13049"	0.61	-0.54	0.93
"13050"	0.61	-0.53	0.92
"13051"	0.61	-0.52	0.91
"13052"	0.61	-0.51	0.9
"13053"	0.61	-0.5	0.89
"13054"	0.61	-0.49	0.88
"13055"	0.61	-0.48	0.87
"13056"	0.61	-0.47	0.86
"13057"	0.61	-0.46	0.85
"13058"	0.61	-0.45	0.84
"13059"	0.61	-0.44	0.83
"13060"	0.61	-0.43	0.82
"13061"	0.61	-0.42	0.81
"13062"	0.61	-0.41	0.8
"13063"	0.61	-0.4	0.79
"13064"	0.61	-0.39	0.78
"13065"	0.61	-0.38	0.77
"13066"	0.61	-0.37	0.76
"13067"	0.61	-0.36	0.75
"13068"	0.61	-0.35	0.74
"13069"	0.61	-0.34	0.73
"13070"	0.61	-0.33	0.72
"13071"	0.61	-0.32	0.71
"13072"	0.61	-0.31	0.7
"13073"	0.61	-0.3	0.69
"13074"	0.61	-0.29	0.68
"13075"	0.61	-0.28	0.67
"13076"	0.61	-0.27	0.66
"13077"	0.61	-0.26	0.65
"13078"	0.61	-0.25	0.64
"13079"	0.61	-0.24	0.63
"13080"	0.61	-0.23	0.62
"13081"	0.61	-0.22	0.61
"13082"	0.61	-0.21	0.6
"13083"	0.61	-0.2	0.59
"13084"	0.61	-0.19	0.58
"13085"	0.61	-0.18	0.57
"13086"	0.61	-0.17	0.56
"13087"	0.61	-0.16	0.55
"13088"	0.61	-0.15	0.54
"13089"	0.61	-0.14	0.53
"13090"	0.61	-0.13	0.52
"13091"	0.61	-0.12	0.51
"13092"	0.61	-0.11	0.5
"13093"	0.61	-0.1	0.49
"13094"	0.61	-0.09	0.48
"13095"	0.61	-0.08	0.47
"13096"	0.61	-0.07	0.46
"13097"	0.61	-0.06	0.45
"13098"	0.61	-0.05	0.44
"13099"	0.61	-0.04	0.43
"13100"	0.61	-0.03	0.42
"13101"	0.61	-0.02	0.41
"13102"	0.61	-0.01	0.4
"13103"	0.61	0	0.39
"13104"	0.61	0.01	0.38
"13105"	0.61	0.02	0.37
"13106"	0.61	0.03	0.36
"13107"	0.61	0.04	0.35
"13108"	0.61	0.05	0.34
"13109"	0.61	0.06	0.33
"13110"	0.61	0.07	0.32
"13111"	0.61	0.08	0.31
"13112"	0.61	0.09	0.3
"13113"	0.61	0.1	0.29
"13114"	0.61	0.11	0.28
"13115"	0.61	0.12	0.27
"13116"	0.61	0.13	0.26
"13117"	0.61	0.14	0.25
"13118"	0.61	0.15	0.24
"13119"	0.61	0.16	0.23
"13120"	0.61	0.17	0.22
"13121"	0.61	0.18	0.21
"13122"	0.61	0.19	0.2
"13123"	0.61	0.2	0.19
"13124"	0.61	0.21	0.18
"13125"	0.61	0.22	0.17
"13126"	0.61	0.23	0.16
"13127"	0.61	0.24	0.15
"13128"	0.61	0.25	0.14
"13129"	0.61	0.26	0.13
"13130"	0.61	0.27	0.12
"13131"	0.61	0.28	0.11
"13132"	0.61	0.29	0.1
"13133"	0.61	0.3	0.09
"13134"	0.61	0.31	0.08
"13135"	0.61	0.32	0.07
"13136"	0.61	0.33	0.06
"13137"	0.61	0.34	0.05
"13138"	0.61	0.35	0.04
"13139"	0.61	0.36	0.03
"13140"	0.61	0.37	0.02
"13141"	0.61	0.38	0.01
"13142"	0.61	0.39	0
"13143"	0.61	0.4	-0.01
"13144"	0.61	0.41	-0.02
"13145"	0.61	0.42	-0.03
"13146"	0.61	0.43	-0.04
"13147"	0.61	0.44	-0.05
"13148"	0.61	0.45	-0.06
"13149"	0.61	0.46	-0.07
"13150"	0.61	0.47	-0.08
"13151"	0.61	0.48	-0.09
"13152"	0.61	0.49	-0.1
"13153"	0.61	0.5	-0.11
"13154"	0.61	0.51	-0.12
"13155"	0.61	0.52	-0.13
"13156"	0.61	0.53	-0.14
"13157"	0.61	0.54	-0.15
"13158"	0.61	0.55	-0.16
"13159"	0.61	0.56	-0.17
"13160"	0.61	0.57	-0.18
"13161"	0.61	0.58	-0.19
"13162"	0.61	0.59	-0.2
"13163"	0.61	0.6	-0.21
"13164"	0.61	0.61	-0.22
"13165"	0.61	0.62	-0.23
"13166"	0.61	0.63	-0.24
"13167"	0.61	0.64	-0.25
"13168"	0.61	0.65	-0.26
"13169"	0.61	0.66	-0.27
"13170"	0.61	0.67	-0.28
"13171"	0.61	0.68	-0.29
"13172"	0.61	0.69	-0.3
"13173"	0.61	0.7	-0.31
"13174"	0.61	0.71	-0.32
"13175"	0.61	0.72	-0.33
"13176"	0.61	0.73	-0.34
"13177"	0.61	0.74	-0.35
"13178"	0.61	0.75	-0.36
"13179"	0.61	0.76	-0.37
"13180"	0.61	0.77	-0.38
"13181"	0.61	0.78	-0.39
"13182"	0.61	0.79	-0.4
"13183"	0.61	0.8	-0.41
"13184"	0.61	0.81	-0.42
"13185"	0.61	0.82	-0.43
"13186"	0.61	0.83	-0.44
"13187"	0.61	0.84	-0.45
"13188"	0.61	0.85	-0.46
"13189"	0.61	0.86	-0.47
"13190"	0.61	0.87	-0.48
"13191"	0.61	0.88	-0.49
"13192"	0.61	0.89	-0.5
"13193"	0.61	0.9	-0.51
"13194"	0.61	0.91	-0.52
"13195"	0.61	0.92	-0.53
"13196"	0.61	0.93	-0.54
"13197"	0.61	0.94	-0.55
"13198"	0.61	0.95	-0.56
"13199"	0.61	0.96	-0.57
"13200"	0.61	0.97	-0.58
"13201"	0.61	0.98	-0.59
"13202"	0.61	0.99	-0.6
"13203"	0.61	1	-0.61
"13204"	0.62	-0.62	1
"13205"	0.62	-0.61	0.99
"13206"	0.62	-0.6	0.98
"13207"	0.62	-0.59	0.97
"13208"	0.62	-0.58	0.96
"13209"	0.62	-0.57	0.95
"13210"	0.62	-0.56	0.94
"13211"	0.62	-0.55	0.93
"13212"	0.62	-0.54	0.92
"13213"	0.62	-0.53	0.91
"13214"	0.62	-0.52	0.9
"13215"	0.62	-0.51	0.89
"13216"	0.62	-0.5	0.88
"13217"	0.62	-0.49	0.87
"13218"	0.62	-0.48	0.86
"13219"	0.62	-0.47	0.85
"13220"	0.62	-0.46	0.84
"13221"	0.62	-0.45	0.83
"13222"	0.62	-0.44	0.82
"13223"	0.62	-0.43	0.81
"13224"	0.62	-0.42	0.8
"13225"	0.62	-0.41	0.79
"13226"	0.62	-0.4	0.78
"13227"	0.62	-0.39	0.77
"13228"	0.62	-0.38	0.76
"13229"	0.62	-0.37	0.75
"13230"	0.62	-0.36	0.74
"13231"	0.62	-0.35	0.73
"13232"	0.62	-0.34	0.72
"13233"	0.62	-0.33	0.71
"13234"	0.62	-0.32	0.7
"13235"	0.62	-0.31	0.69
"13236"	0.62	-0.3	0.68
"13237"	0.62	-0.29	0.67
"13238"	0.62	-0.28	0.66
"13239"	0.62	-0.27	0.65
"13240"	0.62	-0.26	0.64
"13241"	0.62	-0.25	0.63
"13242"	0.62	-0.24	0.62
"13243"	0.62	-0.23	0.61
"13244"	0.62	-0.22	0.6
"13245"	0.62	-0.21	0.59
"13246"	0.62	-0.2	0.58
"13247"	0.62	-0.19	0.57
"13248"	0.62	-0.18	0.56
"13249"	0.62	-0.17	0.55
"13250"	0.62	-0.16	0.54
"13251"	0.62	-0.15	0.53
"13252"	0.62	-0.14	0.52
"13253"	0.62	-0.13	0.51
"13254"	0.62	-0.12	0.5
"13255"	0.62	-0.11	0.49
"13256"	0.62	-0.1	0.48
"13257"	0.62	-0.09	0.47
"13258"	0.62	-0.08	0.46
"13259"	0.62	-0.07	0.45
"13260"	0.62	-0.06	0.44
"13261"	0.62	-0.05	0.43
"13262"	0.62	-0.04	0.42
"13263"	0.62	-0.03	0.41
"13264"	0.62	-0.02	0.4
"13265"	0.62	-0.01	0.39
"13266"	0.62	0	0.38
"13267"	0.62	0.01	0.37
"13268"	0.62	0.02	0.36
"13269"	0.62	0.03	0.35
"13270"	0.62	0.04	0.34
"13271"	0.62	0.05	0.33
"13272"	0.62	0.06	0.32
"13273"	0.62	0.07	0.31
"13274"	0.62	0.08	0.3
"13275"	0.62	0.09	0.29
"13276"	0.62	0.1	0.28
"13277"	0.62	0.11	0.27
"13278"	0.62	0.12	0.26
"13279"	0.62	0.13	0.25
"13280"	0.62	0.14	0.24
"13281"	0.62	0.15	0.23
"13282"	0.62	0.16	0.22
"13283"	0.62	0.17	0.21
"13284"	0.62	0.18	0.2
"13285"	0.62	0.19	0.19
"13286"	0.62	0.2	0.18
"13287"	0.62	0.21	0.17
"13288"	0.62	0.22	0.16
"13289"	0.62	0.23	0.15
"13290"	0.62	0.24	0.14
"13291"	0.62	0.25	0.13
"13292"	0.62	0.26	0.12
"13293"	0.62	0.27	0.11
"13294"	0.62	0.28	0.1
"13295"	0.62	0.29	0.09
"13296"	0.62	0.3	0.08
"13297"	0.62	0.31	0.07
"13298"	0.62	0.32	0.06
"13299"	0.62	0.33	0.05
"13300"	0.62	0.34	0.04
"13301"	0.62	0.35	0.03
"13302"	0.62	0.36	0.02
"13303"	0.62	0.37	0.01
"13304"	0.62	0.38	0
"13305"	0.62	0.39	-0.01
"13306"	0.62	0.4	-0.02
"13307"	0.62	0.41	-0.03
"13308"	0.62	0.42	-0.04
"13309"	0.62	0.43	-0.05
"13310"	0.62	0.44	-0.06
"13311"	0.62	0.45	-0.07
"13312"	0.62	0.46	-0.08
"13313"	0.62	0.47	-0.09
"13314"	0.62	0.48	-0.1
"13315"	0.62	0.49	-0.11
"13316"	0.62	0.5	-0.12
"13317"	0.62	0.51	-0.13
"13318"	0.62	0.52	-0.14
"13319"	0.62	0.53	-0.15
"13320"	0.62	0.54	-0.16
"13321"	0.62	0.55	-0.17
"13322"	0.62	0.56	-0.18
"13323"	0.62	0.57	-0.19
"13324"	0.62	0.58	-0.2
"13325"	0.62	0.59	-0.21
"13326"	0.62	0.6	-0.22
"13327"	0.62	0.61	-0.23
"13328"	0.62	0.62	-0.24
"13329"	0.62	0.63	-0.25
"13330"	0.62	0.64	-0.26
"13331"	0.62	0.65	-0.27
"13332"	0.62	0.66	-0.28
"13333"	0.62	0.67	-0.29
"13334"	0.62	0.68	-0.3
"13335"	0.62	0.69	-0.31
"13336"	0.62	0.7	-0.32
"13337"	0.62	0.71	-0.33
"13338"	0.62	0.72	-0.34
"13339"	0.62	0.73	-0.35
"13340"	0.62	0.74	-0.36
"13341"	0.62	0.75	-0.37
"13342"	0.62	0.76	-0.38
"13343"	0.62	0.77	-0.39
"13344"	0.62	0.78	-0.4
"13345"	0.62	0.79	-0.41
"13346"	0.62	0.8	-0.42
"13347"	0.62	0.81	-0.43
"13348"	0.62	0.82	-0.44
"13349"	0.62	0.83	-0.45
"13350"	0.62	0.84	-0.46
"13351"	0.62	0.85	-0.47
"13352"	0.62	0.86	-0.48
"13353"	0.62	0.87	-0.49
"13354"	0.62	0.88	-0.5
"13355"	0.62	0.89	-0.51
"13356"	0.62	0.9	-0.52
"13357"	0.62	0.91	-0.53
"13358"	0.62	0.92	-0.54
"13359"	0.62	0.93	-0.55
"13360"	0.62	0.94	-0.56
"13361"	0.62	0.95	-0.57
"13362"	0.62	0.96	-0.58
"13363"	0.62	0.97	-0.59
"13364"	0.62	0.98	-0.6
"13365"	0.62	0.99	-0.61
"13366"	0.62	1	-0.62
"13367"	0.63	-0.63	1
"13368"	0.63	-0.62	0.99
"13369"	0.63	-0.61	0.98
"13370"	0.63	-0.6	0.97
"13371"	0.63	-0.59	0.96
"13372"	0.63	-0.58	0.95
"13373"	0.63	-0.57	0.94
"13374"	0.63	-0.56	0.93
"13375"	0.63	-0.55	0.92
"13376"	0.63	-0.54	0.91
"13377"	0.63	-0.53	0.9
"13378"	0.63	-0.52	0.89
"13379"	0.63	-0.51	0.88
"13380"	0.63	-0.5	0.87
"13381"	0.63	-0.49	0.86
"13382"	0.63	-0.48	0.85
"13383"	0.63	-0.47	0.84
"13384"	0.63	-0.46	0.83
"13385"	0.63	-0.45	0.82
"13386"	0.63	-0.44	0.81
"13387"	0.63	-0.43	0.8
"13388"	0.63	-0.42	0.79
"13389"	0.63	-0.41	0.78
"13390"	0.63	-0.4	0.77
"13391"	0.63	-0.39	0.76
"13392"	0.63	-0.38	0.75
"13393"	0.63	-0.37	0.74
"13394"	0.63	-0.36	0.73
"13395"	0.63	-0.35	0.72
"13396"	0.63	-0.34	0.71
"13397"	0.63	-0.33	0.7
"13398"	0.63	-0.32	0.69
"13399"	0.63	-0.31	0.68
"13400"	0.63	-0.3	0.67
"13401"	0.63	-0.29	0.66
"13402"	0.63	-0.28	0.65
"13403"	0.63	-0.27	0.64
"13404"	0.63	-0.26	0.63
"13405"	0.63	-0.25	0.62
"13406"	0.63	-0.24	0.61
"13407"	0.63	-0.23	0.6
"13408"	0.63	-0.22	0.59
"13409"	0.63	-0.21	0.58
"13410"	0.63	-0.2	0.57
"13411"	0.63	-0.19	0.56
"13412"	0.63	-0.18	0.55
"13413"	0.63	-0.17	0.54
"13414"	0.63	-0.16	0.53
"13415"	0.63	-0.15	0.52
"13416"	0.63	-0.14	0.51
"13417"	0.63	-0.13	0.5
"13418"	0.63	-0.12	0.49
"13419"	0.63	-0.11	0.48
"13420"	0.63	-0.1	0.47
"13421"	0.63	-0.09	0.46
"13422"	0.63	-0.08	0.45
"13423"	0.63	-0.07	0.44
"13424"	0.63	-0.06	0.43
"13425"	0.63	-0.05	0.42
"13426"	0.63	-0.04	0.41
"13427"	0.63	-0.03	0.4
"13428"	0.63	-0.02	0.39
"13429"	0.63	-0.01	0.38
"13430"	0.63	0	0.37
"13431"	0.63	0.01	0.36
"13432"	0.63	0.02	0.35
"13433"	0.63	0.03	0.34
"13434"	0.63	0.04	0.33
"13435"	0.63	0.05	0.32
"13436"	0.63	0.06	0.31
"13437"	0.63	0.07	0.3
"13438"	0.63	0.08	0.29
"13439"	0.63	0.09	0.28
"13440"	0.63	0.1	0.27
"13441"	0.63	0.11	0.26
"13442"	0.63	0.12	0.25
"13443"	0.63	0.13	0.24
"13444"	0.63	0.14	0.23
"13445"	0.63	0.15	0.22
"13446"	0.63	0.16	0.21
"13447"	0.63	0.17	0.2
"13448"	0.63	0.18	0.19
"13449"	0.63	0.19	0.18
"13450"	0.63	0.2	0.17
"13451"	0.63	0.21	0.16
"13452"	0.63	0.22	0.15
"13453"	0.63	0.23	0.14
"13454"	0.63	0.24	0.13
"13455"	0.63	0.25	0.12
"13456"	0.63	0.26	0.11
"13457"	0.63	0.27	0.1
"13458"	0.63	0.28	0.09
"13459"	0.63	0.29	0.08
"13460"	0.63	0.3	0.07
"13461"	0.63	0.31	0.06
"13462"	0.63	0.32	0.05
"13463"	0.63	0.33	0.04
"13464"	0.63	0.34	0.03
"13465"	0.63	0.35	0.02
"13466"	0.63	0.36	0.01
"13467"	0.63	0.37	0
"13468"	0.63	0.38	-0.01
"13469"	0.63	0.39	-0.02
"13470"	0.63	0.4	-0.03
"13471"	0.63	0.41	-0.04
"13472"	0.63	0.42	-0.05
"13473"	0.63	0.43	-0.06
"13474"	0.63	0.44	-0.07
"13475"	0.63	0.45	-0.08
"13476"	0.63	0.46	-0.09
"13477"	0.63	0.47	-0.1
"13478"	0.63	0.48	-0.11
"13479"	0.63	0.49	-0.12
"13480"	0.63	0.5	-0.13
"13481"	0.63	0.51	-0.14
"13482"	0.63	0.52	-0.15
"13483"	0.63	0.53	-0.16
"13484"	0.63	0.54	-0.17
"13485"	0.63	0.55	-0.18
"13486"	0.63	0.56	-0.19
"13487"	0.63	0.57	-0.2
"13488"	0.63	0.58	-0.21
"13489"	0.63	0.59	-0.22
"13490"	0.63	0.6	-0.23
"13491"	0.63	0.61	-0.24
"13492"	0.63	0.62	-0.25
"13493"	0.63	0.63	-0.26
"13494"	0.63	0.64	-0.27
"13495"	0.63	0.65	-0.28
"13496"	0.63	0.66	-0.29
"13497"	0.63	0.67	-0.3
"13498"	0.63	0.68	-0.31
"13499"	0.63	0.69	-0.32
"13500"	0.63	0.7	-0.33
"13501"	0.63	0.71	-0.34
"13502"	0.63	0.72	-0.35
"13503"	0.63	0.73	-0.36
"13504"	0.63	0.74	-0.37
"13505"	0.63	0.75	-0.38
"13506"	0.63	0.76	-0.39
"13507"	0.63	0.77	-0.4
"13508"	0.63	0.78	-0.41
"13509"	0.63	0.79	-0.42
"13510"	0.63	0.8	-0.43
"13511"	0.63	0.81	-0.44
"13512"	0.63	0.82	-0.45
"13513"	0.63	0.83	-0.46
"13514"	0.63	0.84	-0.47
"13515"	0.63	0.85	-0.48
"13516"	0.63	0.86	-0.49
"13517"	0.63	0.87	-0.5
"13518"	0.63	0.88	-0.51
"13519"	0.63	0.89	-0.52
"13520"	0.63	0.9	-0.53
"13521"	0.63	0.91	-0.54
"13522"	0.63	0.92	-0.55
"13523"	0.63	0.93	-0.56
"13524"	0.63	0.94	-0.57
"13525"	0.63	0.95	-0.58
"13526"	0.63	0.96	-0.59
"13527"	0.63	0.97	-0.6
"13528"	0.63	0.98	-0.61
"13529"	0.63	0.99	-0.62
"13530"	0.63	1	-0.63
"13531"	0.64	-0.64	1
"13532"	0.64	-0.63	0.99
"13533"	0.64	-0.62	0.98
"13534"	0.64	-0.61	0.97
"13535"	0.64	-0.6	0.96
"13536"	0.64	-0.59	0.95
"13537"	0.64	-0.58	0.94
"13538"	0.64	-0.57	0.93
"13539"	0.64	-0.56	0.92
"13540"	0.64	-0.55	0.91
"13541"	0.64	-0.54	0.9
"13542"	0.64	-0.53	0.89
"13543"	0.64	-0.52	0.88
"13544"	0.64	-0.51	0.87
"13545"	0.64	-0.5	0.86
"13546"	0.64	-0.49	0.85
"13547"	0.64	-0.48	0.84
"13548"	0.64	-0.47	0.83
"13549"	0.64	-0.46	0.82
"13550"	0.64	-0.45	0.81
"13551"	0.64	-0.44	0.8
"13552"	0.64	-0.43	0.79
"13553"	0.64	-0.42	0.78
"13554"	0.64	-0.41	0.77
"13555"	0.64	-0.4	0.76
"13556"	0.64	-0.39	0.75
"13557"	0.64	-0.38	0.74
"13558"	0.64	-0.37	0.73
"13559"	0.64	-0.36	0.72
"13560"	0.64	-0.35	0.71
"13561"	0.64	-0.34	0.7
"13562"	0.64	-0.33	0.69
"13563"	0.64	-0.32	0.68
"13564"	0.64	-0.31	0.67
"13565"	0.64	-0.3	0.66
"13566"	0.64	-0.29	0.65
"13567"	0.64	-0.28	0.64
"13568"	0.64	-0.27	0.63
"13569"	0.64	-0.26	0.62
"13570"	0.64	-0.25	0.61
"13571"	0.64	-0.24	0.6
"13572"	0.64	-0.23	0.59
"13573"	0.64	-0.22	0.58
"13574"	0.64	-0.21	0.57
"13575"	0.64	-0.2	0.56
"13576"	0.64	-0.19	0.55
"13577"	0.64	-0.18	0.54
"13578"	0.64	-0.17	0.53
"13579"	0.64	-0.16	0.52
"13580"	0.64	-0.15	0.51
"13581"	0.64	-0.14	0.5
"13582"	0.64	-0.13	0.49
"13583"	0.64	-0.12	0.48
"13584"	0.64	-0.11	0.47
"13585"	0.64	-0.1	0.46
"13586"	0.64	-0.09	0.45
"13587"	0.64	-0.08	0.44
"13588"	0.64	-0.07	0.43
"13589"	0.64	-0.06	0.42
"13590"	0.64	-0.05	0.41
"13591"	0.64	-0.04	0.4
"13592"	0.64	-0.03	0.39
"13593"	0.64	-0.02	0.38
"13594"	0.64	-0.01	0.37
"13595"	0.64	0	0.36
"13596"	0.64	0.01	0.35
"13597"	0.64	0.02	0.34
"13598"	0.64	0.03	0.33
"13599"	0.64	0.04	0.32
"13600"	0.64	0.05	0.31
"13601"	0.64	0.06	0.3
"13602"	0.64	0.07	0.29
"13603"	0.64	0.08	0.28
"13604"	0.64	0.09	0.27
"13605"	0.64	0.1	0.26
"13606"	0.64	0.11	0.25
"13607"	0.64	0.12	0.24
"13608"	0.64	0.13	0.23
"13609"	0.64	0.14	0.22
"13610"	0.64	0.15	0.21
"13611"	0.64	0.16	0.2
"13612"	0.64	0.17	0.19
"13613"	0.64	0.18	0.18
"13614"	0.64	0.19	0.17
"13615"	0.64	0.2	0.16
"13616"	0.64	0.21	0.15
"13617"	0.64	0.22	0.14
"13618"	0.64	0.23	0.13
"13619"	0.64	0.24	0.12
"13620"	0.64	0.25	0.11
"13621"	0.64	0.26	0.1
"13622"	0.64	0.27	0.09
"13623"	0.64	0.28	0.08
"13624"	0.64	0.29	0.07
"13625"	0.64	0.3	0.06
"13626"	0.64	0.31	0.05
"13627"	0.64	0.32	0.04
"13628"	0.64	0.33	0.03
"13629"	0.64	0.34	0.02
"13630"	0.64	0.35	0.01
"13631"	0.64	0.36	0
"13632"	0.64	0.37	-0.01
"13633"	0.64	0.38	-0.02
"13634"	0.64	0.39	-0.03
"13635"	0.64	0.4	-0.04
"13636"	0.64	0.41	-0.05
"13637"	0.64	0.42	-0.06
"13638"	0.64	0.43	-0.07
"13639"	0.64	0.44	-0.08
"13640"	0.64	0.45	-0.09
"13641"	0.64	0.46	-0.1
"13642"	0.64	0.47	-0.11
"13643"	0.64	0.48	-0.12
"13644"	0.64	0.49	-0.13
"13645"	0.64	0.5	-0.14
"13646"	0.64	0.51	-0.15
"13647"	0.64	0.52	-0.16
"13648"	0.64	0.53	-0.17
"13649"	0.64	0.54	-0.18
"13650"	0.64	0.55	-0.19
"13651"	0.64	0.56	-0.2
"13652"	0.64	0.57	-0.21
"13653"	0.64	0.58	-0.22
"13654"	0.64	0.59	-0.23
"13655"	0.64	0.6	-0.24
"13656"	0.64	0.61	-0.25
"13657"	0.64	0.62	-0.26
"13658"	0.64	0.63	-0.27
"13659"	0.64	0.64	-0.28
"13660"	0.64	0.65	-0.29
"13661"	0.64	0.66	-0.3
"13662"	0.64	0.67	-0.31
"13663"	0.64	0.68	-0.32
"13664"	0.64	0.69	-0.33
"13665"	0.64	0.7	-0.34
"13666"	0.64	0.71	-0.35
"13667"	0.64	0.72	-0.36
"13668"	0.64	0.73	-0.37
"13669"	0.64	0.74	-0.38
"13670"	0.64	0.75	-0.39
"13671"	0.64	0.76	-0.4
"13672"	0.64	0.77	-0.41
"13673"	0.64	0.78	-0.42
"13674"	0.64	0.79	-0.43
"13675"	0.64	0.8	-0.44
"13676"	0.64	0.81	-0.45
"13677"	0.64	0.82	-0.46
"13678"	0.64	0.83	-0.47
"13679"	0.64	0.84	-0.48
"13680"	0.64	0.85	-0.49
"13681"	0.64	0.86	-0.5
"13682"	0.64	0.87	-0.51
"13683"	0.64	0.88	-0.52
"13684"	0.64	0.89	-0.53
"13685"	0.64	0.9	-0.54
"13686"	0.64	0.91	-0.55
"13687"	0.64	0.92	-0.56
"13688"	0.64	0.93	-0.57
"13689"	0.64	0.94	-0.58
"13690"	0.64	0.95	-0.59
"13691"	0.64	0.96	-0.6
"13692"	0.64	0.97	-0.61
"13693"	0.64	0.98	-0.62
"13694"	0.64	0.99	-0.63
"13695"	0.64	1	-0.64
"13696"	0.65	-0.65	1
"13697"	0.65	-0.64	0.99
"13698"	0.65	-0.63	0.98
"13699"	0.65	-0.62	0.97
"13700"	0.65	-0.61	0.96
"13701"	0.65	-0.6	0.95
"13702"	0.65	-0.59	0.94
"13703"	0.65	-0.58	0.93
"13704"	0.65	-0.57	0.92
"13705"	0.65	-0.56	0.91
"13706"	0.65	-0.55	0.9
"13707"	0.65	-0.54	0.89
"13708"	0.65	-0.53	0.88
"13709"	0.65	-0.52	0.87
"13710"	0.65	-0.51	0.86
"13711"	0.65	-0.5	0.85
"13712"	0.65	-0.49	0.84
"13713"	0.65	-0.48	0.83
"13714"	0.65	-0.47	0.82
"13715"	0.65	-0.46	0.81
"13716"	0.65	-0.45	0.8
"13717"	0.65	-0.44	0.79
"13718"	0.65	-0.43	0.78
"13719"	0.65	-0.42	0.77
"13720"	0.65	-0.41	0.76
"13721"	0.65	-0.4	0.75
"13722"	0.65	-0.39	0.74
"13723"	0.65	-0.38	0.73
"13724"	0.65	-0.37	0.72
"13725"	0.65	-0.36	0.71
"13726"	0.65	-0.35	0.7
"13727"	0.65	-0.34	0.69
"13728"	0.65	-0.33	0.68
"13729"	0.65	-0.32	0.67
"13730"	0.65	-0.31	0.66
"13731"	0.65	-0.3	0.65
"13732"	0.65	-0.29	0.64
"13733"	0.65	-0.28	0.63
"13734"	0.65	-0.27	0.62
"13735"	0.65	-0.26	0.61
"13736"	0.65	-0.25	0.6
"13737"	0.65	-0.24	0.59
"13738"	0.65	-0.23	0.58
"13739"	0.65	-0.22	0.57
"13740"	0.65	-0.21	0.56
"13741"	0.65	-0.2	0.55
"13742"	0.65	-0.19	0.54
"13743"	0.65	-0.18	0.53
"13744"	0.65	-0.17	0.52
"13745"	0.65	-0.16	0.51
"13746"	0.65	-0.15	0.5
"13747"	0.65	-0.14	0.49
"13748"	0.65	-0.13	0.48
"13749"	0.65	-0.12	0.47
"13750"	0.65	-0.11	0.46
"13751"	0.65	-0.1	0.45
"13752"	0.65	-0.09	0.44
"13753"	0.65	-0.08	0.43
"13754"	0.65	-0.07	0.42
"13755"	0.65	-0.06	0.41
"13756"	0.65	-0.05	0.4
"13757"	0.65	-0.04	0.39
"13758"	0.65	-0.03	0.38
"13759"	0.65	-0.02	0.37
"13760"	0.65	-0.01	0.36
"13761"	0.65	0	0.35
"13762"	0.65	0.01	0.34
"13763"	0.65	0.02	0.33
"13764"	0.65	0.03	0.32
"13765"	0.65	0.04	0.31
"13766"	0.65	0.05	0.3
"13767"	0.65	0.06	0.29
"13768"	0.65	0.07	0.28
"13769"	0.65	0.08	0.27
"13770"	0.65	0.09	0.26
"13771"	0.65	0.1	0.25
"13772"	0.65	0.11	0.24
"13773"	0.65	0.12	0.23
"13774"	0.65	0.13	0.22
"13775"	0.65	0.14	0.21
"13776"	0.65	0.15	0.2
"13777"	0.65	0.16	0.19
"13778"	0.65	0.17	0.18
"13779"	0.65	0.18	0.17
"13780"	0.65	0.19	0.16
"13781"	0.65	0.2	0.15
"13782"	0.65	0.21	0.14
"13783"	0.65	0.22	0.13
"13784"	0.65	0.23	0.12
"13785"	0.65	0.24	0.11
"13786"	0.65	0.25	0.1
"13787"	0.65	0.26	0.09
"13788"	0.65	0.27	0.08
"13789"	0.65	0.28	0.07
"13790"	0.65	0.29	0.06
"13791"	0.65	0.3	0.05
"13792"	0.65	0.31	0.04
"13793"	0.65	0.32	0.03
"13794"	0.65	0.33	0.02
"13795"	0.65	0.34	0.01
"13796"	0.65	0.35	0
"13797"	0.65	0.36	-0.01
"13798"	0.65	0.37	-0.02
"13799"	0.65	0.38	-0.03
"13800"	0.65	0.39	-0.04
"13801"	0.65	0.4	-0.05
"13802"	0.65	0.41	-0.06
"13803"	0.65	0.42	-0.07
"13804"	0.65	0.43	-0.08
"13805"	0.65	0.44	-0.09
"13806"	0.65	0.45	-0.1
"13807"	0.65	0.46	-0.11
"13808"	0.65	0.47	-0.12
"13809"	0.65	0.48	-0.13
"13810"	0.65	0.49	-0.14
"13811"	0.65	0.5	-0.15
"13812"	0.65	0.51	-0.16
"13813"	0.65	0.52	-0.17
"13814"	0.65	0.53	-0.18
"13815"	0.65	0.54	-0.19
"13816"	0.65	0.55	-0.2
"13817"	0.65	0.56	-0.21
"13818"	0.65	0.57	-0.22
"13819"	0.65	0.58	-0.23
"13820"	0.65	0.59	-0.24
"13821"	0.65	0.6	-0.25
"13822"	0.65	0.61	-0.26
"13823"	0.65	0.62	-0.27
"13824"	0.65	0.63	-0.28
"13825"	0.65	0.64	-0.29
"13826"	0.65	0.65	-0.3
"13827"	0.65	0.66	-0.31
"13828"	0.65	0.67	-0.32
"13829"	0.65	0.68	-0.33
"13830"	0.65	0.69	-0.34
"13831"	0.65	0.7	-0.35
"13832"	0.65	0.71	-0.36
"13833"	0.65	0.72	-0.37
"13834"	0.65	0.73	-0.38
"13835"	0.65	0.74	-0.39
"13836"	0.65	0.75	-0.4
"13837"	0.65	0.76	-0.41
"13838"	0.65	0.77	-0.42
"13839"	0.65	0.78	-0.43
"13840"	0.65	0.79	-0.44
"13841"	0.65	0.8	-0.45
"13842"	0.65	0.81	-0.46
"13843"	0.65	0.82	-0.47
"13844"	0.65	0.83	-0.48
"13845"	0.65	0.84	-0.49
"13846"	0.65	0.85	-0.5
"13847"	0.65	0.86	-0.51
"13848"	0.65	0.87	-0.52
"13849"	0.65	0.88	-0.53
"13850"	0.65	0.89	-0.54
"13851"	0.65	0.9	-0.55
"13852"	0.65	0.91	-0.56
"13853"	0.65	0.92	-0.57
"13854"	0.65	0.93	-0.58
"13855"	0.65	0.94	-0.59
"13856"	0.65	0.95	-0.6
"13857"	0.65	0.96	-0.61
"13858"	0.65	0.97	-0.62
"13859"	0.65	0.98	-0.63
"13860"	0.65	0.99	-0.64
"13861"	0.65	1	-0.65
"13862"	0.66	-0.66	1
"13863"	0.66	-0.65	0.99
"13864"	0.66	-0.64	0.98
"13865"	0.66	-0.63	0.97
"13866"	0.66	-0.62	0.96
"13867"	0.66	-0.61	0.95
"13868"	0.66	-0.6	0.94
"13869"	0.66	-0.59	0.93
"13870"	0.66	-0.58	0.92
"13871"	0.66	-0.57	0.91
"13872"	0.66	-0.56	0.9
"13873"	0.66	-0.55	0.89
"13874"	0.66	-0.54	0.88
"13875"	0.66	-0.53	0.87
"13876"	0.66	-0.52	0.86
"13877"	0.66	-0.51	0.85
"13878"	0.66	-0.5	0.84
"13879"	0.66	-0.49	0.83
"13880"	0.66	-0.48	0.82
"13881"	0.66	-0.47	0.81
"13882"	0.66	-0.46	0.8
"13883"	0.66	-0.45	0.79
"13884"	0.66	-0.44	0.78
"13885"	0.66	-0.43	0.77
"13886"	0.66	-0.42	0.76
"13887"	0.66	-0.41	0.75
"13888"	0.66	-0.4	0.74
"13889"	0.66	-0.39	0.73
"13890"	0.66	-0.38	0.72
"13891"	0.66	-0.37	0.71
"13892"	0.66	-0.36	0.7
"13893"	0.66	-0.35	0.69
"13894"	0.66	-0.34	0.68
"13895"	0.66	-0.33	0.67
"13896"	0.66	-0.32	0.66
"13897"	0.66	-0.31	0.65
"13898"	0.66	-0.3	0.64
"13899"	0.66	-0.29	0.63
"13900"	0.66	-0.28	0.62
"13901"	0.66	-0.27	0.61
"13902"	0.66	-0.26	0.6
"13903"	0.66	-0.25	0.59
"13904"	0.66	-0.24	0.58
"13905"	0.66	-0.23	0.57
"13906"	0.66	-0.22	0.56
"13907"	0.66	-0.21	0.55
"13908"	0.66	-0.2	0.54
"13909"	0.66	-0.19	0.53
"13910"	0.66	-0.18	0.52
"13911"	0.66	-0.17	0.51
"13912"	0.66	-0.16	0.5
"13913"	0.66	-0.15	0.49
"13914"	0.66	-0.14	0.48
"13915"	0.66	-0.13	0.47
"13916"	0.66	-0.12	0.46
"13917"	0.66	-0.11	0.45
"13918"	0.66	-0.1	0.44
"13919"	0.66	-0.09	0.43
"13920"	0.66	-0.08	0.42
"13921"	0.66	-0.07	0.41
"13922"	0.66	-0.06	0.4
"13923"	0.66	-0.05	0.39
"13924"	0.66	-0.04	0.38
"13925"	0.66	-0.03	0.37
"13926"	0.66	-0.02	0.36
"13927"	0.66	-0.01	0.35
"13928"	0.66	0	0.34
"13929"	0.66	0.01	0.33
"13930"	0.66	0.02	0.32
"13931"	0.66	0.03	0.31
"13932"	0.66	0.04	0.3
"13933"	0.66	0.05	0.29
"13934"	0.66	0.06	0.28
"13935"	0.66	0.07	0.27
"13936"	0.66	0.08	0.26
"13937"	0.66	0.09	0.25
"13938"	0.66	0.1	0.24
"13939"	0.66	0.11	0.23
"13940"	0.66	0.12	0.22
"13941"	0.66	0.13	0.21
"13942"	0.66	0.14	0.2
"13943"	0.66	0.15	0.19
"13944"	0.66	0.16	0.18
"13945"	0.66	0.17	0.17
"13946"	0.66	0.18	0.16
"13947"	0.66	0.19	0.15
"13948"	0.66	0.2	0.14
"13949"	0.66	0.21	0.13
"13950"	0.66	0.22	0.12
"13951"	0.66	0.23	0.11
"13952"	0.66	0.24	0.1
"13953"	0.66	0.25	0.09
"13954"	0.66	0.26	0.08
"13955"	0.66	0.27	0.07
"13956"	0.66	0.28	0.06
"13957"	0.66	0.29	0.05
"13958"	0.66	0.3	0.04
"13959"	0.66	0.31	0.03
"13960"	0.66	0.32	0.02
"13961"	0.66	0.33	0.01
"13962"	0.66	0.34	0
"13963"	0.66	0.35	-0.01
"13964"	0.66	0.36	-0.02
"13965"	0.66	0.37	-0.03
"13966"	0.66	0.38	-0.04
"13967"	0.66	0.39	-0.05
"13968"	0.66	0.4	-0.06
"13969"	0.66	0.41	-0.07
"13970"	0.66	0.42	-0.08
"13971"	0.66	0.43	-0.09
"13972"	0.66	0.44	-0.1
"13973"	0.66	0.45	-0.11
"13974"	0.66	0.46	-0.12
"13975"	0.66	0.47	-0.13
"13976"	0.66	0.48	-0.14
"13977"	0.66	0.49	-0.15
"13978"	0.66	0.5	-0.16
"13979"	0.66	0.51	-0.17
"13980"	0.66	0.52	-0.18
"13981"	0.66	0.53	-0.19
"13982"	0.66	0.54	-0.2
"13983"	0.66	0.55	-0.21
"13984"	0.66	0.56	-0.22
"13985"	0.66	0.57	-0.23
"13986"	0.66	0.58	-0.24
"13987"	0.66	0.59	-0.25
"13988"	0.66	0.6	-0.26
"13989"	0.66	0.61	-0.27
"13990"	0.66	0.62	-0.28
"13991"	0.66	0.63	-0.29
"13992"	0.66	0.64	-0.3
"13993"	0.66	0.65	-0.31
"13994"	0.66	0.66	-0.32
"13995"	0.66	0.67	-0.33
"13996"	0.66	0.68	-0.34
"13997"	0.66	0.69	-0.35
"13998"	0.66	0.7	-0.36
"13999"	0.66	0.71	-0.37
"14000"	0.66	0.72	-0.38
"14001"	0.66	0.73	-0.39
"14002"	0.66	0.74	-0.4
"14003"	0.66	0.75	-0.41
"14004"	0.66	0.76	-0.42
"14005"	0.66	0.77	-0.43
"14006"	0.66	0.78	-0.44
"14007"	0.66	0.79	-0.45
"14008"	0.66	0.8	-0.46
"14009"	0.66	0.81	-0.47
"14010"	0.66	0.82	-0.48
"14011"	0.66	0.83	-0.49
"14012"	0.66	0.84	-0.5
"14013"	0.66	0.85	-0.51
"14014"	0.66	0.86	-0.52
"14015"	0.66	0.87	-0.53
"14016"	0.66	0.88	-0.54
"14017"	0.66	0.89	-0.55
"14018"	0.66	0.9	-0.56
"14019"	0.66	0.91	-0.57
"14020"	0.66	0.92	-0.58
"14021"	0.66	0.93	-0.59
"14022"	0.66	0.94	-0.6
"14023"	0.66	0.95	-0.61
"14024"	0.66	0.96	-0.62
"14025"	0.66	0.97	-0.63
"14026"	0.66	0.98	-0.64
"14027"	0.66	0.99	-0.65
"14028"	0.66	1	-0.66
"14029"	0.67	-0.67	1
"14030"	0.67	-0.66	0.99
"14031"	0.67	-0.65	0.98
"14032"	0.67	-0.64	0.97
"14033"	0.67	-0.63	0.96
"14034"	0.67	-0.62	0.95
"14035"	0.67	-0.61	0.94
"14036"	0.67	-0.6	0.93
"14037"	0.67	-0.59	0.92
"14038"	0.67	-0.58	0.91
"14039"	0.67	-0.57	0.9
"14040"	0.67	-0.56	0.89
"14041"	0.67	-0.55	0.88
"14042"	0.67	-0.54	0.87
"14043"	0.67	-0.53	0.86
"14044"	0.67	-0.52	0.85
"14045"	0.67	-0.51	0.84
"14046"	0.67	-0.5	0.83
"14047"	0.67	-0.49	0.82
"14048"	0.67	-0.48	0.81
"14049"	0.67	-0.47	0.8
"14050"	0.67	-0.46	0.79
"14051"	0.67	-0.45	0.78
"14052"	0.67	-0.44	0.77
"14053"	0.67	-0.43	0.76
"14054"	0.67	-0.42	0.75
"14055"	0.67	-0.41	0.74
"14056"	0.67	-0.4	0.73
"14057"	0.67	-0.39	0.72
"14058"	0.67	-0.38	0.71
"14059"	0.67	-0.37	0.7
"14060"	0.67	-0.36	0.69
"14061"	0.67	-0.35	0.68
"14062"	0.67	-0.34	0.67
"14063"	0.67	-0.33	0.66
"14064"	0.67	-0.32	0.65
"14065"	0.67	-0.31	0.64
"14066"	0.67	-0.3	0.63
"14067"	0.67	-0.29	0.62
"14068"	0.67	-0.28	0.61
"14069"	0.67	-0.27	0.6
"14070"	0.67	-0.26	0.59
"14071"	0.67	-0.25	0.58
"14072"	0.67	-0.24	0.57
"14073"	0.67	-0.23	0.56
"14074"	0.67	-0.22	0.55
"14075"	0.67	-0.21	0.54
"14076"	0.67	-0.2	0.53
"14077"	0.67	-0.19	0.52
"14078"	0.67	-0.18	0.51
"14079"	0.67	-0.17	0.5
"14080"	0.67	-0.16	0.49
"14081"	0.67	-0.15	0.48
"14082"	0.67	-0.14	0.47
"14083"	0.67	-0.13	0.46
"14084"	0.67	-0.12	0.45
"14085"	0.67	-0.11	0.44
"14086"	0.67	-0.1	0.43
"14087"	0.67	-0.09	0.42
"14088"	0.67	-0.08	0.41
"14089"	0.67	-0.07	0.4
"14090"	0.67	-0.06	0.39
"14091"	0.67	-0.05	0.38
"14092"	0.67	-0.04	0.37
"14093"	0.67	-0.03	0.36
"14094"	0.67	-0.02	0.35
"14095"	0.67	-0.01	0.34
"14096"	0.67	0	0.33
"14097"	0.67	0.01	0.32
"14098"	0.67	0.02	0.31
"14099"	0.67	0.03	0.3
"14100"	0.67	0.04	0.29
"14101"	0.67	0.05	0.28
"14102"	0.67	0.06	0.27
"14103"	0.67	0.07	0.26
"14104"	0.67	0.08	0.25
"14105"	0.67	0.09	0.24
"14106"	0.67	0.1	0.23
"14107"	0.67	0.11	0.22
"14108"	0.67	0.12	0.21
"14109"	0.67	0.13	0.2
"14110"	0.67	0.14	0.19
"14111"	0.67	0.15	0.18
"14112"	0.67	0.16	0.17
"14113"	0.67	0.17	0.16
"14114"	0.67	0.18	0.15
"14115"	0.67	0.19	0.14
"14116"	0.67	0.2	0.13
"14117"	0.67	0.21	0.12
"14118"	0.67	0.22	0.11
"14119"	0.67	0.23	0.1
"14120"	0.67	0.24	0.09
"14121"	0.67	0.25	0.08
"14122"	0.67	0.26	0.07
"14123"	0.67	0.27	0.06
"14124"	0.67	0.28	0.05
"14125"	0.67	0.29	0.04
"14126"	0.67	0.3	0.03
"14127"	0.67	0.31	0.02
"14128"	0.67	0.32	0.01
"14129"	0.67	0.33	0
"14130"	0.67	0.34	-0.01
"14131"	0.67	0.35	-0.02
"14132"	0.67	0.36	-0.03
"14133"	0.67	0.37	-0.04
"14134"	0.67	0.38	-0.05
"14135"	0.67	0.39	-0.06
"14136"	0.67	0.4	-0.07
"14137"	0.67	0.41	-0.08
"14138"	0.67	0.42	-0.09
"14139"	0.67	0.43	-0.1
"14140"	0.67	0.44	-0.11
"14141"	0.67	0.45	-0.12
"14142"	0.67	0.46	-0.13
"14143"	0.67	0.47	-0.14
"14144"	0.67	0.48	-0.15
"14145"	0.67	0.49	-0.16
"14146"	0.67	0.5	-0.17
"14147"	0.67	0.51	-0.18
"14148"	0.67	0.52	-0.19
"14149"	0.67	0.53	-0.2
"14150"	0.67	0.54	-0.21
"14151"	0.67	0.55	-0.22
"14152"	0.67	0.56	-0.23
"14153"	0.67	0.57	-0.24
"14154"	0.67	0.58	-0.25
"14155"	0.67	0.59	-0.26
"14156"	0.67	0.6	-0.27
"14157"	0.67	0.61	-0.28
"14158"	0.67	0.62	-0.29
"14159"	0.67	0.63	-0.3
"14160"	0.67	0.64	-0.31
"14161"	0.67	0.65	-0.32
"14162"	0.67	0.66	-0.33
"14163"	0.67	0.67	-0.34
"14164"	0.67	0.68	-0.35
"14165"	0.67	0.69	-0.36
"14166"	0.67	0.7	-0.37
"14167"	0.67	0.71	-0.38
"14168"	0.67	0.72	-0.39
"14169"	0.67	0.73	-0.4
"14170"	0.67	0.74	-0.41
"14171"	0.67	0.75	-0.42
"14172"	0.67	0.76	-0.43
"14173"	0.67	0.77	-0.44
"14174"	0.67	0.78	-0.45
"14175"	0.67	0.79	-0.46
"14176"	0.67	0.8	-0.47
"14177"	0.67	0.81	-0.48
"14178"	0.67	0.82	-0.49
"14179"	0.67	0.83	-0.5
"14180"	0.67	0.84	-0.51
"14181"	0.67	0.85	-0.52
"14182"	0.67	0.86	-0.53
"14183"	0.67	0.87	-0.54
"14184"	0.67	0.88	-0.55
"14185"	0.67	0.89	-0.56
"14186"	0.67	0.9	-0.57
"14187"	0.67	0.91	-0.58
"14188"	0.67	0.92	-0.59
"14189"	0.67	0.93	-0.6
"14190"	0.67	0.94	-0.61
"14191"	0.67	0.95	-0.62
"14192"	0.67	0.96	-0.63
"14193"	0.67	0.97	-0.64
"14194"	0.67	0.98	-0.65
"14195"	0.67	0.99	-0.66
"14196"	0.67	1	-0.67
"14197"	0.68	-0.68	1
"14198"	0.68	-0.67	0.99
"14199"	0.68	-0.66	0.98
"14200"	0.68	-0.65	0.97
"14201"	0.68	-0.64	0.96
"14202"	0.68	-0.63	0.95
"14203"	0.68	-0.62	0.94
"14204"	0.68	-0.61	0.93
"14205"	0.68	-0.6	0.92
"14206"	0.68	-0.59	0.91
"14207"	0.68	-0.58	0.9
"14208"	0.68	-0.57	0.89
"14209"	0.68	-0.56	0.88
"14210"	0.68	-0.55	0.87
"14211"	0.68	-0.54	0.86
"14212"	0.68	-0.53	0.85
"14213"	0.68	-0.52	0.84
"14214"	0.68	-0.51	0.83
"14215"	0.68	-0.5	0.82
"14216"	0.68	-0.49	0.81
"14217"	0.68	-0.48	0.8
"14218"	0.68	-0.47	0.79
"14219"	0.68	-0.46	0.78
"14220"	0.68	-0.45	0.77
"14221"	0.68	-0.44	0.76
"14222"	0.68	-0.43	0.75
"14223"	0.68	-0.42	0.74
"14224"	0.68	-0.41	0.73
"14225"	0.68	-0.4	0.72
"14226"	0.68	-0.39	0.71
"14227"	0.68	-0.38	0.7
"14228"	0.68	-0.37	0.69
"14229"	0.68	-0.36	0.68
"14230"	0.68	-0.35	0.67
"14231"	0.68	-0.34	0.66
"14232"	0.68	-0.33	0.65
"14233"	0.68	-0.32	0.64
"14234"	0.68	-0.31	0.63
"14235"	0.68	-0.3	0.62
"14236"	0.68	-0.29	0.61
"14237"	0.68	-0.28	0.6
"14238"	0.68	-0.27	0.59
"14239"	0.68	-0.26	0.58
"14240"	0.68	-0.25	0.57
"14241"	0.68	-0.24	0.56
"14242"	0.68	-0.23	0.55
"14243"	0.68	-0.22	0.54
"14244"	0.68	-0.21	0.53
"14245"	0.68	-0.2	0.52
"14246"	0.68	-0.19	0.51
"14247"	0.68	-0.18	0.5
"14248"	0.68	-0.17	0.49
"14249"	0.68	-0.16	0.48
"14250"	0.68	-0.15	0.47
"14251"	0.68	-0.14	0.46
"14252"	0.68	-0.13	0.45
"14253"	0.68	-0.12	0.44
"14254"	0.68	-0.11	0.43
"14255"	0.68	-0.1	0.42
"14256"	0.68	-0.09	0.41
"14257"	0.68	-0.08	0.4
"14258"	0.68	-0.07	0.39
"14259"	0.68	-0.06	0.38
"14260"	0.68	-0.05	0.37
"14261"	0.68	-0.04	0.36
"14262"	0.68	-0.03	0.35
"14263"	0.68	-0.02	0.34
"14264"	0.68	-0.01	0.33
"14265"	0.68	0	0.32
"14266"	0.68	0.01	0.31
"14267"	0.68	0.02	0.3
"14268"	0.68	0.03	0.29
"14269"	0.68	0.04	0.28
"14270"	0.68	0.05	0.27
"14271"	0.68	0.06	0.26
"14272"	0.68	0.07	0.25
"14273"	0.68	0.08	0.24
"14274"	0.68	0.09	0.23
"14275"	0.68	0.1	0.22
"14276"	0.68	0.11	0.21
"14277"	0.68	0.12	0.2
"14278"	0.68	0.13	0.19
"14279"	0.68	0.14	0.18
"14280"	0.68	0.15	0.17
"14281"	0.68	0.16	0.16
"14282"	0.68	0.17	0.15
"14283"	0.68	0.18	0.14
"14284"	0.68	0.19	0.13
"14285"	0.68	0.2	0.12
"14286"	0.68	0.21	0.11
"14287"	0.68	0.22	0.1
"14288"	0.68	0.23	0.09
"14289"	0.68	0.24	0.08
"14290"	0.68	0.25	0.07
"14291"	0.68	0.26	0.06
"14292"	0.68	0.27	0.05
"14293"	0.68	0.28	0.04
"14294"	0.68	0.29	0.03
"14295"	0.68	0.3	0.02
"14296"	0.68	0.31	0.01
"14297"	0.68	0.32	0
"14298"	0.68	0.33	-0.01
"14299"	0.68	0.34	-0.02
"14300"	0.68	0.35	-0.03
"14301"	0.68	0.36	-0.04
"14302"	0.68	0.37	-0.05
"14303"	0.68	0.38	-0.06
"14304"	0.68	0.39	-0.07
"14305"	0.68	0.4	-0.08
"14306"	0.68	0.41	-0.09
"14307"	0.68	0.42	-0.1
"14308"	0.68	0.43	-0.11
"14309"	0.68	0.44	-0.12
"14310"	0.68	0.45	-0.13
"14311"	0.68	0.46	-0.14
"14312"	0.68	0.47	-0.15
"14313"	0.68	0.48	-0.16
"14314"	0.68	0.49	-0.17
"14315"	0.68	0.5	-0.18
"14316"	0.68	0.51	-0.19
"14317"	0.68	0.52	-0.2
"14318"	0.68	0.53	-0.21
"14319"	0.68	0.54	-0.22
"14320"	0.68	0.55	-0.23
"14321"	0.68	0.56	-0.24
"14322"	0.68	0.57	-0.25
"14323"	0.68	0.58	-0.26
"14324"	0.68	0.59	-0.27
"14325"	0.68	0.6	-0.28
"14326"	0.68	0.61	-0.29
"14327"	0.68	0.62	-0.3
"14328"	0.68	0.63	-0.31
"14329"	0.68	0.64	-0.32
"14330"	0.68	0.65	-0.33
"14331"	0.68	0.66	-0.34
"14332"	0.68	0.67	-0.35
"14333"	0.68	0.68	-0.36
"14334"	0.68	0.69	-0.37
"14335"	0.68	0.7	-0.38
"14336"	0.68	0.71	-0.39
"14337"	0.68	0.72	-0.4
"14338"	0.68	0.73	-0.41
"14339"	0.68	0.74	-0.42
"14340"	0.68	0.75	-0.43
"14341"	0.68	0.76	-0.44
"14342"	0.68	0.77	-0.45
"14343"	0.68	0.78	-0.46
"14344"	0.68	0.79	-0.47
"14345"	0.68	0.8	-0.48
"14346"	0.68	0.81	-0.49
"14347"	0.68	0.82	-0.5
"14348"	0.68	0.83	-0.51
"14349"	0.68	0.84	-0.52
"14350"	0.68	0.85	-0.53
"14351"	0.68	0.86	-0.54
"14352"	0.68	0.87	-0.55
"14353"	0.68	0.88	-0.56
"14354"	0.68	0.89	-0.57
"14355"	0.68	0.9	-0.58
"14356"	0.68	0.91	-0.59
"14357"	0.68	0.92	-0.6
"14358"	0.68	0.93	-0.61
"14359"	0.68	0.94	-0.62
"14360"	0.68	0.95	-0.63
"14361"	0.68	0.96	-0.64
"14362"	0.68	0.97	-0.65
"14363"	0.68	0.98	-0.66
"14364"	0.68	0.99	-0.67
"14365"	0.68	1	-0.68
"14366"	0.69	-0.69	1
"14367"	0.69	-0.68	0.99
"14368"	0.69	-0.67	0.98
"14369"	0.69	-0.66	0.97
"14370"	0.69	-0.65	0.96
"14371"	0.69	-0.64	0.95
"14372"	0.69	-0.63	0.94
"14373"	0.69	-0.62	0.93
"14374"	0.69	-0.61	0.92
"14375"	0.69	-0.6	0.91
"14376"	0.69	-0.59	0.9
"14377"	0.69	-0.58	0.89
"14378"	0.69	-0.57	0.88
"14379"	0.69	-0.56	0.87
"14380"	0.69	-0.55	0.86
"14381"	0.69	-0.54	0.85
"14382"	0.69	-0.53	0.84
"14383"	0.69	-0.52	0.83
"14384"	0.69	-0.51	0.82
"14385"	0.69	-0.5	0.81
"14386"	0.69	-0.49	0.8
"14387"	0.69	-0.48	0.79
"14388"	0.69	-0.47	0.78
"14389"	0.69	-0.46	0.77
"14390"	0.69	-0.45	0.76
"14391"	0.69	-0.44	0.75
"14392"	0.69	-0.43	0.74
"14393"	0.69	-0.42	0.73
"14394"	0.69	-0.41	0.72
"14395"	0.69	-0.4	0.71
"14396"	0.69	-0.39	0.7
"14397"	0.69	-0.38	0.69
"14398"	0.69	-0.37	0.68
"14399"	0.69	-0.36	0.67
"14400"	0.69	-0.35	0.66
"14401"	0.69	-0.34	0.65
"14402"	0.69	-0.33	0.64
"14403"	0.69	-0.32	0.63
"14404"	0.69	-0.31	0.62
"14405"	0.69	-0.3	0.61
"14406"	0.69	-0.29	0.6
"14407"	0.69	-0.28	0.59
"14408"	0.69	-0.27	0.58
"14409"	0.69	-0.26	0.57
"14410"	0.69	-0.25	0.56
"14411"	0.69	-0.24	0.55
"14412"	0.69	-0.23	0.54
"14413"	0.69	-0.22	0.53
"14414"	0.69	-0.21	0.52
"14415"	0.69	-0.2	0.51
"14416"	0.69	-0.19	0.5
"14417"	0.69	-0.18	0.49
"14418"	0.69	-0.17	0.48
"14419"	0.69	-0.16	0.47
"14420"	0.69	-0.15	0.46
"14421"	0.69	-0.14	0.45
"14422"	0.69	-0.13	0.44
"14423"	0.69	-0.12	0.43
"14424"	0.69	-0.11	0.42
"14425"	0.69	-0.1	0.41
"14426"	0.69	-0.09	0.4
"14427"	0.69	-0.08	0.39
"14428"	0.69	-0.07	0.38
"14429"	0.69	-0.06	0.37
"14430"	0.69	-0.05	0.36
"14431"	0.69	-0.04	0.35
"14432"	0.69	-0.03	0.34
"14433"	0.69	-0.02	0.33
"14434"	0.69	-0.01	0.32
"14435"	0.69	0	0.31
"14436"	0.69	0.01	0.3
"14437"	0.69	0.02	0.29
"14438"	0.69	0.03	0.28
"14439"	0.69	0.04	0.27
"14440"	0.69	0.05	0.26
"14441"	0.69	0.06	0.25
"14442"	0.69	0.07	0.24
"14443"	0.69	0.08	0.23
"14444"	0.69	0.09	0.22
"14445"	0.69	0.1	0.21
"14446"	0.69	0.11	0.2
"14447"	0.69	0.12	0.19
"14448"	0.69	0.13	0.18
"14449"	0.69	0.14	0.17
"14450"	0.69	0.15	0.16
"14451"	0.69	0.16	0.15
"14452"	0.69	0.17	0.14
"14453"	0.69	0.18	0.13
"14454"	0.69	0.19	0.12
"14455"	0.69	0.2	0.11
"14456"	0.69	0.21	0.1
"14457"	0.69	0.22	0.09
"14458"	0.69	0.23	0.08
"14459"	0.69	0.24	0.07
"14460"	0.69	0.25	0.06
"14461"	0.69	0.26	0.05
"14462"	0.69	0.27	0.04
"14463"	0.69	0.28	0.03
"14464"	0.69	0.29	0.02
"14465"	0.69	0.3	0.01
"14466"	0.69	0.31	0
"14467"	0.69	0.32	-0.01
"14468"	0.69	0.33	-0.02
"14469"	0.69	0.34	-0.03
"14470"	0.69	0.35	-0.04
"14471"	0.69	0.36	-0.05
"14472"	0.69	0.37	-0.06
"14473"	0.69	0.38	-0.07
"14474"	0.69	0.39	-0.08
"14475"	0.69	0.4	-0.09
"14476"	0.69	0.41	-0.1
"14477"	0.69	0.42	-0.11
"14478"	0.69	0.43	-0.12
"14479"	0.69	0.44	-0.13
"14480"	0.69	0.45	-0.14
"14481"	0.69	0.46	-0.15
"14482"	0.69	0.47	-0.16
"14483"	0.69	0.48	-0.17
"14484"	0.69	0.49	-0.18
"14485"	0.69	0.5	-0.19
"14486"	0.69	0.51	-0.2
"14487"	0.69	0.52	-0.21
"14488"	0.69	0.53	-0.22
"14489"	0.69	0.54	-0.23
"14490"	0.69	0.55	-0.24
"14491"	0.69	0.56	-0.25
"14492"	0.69	0.57	-0.26
"14493"	0.69	0.58	-0.27
"14494"	0.69	0.59	-0.28
"14495"	0.69	0.6	-0.29
"14496"	0.69	0.61	-0.3
"14497"	0.69	0.62	-0.31
"14498"	0.69	0.63	-0.32
"14499"	0.69	0.64	-0.33
"14500"	0.69	0.65	-0.34
"14501"	0.69	0.66	-0.35
"14502"	0.69	0.67	-0.36
"14503"	0.69	0.68	-0.37
"14504"	0.69	0.69	-0.38
"14505"	0.69	0.7	-0.39
"14506"	0.69	0.71	-0.4
"14507"	0.69	0.72	-0.41
"14508"	0.69	0.73	-0.42
"14509"	0.69	0.74	-0.43
"14510"	0.69	0.75	-0.44
"14511"	0.69	0.76	-0.45
"14512"	0.69	0.77	-0.46
"14513"	0.69	0.78	-0.47
"14514"	0.69	0.79	-0.48
"14515"	0.69	0.8	-0.49
"14516"	0.69	0.81	-0.5
"14517"	0.69	0.82	-0.51
"14518"	0.69	0.83	-0.52
"14519"	0.69	0.84	-0.53
"14520"	0.69	0.85	-0.54
"14521"	0.69	0.86	-0.55
"14522"	0.69	0.87	-0.56
"14523"	0.69	0.88	-0.57
"14524"	0.69	0.89	-0.58
"14525"	0.69	0.9	-0.59
"14526"	0.69	0.91	-0.6
"14527"	0.69	0.92	-0.61
"14528"	0.69	0.93	-0.62
"14529"	0.69	0.94	-0.63
"14530"	0.69	0.95	-0.64
"14531"	0.69	0.96	-0.65
"14532"	0.69	0.97	-0.66
"14533"	0.69	0.98	-0.67
"14534"	0.69	0.99	-0.68
"14535"	0.69	1	-0.69
"14536"	0.7	-0.7	1
"14537"	0.7	-0.69	0.99
"14538"	0.7	-0.68	0.98
"14539"	0.7	-0.67	0.97
"14540"	0.7	-0.66	0.96
"14541"	0.7	-0.65	0.95
"14542"	0.7	-0.64	0.94
"14543"	0.7	-0.63	0.93
"14544"	0.7	-0.62	0.92
"14545"	0.7	-0.61	0.91
"14546"	0.7	-0.6	0.9
"14547"	0.7	-0.59	0.89
"14548"	0.7	-0.58	0.88
"14549"	0.7	-0.57	0.87
"14550"	0.7	-0.56	0.86
"14551"	0.7	-0.55	0.85
"14552"	0.7	-0.54	0.84
"14553"	0.7	-0.53	0.83
"14554"	0.7	-0.52	0.82
"14555"	0.7	-0.51	0.81
"14556"	0.7	-0.5	0.8
"14557"	0.7	-0.49	0.79
"14558"	0.7	-0.48	0.78
"14559"	0.7	-0.47	0.77
"14560"	0.7	-0.46	0.76
"14561"	0.7	-0.45	0.75
"14562"	0.7	-0.44	0.74
"14563"	0.7	-0.43	0.73
"14564"	0.7	-0.42	0.72
"14565"	0.7	-0.41	0.71
"14566"	0.7	-0.4	0.7
"14567"	0.7	-0.39	0.69
"14568"	0.7	-0.38	0.68
"14569"	0.7	-0.37	0.67
"14570"	0.7	-0.36	0.66
"14571"	0.7	-0.35	0.65
"14572"	0.7	-0.34	0.64
"14573"	0.7	-0.33	0.63
"14574"	0.7	-0.32	0.62
"14575"	0.7	-0.31	0.61
"14576"	0.7	-0.3	0.6
"14577"	0.7	-0.29	0.59
"14578"	0.7	-0.28	0.58
"14579"	0.7	-0.27	0.57
"14580"	0.7	-0.26	0.56
"14581"	0.7	-0.25	0.55
"14582"	0.7	-0.24	0.54
"14583"	0.7	-0.23	0.53
"14584"	0.7	-0.22	0.52
"14585"	0.7	-0.21	0.51
"14586"	0.7	-0.2	0.5
"14587"	0.7	-0.19	0.49
"14588"	0.7	-0.18	0.48
"14589"	0.7	-0.17	0.47
"14590"	0.7	-0.16	0.46
"14591"	0.7	-0.15	0.45
"14592"	0.7	-0.14	0.44
"14593"	0.7	-0.13	0.43
"14594"	0.7	-0.12	0.42
"14595"	0.7	-0.11	0.41
"14596"	0.7	-0.1	0.4
"14597"	0.7	-0.09	0.39
"14598"	0.7	-0.08	0.38
"14599"	0.7	-0.07	0.37
"14600"	0.7	-0.06	0.36
"14601"	0.7	-0.05	0.35
"14602"	0.7	-0.04	0.34
"14603"	0.7	-0.03	0.33
"14604"	0.7	-0.02	0.32
"14605"	0.7	-0.01	0.31
"14606"	0.7	0	0.3
"14607"	0.7	0.01	0.29
"14608"	0.7	0.02	0.28
"14609"	0.7	0.03	0.27
"14610"	0.7	0.04	0.26
"14611"	0.7	0.05	0.25
"14612"	0.7	0.06	0.24
"14613"	0.7	0.07	0.23
"14614"	0.7	0.08	0.22
"14615"	0.7	0.09	0.21
"14616"	0.7	0.1	0.2
"14617"	0.7	0.11	0.19
"14618"	0.7	0.12	0.18
"14619"	0.7	0.13	0.17
"14620"	0.7	0.14	0.16
"14621"	0.7	0.15	0.15
"14622"	0.7	0.16	0.14
"14623"	0.7	0.17	0.13
"14624"	0.7	0.18	0.12
"14625"	0.7	0.19	0.11
"14626"	0.7	0.2	0.1
"14627"	0.7	0.21	0.09
"14628"	0.7	0.22	0.08
"14629"	0.7	0.23	0.07
"14630"	0.7	0.24	0.06
"14631"	0.7	0.25	0.05
"14632"	0.7	0.26	0.04
"14633"	0.7	0.27	0.03
"14634"	0.7	0.28	0.02
"14635"	0.7	0.29	0.01
"14636"	0.7	0.3	0
"14637"	0.7	0.31	-0.01
"14638"	0.7	0.32	-0.02
"14639"	0.7	0.33	-0.03
"14640"	0.7	0.34	-0.04
"14641"	0.7	0.35	-0.05
"14642"	0.7	0.36	-0.06
"14643"	0.7	0.37	-0.07
"14644"	0.7	0.38	-0.08
"14645"	0.7	0.39	-0.09
"14646"	0.7	0.4	-0.1
"14647"	0.7	0.41	-0.11
"14648"	0.7	0.42	-0.12
"14649"	0.7	0.43	-0.13
"14650"	0.7	0.44	-0.14
"14651"	0.7	0.45	-0.15
"14652"	0.7	0.46	-0.16
"14653"	0.7	0.47	-0.17
"14654"	0.7	0.48	-0.18
"14655"	0.7	0.49	-0.19
"14656"	0.7	0.5	-0.2
"14657"	0.7	0.51	-0.21
"14658"	0.7	0.52	-0.22
"14659"	0.7	0.53	-0.23
"14660"	0.7	0.54	-0.24
"14661"	0.7	0.55	-0.25
"14662"	0.7	0.56	-0.26
"14663"	0.7	0.57	-0.27
"14664"	0.7	0.58	-0.28
"14665"	0.7	0.59	-0.29
"14666"	0.7	0.6	-0.3
"14667"	0.7	0.61	-0.31
"14668"	0.7	0.62	-0.32
"14669"	0.7	0.63	-0.33
"14670"	0.7	0.64	-0.34
"14671"	0.7	0.65	-0.35
"14672"	0.7	0.66	-0.36
"14673"	0.7	0.67	-0.37
"14674"	0.7	0.68	-0.38
"14675"	0.7	0.69	-0.39
"14676"	0.7	0.7	-0.4
"14677"	0.7	0.71	-0.41
"14678"	0.7	0.72	-0.42
"14679"	0.7	0.73	-0.43
"14680"	0.7	0.74	-0.44
"14681"	0.7	0.75	-0.45
"14682"	0.7	0.76	-0.46
"14683"	0.7	0.77	-0.47
"14684"	0.7	0.78	-0.48
"14685"	0.7	0.79	-0.49
"14686"	0.7	0.8	-0.5
"14687"	0.7	0.81	-0.51
"14688"	0.7	0.82	-0.52
"14689"	0.7	0.83	-0.53
"14690"	0.7	0.84	-0.54
"14691"	0.7	0.85	-0.55
"14692"	0.7	0.86	-0.56
"14693"	0.7	0.87	-0.57
"14694"	0.7	0.88	-0.58
"14695"	0.7	0.89	-0.59
"14696"	0.7	0.9	-0.6
"14697"	0.7	0.91	-0.61
"14698"	0.7	0.92	-0.62
"14699"	0.7	0.93	-0.63
"14700"	0.7	0.94	-0.64
"14701"	0.7	0.95	-0.65
"14702"	0.7	0.96	-0.66
"14703"	0.7	0.97	-0.67
"14704"	0.7	0.98	-0.68
"14705"	0.7	0.99	-0.69
"14706"	0.7	1	-0.7
"14707"	0.71	-0.71	1
"14708"	0.71	-0.7	0.99
"14709"	0.71	-0.69	0.98
"14710"	0.71	-0.68	0.97
"14711"	0.71	-0.67	0.96
"14712"	0.71	-0.66	0.95
"14713"	0.71	-0.65	0.94
"14714"	0.71	-0.64	0.93
"14715"	0.71	-0.63	0.92
"14716"	0.71	-0.62	0.91
"14717"	0.71	-0.61	0.9
"14718"	0.71	-0.6	0.89
"14719"	0.71	-0.59	0.88
"14720"	0.71	-0.58	0.87
"14721"	0.71	-0.57	0.86
"14722"	0.71	-0.56	0.85
"14723"	0.71	-0.55	0.84
"14724"	0.71	-0.54	0.83
"14725"	0.71	-0.53	0.82
"14726"	0.71	-0.52	0.81
"14727"	0.71	-0.51	0.8
"14728"	0.71	-0.5	0.79
"14729"	0.71	-0.49	0.78
"14730"	0.71	-0.48	0.77
"14731"	0.71	-0.47	0.76
"14732"	0.71	-0.46	0.75
"14733"	0.71	-0.45	0.74
"14734"	0.71	-0.44	0.73
"14735"	0.71	-0.43	0.72
"14736"	0.71	-0.42	0.71
"14737"	0.71	-0.41	0.7
"14738"	0.71	-0.4	0.69
"14739"	0.71	-0.39	0.68
"14740"	0.71	-0.38	0.67
"14741"	0.71	-0.37	0.66
"14742"	0.71	-0.36	0.65
"14743"	0.71	-0.35	0.64
"14744"	0.71	-0.34	0.63
"14745"	0.71	-0.33	0.62
"14746"	0.71	-0.32	0.61
"14747"	0.71	-0.31	0.6
"14748"	0.71	-0.3	0.59
"14749"	0.71	-0.29	0.58
"14750"	0.71	-0.28	0.57
"14751"	0.71	-0.27	0.56
"14752"	0.71	-0.26	0.55
"14753"	0.71	-0.25	0.54
"14754"	0.71	-0.24	0.53
"14755"	0.71	-0.23	0.52
"14756"	0.71	-0.22	0.51
"14757"	0.71	-0.21	0.5
"14758"	0.71	-0.2	0.49
"14759"	0.71	-0.19	0.48
"14760"	0.71	-0.18	0.47
"14761"	0.71	-0.17	0.46
"14762"	0.71	-0.16	0.45
"14763"	0.71	-0.15	0.44
"14764"	0.71	-0.14	0.43
"14765"	0.71	-0.13	0.42
"14766"	0.71	-0.12	0.41
"14767"	0.71	-0.11	0.4
"14768"	0.71	-0.1	0.39
"14769"	0.71	-0.09	0.38
"14770"	0.71	-0.08	0.37
"14771"	0.71	-0.07	0.36
"14772"	0.71	-0.06	0.35
"14773"	0.71	-0.05	0.34
"14774"	0.71	-0.04	0.33
"14775"	0.71	-0.03	0.32
"14776"	0.71	-0.02	0.31
"14777"	0.71	-0.01	0.3
"14778"	0.71	0	0.29
"14779"	0.71	0.01	0.28
"14780"	0.71	0.02	0.27
"14781"	0.71	0.03	0.26
"14782"	0.71	0.04	0.25
"14783"	0.71	0.05	0.24
"14784"	0.71	0.06	0.23
"14785"	0.71	0.07	0.22
"14786"	0.71	0.08	0.21
"14787"	0.71	0.09	0.2
"14788"	0.71	0.1	0.19
"14789"	0.71	0.11	0.18
"14790"	0.71	0.12	0.17
"14791"	0.71	0.13	0.16
"14792"	0.71	0.14	0.15
"14793"	0.71	0.15	0.14
"14794"	0.71	0.16	0.13
"14795"	0.71	0.17	0.12
"14796"	0.71	0.18	0.11
"14797"	0.71	0.19	0.1
"14798"	0.71	0.2	0.09
"14799"	0.71	0.21	0.08
"14800"	0.71	0.22	0.07
"14801"	0.71	0.23	0.06
"14802"	0.71	0.24	0.05
"14803"	0.71	0.25	0.04
"14804"	0.71	0.26	0.03
"14805"	0.71	0.27	0.02
"14806"	0.71	0.28	0.01
"14807"	0.71	0.29	0
"14808"	0.71	0.3	-0.01
"14809"	0.71	0.31	-0.02
"14810"	0.71	0.32	-0.03
"14811"	0.71	0.33	-0.04
"14812"	0.71	0.34	-0.05
"14813"	0.71	0.35	-0.06
"14814"	0.71	0.36	-0.07
"14815"	0.71	0.37	-0.08
"14816"	0.71	0.38	-0.09
"14817"	0.71	0.39	-0.1
"14818"	0.71	0.4	-0.11
"14819"	0.71	0.41	-0.12
"14820"	0.71	0.42	-0.13
"14821"	0.71	0.43	-0.14
"14822"	0.71	0.44	-0.15
"14823"	0.71	0.45	-0.16
"14824"	0.71	0.46	-0.17
"14825"	0.71	0.47	-0.18
"14826"	0.71	0.48	-0.19
"14827"	0.71	0.49	-0.2
"14828"	0.71	0.5	-0.21
"14829"	0.71	0.51	-0.22
"14830"	0.71	0.52	-0.23
"14831"	0.71	0.53	-0.24
"14832"	0.71	0.54	-0.25
"14833"	0.71	0.55	-0.26
"14834"	0.71	0.56	-0.27
"14835"	0.71	0.57	-0.28
"14836"	0.71	0.58	-0.29
"14837"	0.71	0.59	-0.3
"14838"	0.71	0.6	-0.31
"14839"	0.71	0.61	-0.32
"14840"	0.71	0.62	-0.33
"14841"	0.71	0.63	-0.34
"14842"	0.71	0.64	-0.35
"14843"	0.71	0.65	-0.36
"14844"	0.71	0.66	-0.37
"14845"	0.71	0.67	-0.38
"14846"	0.71	0.68	-0.39
"14847"	0.71	0.69	-0.4
"14848"	0.71	0.7	-0.41
"14849"	0.71	0.71	-0.42
"14850"	0.71	0.72	-0.43
"14851"	0.71	0.73	-0.44
"14852"	0.71	0.74	-0.45
"14853"	0.71	0.75	-0.46
"14854"	0.71	0.76	-0.47
"14855"	0.71	0.77	-0.48
"14856"	0.71	0.78	-0.49
"14857"	0.71	0.79	-0.5
"14858"	0.71	0.8	-0.51
"14859"	0.71	0.81	-0.52
"14860"	0.71	0.82	-0.53
"14861"	0.71	0.83	-0.54
"14862"	0.71	0.84	-0.55
"14863"	0.71	0.85	-0.56
"14864"	0.71	0.86	-0.57
"14865"	0.71	0.87	-0.58
"14866"	0.71	0.88	-0.59
"14867"	0.71	0.89	-0.6
"14868"	0.71	0.9	-0.61
"14869"	0.71	0.91	-0.62
"14870"	0.71	0.92	-0.63
"14871"	0.71	0.93	-0.64
"14872"	0.71	0.94	-0.65
"14873"	0.71	0.95	-0.66
"14874"	0.71	0.96	-0.67
"14875"	0.71	0.97	-0.68
"14876"	0.71	0.98	-0.69
"14877"	0.71	0.99	-0.7
"14878"	0.71	1	-0.71
"14879"	0.72	-0.72	1
"14880"	0.72	-0.71	0.99
"14881"	0.72	-0.7	0.98
"14882"	0.72	-0.69	0.97
"14883"	0.72	-0.68	0.96
"14884"	0.72	-0.67	0.95
"14885"	0.72	-0.66	0.94
"14886"	0.72	-0.65	0.93
"14887"	0.72	-0.64	0.92
"14888"	0.72	-0.63	0.91
"14889"	0.72	-0.62	0.9
"14890"	0.72	-0.61	0.89
"14891"	0.72	-0.6	0.88
"14892"	0.72	-0.59	0.87
"14893"	0.72	-0.58	0.86
"14894"	0.72	-0.57	0.85
"14895"	0.72	-0.56	0.84
"14896"	0.72	-0.55	0.83
"14897"	0.72	-0.54	0.82
"14898"	0.72	-0.53	0.81
"14899"	0.72	-0.52	0.8
"14900"	0.72	-0.51	0.79
"14901"	0.72	-0.5	0.78
"14902"	0.72	-0.49	0.77
"14903"	0.72	-0.48	0.76
"14904"	0.72	-0.47	0.75
"14905"	0.72	-0.46	0.74
"14906"	0.72	-0.45	0.73
"14907"	0.72	-0.44	0.72
"14908"	0.72	-0.43	0.71
"14909"	0.72	-0.42	0.7
"14910"	0.72	-0.41	0.69
"14911"	0.72	-0.4	0.68
"14912"	0.72	-0.39	0.67
"14913"	0.72	-0.38	0.66
"14914"	0.72	-0.37	0.65
"14915"	0.72	-0.36	0.64
"14916"	0.72	-0.35	0.63
"14917"	0.72	-0.34	0.62
"14918"	0.72	-0.33	0.61
"14919"	0.72	-0.32	0.6
"14920"	0.72	-0.31	0.59
"14921"	0.72	-0.3	0.58
"14922"	0.72	-0.29	0.57
"14923"	0.72	-0.28	0.56
"14924"	0.72	-0.27	0.55
"14925"	0.72	-0.26	0.54
"14926"	0.72	-0.25	0.53
"14927"	0.72	-0.24	0.52
"14928"	0.72	-0.23	0.51
"14929"	0.72	-0.22	0.5
"14930"	0.72	-0.21	0.49
"14931"	0.72	-0.2	0.48
"14932"	0.72	-0.19	0.47
"14933"	0.72	-0.18	0.46
"14934"	0.72	-0.17	0.45
"14935"	0.72	-0.16	0.44
"14936"	0.72	-0.15	0.43
"14937"	0.72	-0.14	0.42
"14938"	0.72	-0.13	0.41
"14939"	0.72	-0.12	0.4
"14940"	0.72	-0.11	0.39
"14941"	0.72	-0.1	0.38
"14942"	0.72	-0.09	0.37
"14943"	0.72	-0.08	0.36
"14944"	0.72	-0.07	0.35
"14945"	0.72	-0.06	0.34
"14946"	0.72	-0.05	0.33
"14947"	0.72	-0.04	0.32
"14948"	0.72	-0.03	0.31
"14949"	0.72	-0.02	0.3
"14950"	0.72	-0.01	0.29
"14951"	0.72	0	0.28
"14952"	0.72	0.01	0.27
"14953"	0.72	0.02	0.26
"14954"	0.72	0.03	0.25
"14955"	0.72	0.04	0.24
"14956"	0.72	0.05	0.23
"14957"	0.72	0.06	0.22
"14958"	0.72	0.07	0.21
"14959"	0.72	0.08	0.2
"14960"	0.72	0.09	0.19
"14961"	0.72	0.1	0.18
"14962"	0.72	0.11	0.17
"14963"	0.72	0.12	0.16
"14964"	0.72	0.13	0.15
"14965"	0.72	0.14	0.14
"14966"	0.72	0.15	0.13
"14967"	0.72	0.16	0.12
"14968"	0.72	0.17	0.11
"14969"	0.72	0.18	0.1
"14970"	0.72	0.19	0.09
"14971"	0.72	0.2	0.08
"14972"	0.72	0.21	0.07
"14973"	0.72	0.22	0.06
"14974"	0.72	0.23	0.05
"14975"	0.72	0.24	0.04
"14976"	0.72	0.25	0.03
"14977"	0.72	0.26	0.02
"14978"	0.72	0.27	0.01
"14979"	0.72	0.28	0
"14980"	0.72	0.29	-0.01
"14981"	0.72	0.3	-0.02
"14982"	0.72	0.31	-0.03
"14983"	0.72	0.32	-0.04
"14984"	0.72	0.33	-0.05
"14985"	0.72	0.34	-0.06
"14986"	0.72	0.35	-0.07
"14987"	0.72	0.36	-0.08
"14988"	0.72	0.37	-0.09
"14989"	0.72	0.38	-0.1
"14990"	0.72	0.39	-0.11
"14991"	0.72	0.4	-0.12
"14992"	0.72	0.41	-0.13
"14993"	0.72	0.42	-0.14
"14994"	0.72	0.43	-0.15
"14995"	0.72	0.44	-0.16
"14996"	0.72	0.45	-0.17
"14997"	0.72	0.46	-0.18
"14998"	0.72	0.47	-0.19
"14999"	0.72	0.48	-0.2
"15000"	0.72	0.49	-0.21
"15001"	0.72	0.5	-0.22
"15002"	0.72	0.51	-0.23
"15003"	0.72	0.52	-0.24
"15004"	0.72	0.53	-0.25
"15005"	0.72	0.54	-0.26
"15006"	0.72	0.55	-0.27
"15007"	0.72	0.56	-0.28
"15008"	0.72	0.57	-0.29
"15009"	0.72	0.58	-0.3
"15010"	0.72	0.59	-0.31
"15011"	0.72	0.6	-0.32
"15012"	0.72	0.61	-0.33
"15013"	0.72	0.62	-0.34
"15014"	0.72	0.63	-0.35
"15015"	0.72	0.64	-0.36
"15016"	0.72	0.65	-0.37
"15017"	0.72	0.66	-0.38
"15018"	0.72	0.67	-0.39
"15019"	0.72	0.68	-0.4
"15020"	0.72	0.69	-0.41
"15021"	0.72	0.7	-0.42
"15022"	0.72	0.71	-0.43
"15023"	0.72	0.72	-0.44
"15024"	0.72	0.73	-0.45
"15025"	0.72	0.74	-0.46
"15026"	0.72	0.75	-0.47
"15027"	0.72	0.76	-0.48
"15028"	0.72	0.77	-0.49
"15029"	0.72	0.78	-0.5
"15030"	0.72	0.79	-0.51
"15031"	0.72	0.8	-0.52
"15032"	0.72	0.81	-0.53
"15033"	0.72	0.82	-0.54
"15034"	0.72	0.83	-0.55
"15035"	0.72	0.84	-0.56
"15036"	0.72	0.85	-0.57
"15037"	0.72	0.86	-0.58
"15038"	0.72	0.87	-0.59
"15039"	0.72	0.88	-0.6
"15040"	0.72	0.89	-0.61
"15041"	0.72	0.9	-0.62
"15042"	0.72	0.91	-0.63
"15043"	0.72	0.92	-0.64
"15044"	0.72	0.93	-0.65
"15045"	0.72	0.94	-0.66
"15046"	0.72	0.95	-0.67
"15047"	0.72	0.96	-0.68
"15048"	0.72	0.97	-0.69
"15049"	0.72	0.98	-0.7
"15050"	0.72	0.99	-0.71
"15051"	0.72	1	-0.72
"15052"	0.73	-0.73	1
"15053"	0.73	-0.72	0.99
"15054"	0.73	-0.71	0.98
"15055"	0.73	-0.7	0.97
"15056"	0.73	-0.69	0.96
"15057"	0.73	-0.68	0.95
"15058"	0.73	-0.67	0.94
"15059"	0.73	-0.66	0.93
"15060"	0.73	-0.65	0.92
"15061"	0.73	-0.64	0.91
"15062"	0.73	-0.63	0.9
"15063"	0.73	-0.62	0.89
"15064"	0.73	-0.61	0.88
"15065"	0.73	-0.6	0.87
"15066"	0.73	-0.59	0.86
"15067"	0.73	-0.58	0.85
"15068"	0.73	-0.57	0.84
"15069"	0.73	-0.56	0.83
"15070"	0.73	-0.55	0.82
"15071"	0.73	-0.54	0.81
"15072"	0.73	-0.53	0.8
"15073"	0.73	-0.52	0.79
"15074"	0.73	-0.51	0.78
"15075"	0.73	-0.5	0.77
"15076"	0.73	-0.49	0.76
"15077"	0.73	-0.48	0.75
"15078"	0.73	-0.47	0.74
"15079"	0.73	-0.46	0.73
"15080"	0.73	-0.45	0.72
"15081"	0.73	-0.44	0.71
"15082"	0.73	-0.43	0.7
"15083"	0.73	-0.42	0.69
"15084"	0.73	-0.41	0.68
"15085"	0.73	-0.4	0.67
"15086"	0.73	-0.39	0.66
"15087"	0.73	-0.38	0.65
"15088"	0.73	-0.37	0.64
"15089"	0.73	-0.36	0.63
"15090"	0.73	-0.35	0.62
"15091"	0.73	-0.34	0.61
"15092"	0.73	-0.33	0.6
"15093"	0.73	-0.32	0.59
"15094"	0.73	-0.31	0.58
"15095"	0.73	-0.3	0.57
"15096"	0.73	-0.29	0.56
"15097"	0.73	-0.28	0.55
"15098"	0.73	-0.27	0.54
"15099"	0.73	-0.26	0.53
"15100"	0.73	-0.25	0.52
"15101"	0.73	-0.24	0.51
"15102"	0.73	-0.23	0.5
"15103"	0.73	-0.22	0.49
"15104"	0.73	-0.21	0.48
"15105"	0.73	-0.2	0.47
"15106"	0.73	-0.19	0.46
"15107"	0.73	-0.18	0.45
"15108"	0.73	-0.17	0.44
"15109"	0.73	-0.16	0.43
"15110"	0.73	-0.15	0.42
"15111"	0.73	-0.14	0.41
"15112"	0.73	-0.13	0.4
"15113"	0.73	-0.12	0.39
"15114"	0.73	-0.11	0.38
"15115"	0.73	-0.1	0.37
"15116"	0.73	-0.09	0.36
"15117"	0.73	-0.08	0.35
"15118"	0.73	-0.07	0.34
"15119"	0.73	-0.06	0.33
"15120"	0.73	-0.05	0.32
"15121"	0.73	-0.04	0.31
"15122"	0.73	-0.03	0.3
"15123"	0.73	-0.02	0.29
"15124"	0.73	-0.01	0.28
"15125"	0.73	0	0.27
"15126"	0.73	0.01	0.26
"15127"	0.73	0.02	0.25
"15128"	0.73	0.03	0.24
"15129"	0.73	0.04	0.23
"15130"	0.73	0.05	0.22
"15131"	0.73	0.06	0.21
"15132"	0.73	0.07	0.2
"15133"	0.73	0.08	0.19
"15134"	0.73	0.09	0.18
"15135"	0.73	0.1	0.17
"15136"	0.73	0.11	0.16
"15137"	0.73	0.12	0.15
"15138"	0.73	0.13	0.14
"15139"	0.73	0.14	0.13
"15140"	0.73	0.15	0.12
"15141"	0.73	0.16	0.11
"15142"	0.73	0.17	0.1
"15143"	0.73	0.18	0.09
"15144"	0.73	0.19	0.08
"15145"	0.73	0.2	0.07
"15146"	0.73	0.21	0.06
"15147"	0.73	0.22	0.05
"15148"	0.73	0.23	0.04
"15149"	0.73	0.24	0.03
"15150"	0.73	0.25	0.02
"15151"	0.73	0.26	0.01
"15152"	0.73	0.27	0
"15153"	0.73	0.28	-0.01
"15154"	0.73	0.29	-0.02
"15155"	0.73	0.3	-0.03
"15156"	0.73	0.31	-0.04
"15157"	0.73	0.32	-0.05
"15158"	0.73	0.33	-0.06
"15159"	0.73	0.34	-0.07
"15160"	0.73	0.35	-0.08
"15161"	0.73	0.36	-0.09
"15162"	0.73	0.37	-0.1
"15163"	0.73	0.38	-0.11
"15164"	0.73	0.39	-0.12
"15165"	0.73	0.4	-0.13
"15166"	0.73	0.41	-0.14
"15167"	0.73	0.42	-0.15
"15168"	0.73	0.43	-0.16
"15169"	0.73	0.44	-0.17
"15170"	0.73	0.45	-0.18
"15171"	0.73	0.46	-0.19
"15172"	0.73	0.47	-0.2
"15173"	0.73	0.48	-0.21
"15174"	0.73	0.49	-0.22
"15175"	0.73	0.5	-0.23
"15176"	0.73	0.51	-0.24
"15177"	0.73	0.52	-0.25
"15178"	0.73	0.53	-0.26
"15179"	0.73	0.54	-0.27
"15180"	0.73	0.55	-0.28
"15181"	0.73	0.56	-0.29
"15182"	0.73	0.57	-0.3
"15183"	0.73	0.58	-0.31
"15184"	0.73	0.59	-0.32
"15185"	0.73	0.6	-0.33
"15186"	0.73	0.61	-0.34
"15187"	0.73	0.62	-0.35
"15188"	0.73	0.63	-0.36
"15189"	0.73	0.64	-0.37
"15190"	0.73	0.65	-0.38
"15191"	0.73	0.66	-0.39
"15192"	0.73	0.67	-0.4
"15193"	0.73	0.68	-0.41
"15194"	0.73	0.69	-0.42
"15195"	0.73	0.7	-0.43
"15196"	0.73	0.71	-0.44
"15197"	0.73	0.72	-0.45
"15198"	0.73	0.73	-0.46
"15199"	0.73	0.74	-0.47
"15200"	0.73	0.75	-0.48
"15201"	0.73	0.76	-0.49
"15202"	0.73	0.77	-0.5
"15203"	0.73	0.78	-0.51
"15204"	0.73	0.79	-0.52
"15205"	0.73	0.8	-0.53
"15206"	0.73	0.81	-0.54
"15207"	0.73	0.82	-0.55
"15208"	0.73	0.83	-0.56
"15209"	0.73	0.84	-0.57
"15210"	0.73	0.85	-0.58
"15211"	0.73	0.86	-0.59
"15212"	0.73	0.87	-0.6
"15213"	0.73	0.88	-0.61
"15214"	0.73	0.89	-0.62
"15215"	0.73	0.9	-0.63
"15216"	0.73	0.91	-0.64
"15217"	0.73	0.92	-0.65
"15218"	0.73	0.93	-0.66
"15219"	0.73	0.94	-0.67
"15220"	0.73	0.95	-0.68
"15221"	0.73	0.96	-0.69
"15222"	0.73	0.97	-0.7
"15223"	0.73	0.98	-0.71
"15224"	0.73	0.99	-0.72
"15225"	0.73	1	-0.73
"15226"	0.74	-0.74	1
"15227"	0.74	-0.73	0.99
"15228"	0.74	-0.72	0.98
"15229"	0.74	-0.71	0.97
"15230"	0.74	-0.7	0.96
"15231"	0.74	-0.69	0.95
"15232"	0.74	-0.68	0.94
"15233"	0.74	-0.67	0.93
"15234"	0.74	-0.66	0.92
"15235"	0.74	-0.65	0.91
"15236"	0.74	-0.64	0.9
"15237"	0.74	-0.63	0.89
"15238"	0.74	-0.62	0.88
"15239"	0.74	-0.61	0.87
"15240"	0.74	-0.6	0.86
"15241"	0.74	-0.59	0.85
"15242"	0.74	-0.58	0.84
"15243"	0.74	-0.57	0.83
"15244"	0.74	-0.56	0.82
"15245"	0.74	-0.55	0.81
"15246"	0.74	-0.54	0.8
"15247"	0.74	-0.53	0.79
"15248"	0.74	-0.52	0.78
"15249"	0.74	-0.51	0.77
"15250"	0.74	-0.5	0.76
"15251"	0.74	-0.49	0.75
"15252"	0.74	-0.48	0.74
"15253"	0.74	-0.47	0.73
"15254"	0.74	-0.46	0.72
"15255"	0.74	-0.45	0.71
"15256"	0.74	-0.44	0.7
"15257"	0.74	-0.43	0.69
"15258"	0.74	-0.42	0.68
"15259"	0.74	-0.41	0.67
"15260"	0.74	-0.4	0.66
"15261"	0.74	-0.39	0.65
"15262"	0.74	-0.38	0.64
"15263"	0.74	-0.37	0.63
"15264"	0.74	-0.36	0.62
"15265"	0.74	-0.35	0.61
"15266"	0.74	-0.34	0.6
"15267"	0.74	-0.33	0.59
"15268"	0.74	-0.32	0.58
"15269"	0.74	-0.31	0.57
"15270"	0.74	-0.3	0.56
"15271"	0.74	-0.29	0.55
"15272"	0.74	-0.28	0.54
"15273"	0.74	-0.27	0.53
"15274"	0.74	-0.26	0.52
"15275"	0.74	-0.25	0.51
"15276"	0.74	-0.24	0.5
"15277"	0.74	-0.23	0.49
"15278"	0.74	-0.22	0.48
"15279"	0.74	-0.21	0.47
"15280"	0.74	-0.2	0.46
"15281"	0.74	-0.19	0.45
"15282"	0.74	-0.18	0.44
"15283"	0.74	-0.17	0.43
"15284"	0.74	-0.16	0.42
"15285"	0.74	-0.15	0.41
"15286"	0.74	-0.14	0.4
"15287"	0.74	-0.13	0.39
"15288"	0.74	-0.12	0.38
"15289"	0.74	-0.11	0.37
"15290"	0.74	-0.1	0.36
"15291"	0.74	-0.09	0.35
"15292"	0.74	-0.08	0.34
"15293"	0.74	-0.07	0.33
"15294"	0.74	-0.06	0.32
"15295"	0.74	-0.05	0.31
"15296"	0.74	-0.04	0.3
"15297"	0.74	-0.03	0.29
"15298"	0.74	-0.02	0.28
"15299"	0.74	-0.01	0.27
"15300"	0.74	0	0.26
"15301"	0.74	0.01	0.25
"15302"	0.74	0.02	0.24
"15303"	0.74	0.03	0.23
"15304"	0.74	0.04	0.22
"15305"	0.74	0.05	0.21
"15306"	0.74	0.06	0.2
"15307"	0.74	0.07	0.19
"15308"	0.74	0.08	0.18
"15309"	0.74	0.09	0.17
"15310"	0.74	0.1	0.16
"15311"	0.74	0.11	0.15
"15312"	0.74	0.12	0.14
"15313"	0.74	0.13	0.13
"15314"	0.74	0.14	0.12
"15315"	0.74	0.15	0.11
"15316"	0.74	0.16	0.1
"15317"	0.74	0.17	0.09
"15318"	0.74	0.18	0.08
"15319"	0.74	0.19	0.07
"15320"	0.74	0.2	0.06
"15321"	0.74	0.21	0.05
"15322"	0.74	0.22	0.04
"15323"	0.74	0.23	0.03
"15324"	0.74	0.24	0.02
"15325"	0.74	0.25	0.01
"15326"	0.74	0.26	0
"15327"	0.74	0.27	-0.01
"15328"	0.74	0.28	-0.02
"15329"	0.74	0.29	-0.03
"15330"	0.74	0.3	-0.04
"15331"	0.74	0.31	-0.05
"15332"	0.74	0.32	-0.06
"15333"	0.74	0.33	-0.07
"15334"	0.74	0.34	-0.08
"15335"	0.74	0.35	-0.09
"15336"	0.74	0.36	-0.1
"15337"	0.74	0.37	-0.11
"15338"	0.74	0.38	-0.12
"15339"	0.74	0.39	-0.13
"15340"	0.74	0.4	-0.14
"15341"	0.74	0.41	-0.15
"15342"	0.74	0.42	-0.16
"15343"	0.74	0.43	-0.17
"15344"	0.74	0.44	-0.18
"15345"	0.74	0.45	-0.19
"15346"	0.74	0.46	-0.2
"15347"	0.74	0.47	-0.21
"15348"	0.74	0.48	-0.22
"15349"	0.74	0.49	-0.23
"15350"	0.74	0.5	-0.24
"15351"	0.74	0.51	-0.25
"15352"	0.74	0.52	-0.26
"15353"	0.74	0.53	-0.27
"15354"	0.74	0.54	-0.28
"15355"	0.74	0.55	-0.29
"15356"	0.74	0.56	-0.3
"15357"	0.74	0.57	-0.31
"15358"	0.74	0.58	-0.32
"15359"	0.74	0.59	-0.33
"15360"	0.74	0.6	-0.34
"15361"	0.74	0.61	-0.35
"15362"	0.74	0.62	-0.36
"15363"	0.74	0.63	-0.37
"15364"	0.74	0.64	-0.38
"15365"	0.74	0.65	-0.39
"15366"	0.74	0.66	-0.4
"15367"	0.74	0.67	-0.41
"15368"	0.74	0.68	-0.42
"15369"	0.74	0.69	-0.43
"15370"	0.74	0.7	-0.44
"15371"	0.74	0.71	-0.45
"15372"	0.74	0.72	-0.46
"15373"	0.74	0.73	-0.47
"15374"	0.74	0.74	-0.48
"15375"	0.74	0.75	-0.49
"15376"	0.74	0.76	-0.5
"15377"	0.74	0.77	-0.51
"15378"	0.74	0.78	-0.52
"15379"	0.74	0.79	-0.53
"15380"	0.74	0.8	-0.54
"15381"	0.74	0.81	-0.55
"15382"	0.74	0.82	-0.56
"15383"	0.74	0.83	-0.57
"15384"	0.74	0.84	-0.58
"15385"	0.74	0.85	-0.59
"15386"	0.74	0.86	-0.6
"15387"	0.74	0.87	-0.61
"15388"	0.74	0.88	-0.62
"15389"	0.74	0.89	-0.63
"15390"	0.74	0.9	-0.64
"15391"	0.74	0.91	-0.65
"15392"	0.74	0.92	-0.66
"15393"	0.74	0.93	-0.67
"15394"	0.74	0.94	-0.68
"15395"	0.74	0.95	-0.69
"15396"	0.74	0.96	-0.7
"15397"	0.74	0.97	-0.71
"15398"	0.74	0.98	-0.72
"15399"	0.74	0.99	-0.73
"15400"	0.74	1	-0.74
"15401"	0.75	-0.75	1
"15402"	0.75	-0.74	0.99
"15403"	0.75	-0.73	0.98
"15404"	0.75	-0.72	0.97
"15405"	0.75	-0.71	0.96
"15406"	0.75	-0.7	0.95
"15407"	0.75	-0.69	0.94
"15408"	0.75	-0.68	0.93
"15409"	0.75	-0.67	0.92
"15410"	0.75	-0.66	0.91
"15411"	0.75	-0.65	0.9
"15412"	0.75	-0.64	0.89
"15413"	0.75	-0.63	0.88
"15414"	0.75	-0.62	0.87
"15415"	0.75	-0.61	0.86
"15416"	0.75	-0.6	0.85
"15417"	0.75	-0.59	0.84
"15418"	0.75	-0.58	0.83
"15419"	0.75	-0.57	0.82
"15420"	0.75	-0.56	0.81
"15421"	0.75	-0.55	0.8
"15422"	0.75	-0.54	0.79
"15423"	0.75	-0.53	0.78
"15424"	0.75	-0.52	0.77
"15425"	0.75	-0.51	0.76
"15426"	0.75	-0.5	0.75
"15427"	0.75	-0.49	0.74
"15428"	0.75	-0.48	0.73
"15429"	0.75	-0.47	0.72
"15430"	0.75	-0.46	0.71
"15431"	0.75	-0.45	0.7
"15432"	0.75	-0.44	0.69
"15433"	0.75	-0.43	0.68
"15434"	0.75	-0.42	0.67
"15435"	0.75	-0.41	0.66
"15436"	0.75	-0.4	0.65
"15437"	0.75	-0.39	0.64
"15438"	0.75	-0.38	0.63
"15439"	0.75	-0.37	0.62
"15440"	0.75	-0.36	0.61
"15441"	0.75	-0.35	0.6
"15442"	0.75	-0.34	0.59
"15443"	0.75	-0.33	0.58
"15444"	0.75	-0.32	0.57
"15445"	0.75	-0.31	0.56
"15446"	0.75	-0.3	0.55
"15447"	0.75	-0.29	0.54
"15448"	0.75	-0.28	0.53
"15449"	0.75	-0.27	0.52
"15450"	0.75	-0.26	0.51
"15451"	0.75	-0.25	0.5
"15452"	0.75	-0.24	0.49
"15453"	0.75	-0.23	0.48
"15454"	0.75	-0.22	0.47
"15455"	0.75	-0.21	0.46
"15456"	0.75	-0.2	0.45
"15457"	0.75	-0.19	0.44
"15458"	0.75	-0.18	0.43
"15459"	0.75	-0.17	0.42
"15460"	0.75	-0.16	0.41
"15461"	0.75	-0.15	0.4
"15462"	0.75	-0.14	0.39
"15463"	0.75	-0.13	0.38
"15464"	0.75	-0.12	0.37
"15465"	0.75	-0.11	0.36
"15466"	0.75	-0.1	0.35
"15467"	0.75	-0.09	0.34
"15468"	0.75	-0.08	0.33
"15469"	0.75	-0.07	0.32
"15470"	0.75	-0.06	0.31
"15471"	0.75	-0.05	0.3
"15472"	0.75	-0.04	0.29
"15473"	0.75	-0.03	0.28
"15474"	0.75	-0.02	0.27
"15475"	0.75	-0.01	0.26
"15476"	0.75	0	0.25
"15477"	0.75	0.01	0.24
"15478"	0.75	0.02	0.23
"15479"	0.75	0.03	0.22
"15480"	0.75	0.04	0.21
"15481"	0.75	0.05	0.2
"15482"	0.75	0.06	0.19
"15483"	0.75	0.07	0.18
"15484"	0.75	0.08	0.17
"15485"	0.75	0.09	0.16
"15486"	0.75	0.1	0.15
"15487"	0.75	0.11	0.14
"15488"	0.75	0.12	0.13
"15489"	0.75	0.13	0.12
"15490"	0.75	0.14	0.11
"15491"	0.75	0.15	0.1
"15492"	0.75	0.16	0.09
"15493"	0.75	0.17	0.08
"15494"	0.75	0.18	0.07
"15495"	0.75	0.19	0.06
"15496"	0.75	0.2	0.05
"15497"	0.75	0.21	0.04
"15498"	0.75	0.22	0.03
"15499"	0.75	0.23	0.02
"15500"	0.75	0.24	0.01
"15501"	0.75	0.25	0
"15502"	0.75	0.26	-0.01
"15503"	0.75	0.27	-0.02
"15504"	0.75	0.28	-0.03
"15505"	0.75	0.29	-0.04
"15506"	0.75	0.3	-0.05
"15507"	0.75	0.31	-0.06
"15508"	0.75	0.32	-0.07
"15509"	0.75	0.33	-0.08
"15510"	0.75	0.34	-0.09
"15511"	0.75	0.35	-0.1
"15512"	0.75	0.36	-0.11
"15513"	0.75	0.37	-0.12
"15514"	0.75	0.38	-0.13
"15515"	0.75	0.39	-0.14
"15516"	0.75	0.4	-0.15
"15517"	0.75	0.41	-0.16
"15518"	0.75	0.42	-0.17
"15519"	0.75	0.43	-0.18
"15520"	0.75	0.44	-0.19
"15521"	0.75	0.45	-0.2
"15522"	0.75	0.46	-0.21
"15523"	0.75	0.47	-0.22
"15524"	0.75	0.48	-0.23
"15525"	0.75	0.49	-0.24
"15526"	0.75	0.5	-0.25
"15527"	0.75	0.51	-0.26
"15528"	0.75	0.52	-0.27
"15529"	0.75	0.53	-0.28
"15530"	0.75	0.54	-0.29
"15531"	0.75	0.55	-0.3
"15532"	0.75	0.56	-0.31
"15533"	0.75	0.57	-0.32
"15534"	0.75	0.58	-0.33
"15535"	0.75	0.59	-0.34
"15536"	0.75	0.6	-0.35
"15537"	0.75	0.61	-0.36
"15538"	0.75	0.62	-0.37
"15539"	0.75	0.63	-0.38
"15540"	0.75	0.64	-0.39
"15541"	0.75	0.65	-0.4
"15542"	0.75	0.66	-0.41
"15543"	0.75	0.67	-0.42
"15544"	0.75	0.68	-0.43
"15545"	0.75	0.69	-0.44
"15546"	0.75	0.7	-0.45
"15547"	0.75	0.71	-0.46
"15548"	0.75	0.72	-0.47
"15549"	0.75	0.73	-0.48
"15550"	0.75	0.74	-0.49
"15551"	0.75	0.75	-0.5
"15552"	0.75	0.76	-0.51
"15553"	0.75	0.77	-0.52
"15554"	0.75	0.78	-0.53
"15555"	0.75	0.79	-0.54
"15556"	0.75	0.8	-0.55
"15557"	0.75	0.81	-0.56
"15558"	0.75	0.82	-0.57
"15559"	0.75	0.83	-0.58
"15560"	0.75	0.84	-0.59
"15561"	0.75	0.85	-0.6
"15562"	0.75	0.86	-0.61
"15563"	0.75	0.87	-0.62
"15564"	0.75	0.88	-0.63
"15565"	0.75	0.89	-0.64
"15566"	0.75	0.9	-0.65
"15567"	0.75	0.91	-0.66
"15568"	0.75	0.92	-0.67
"15569"	0.75	0.93	-0.68
"15570"	0.75	0.94	-0.69
"15571"	0.75	0.95	-0.7
"15572"	0.75	0.96	-0.71
"15573"	0.75	0.97	-0.72
"15574"	0.75	0.98	-0.73
"15575"	0.75	0.99	-0.74
"15576"	0.75	1	-0.75
"15577"	0.76	-0.76	1
"15578"	0.76	-0.75	0.99
"15579"	0.76	-0.74	0.98
"15580"	0.76	-0.73	0.97
"15581"	0.76	-0.72	0.96
"15582"	0.76	-0.71	0.95
"15583"	0.76	-0.7	0.94
"15584"	0.76	-0.69	0.93
"15585"	0.76	-0.68	0.92
"15586"	0.76	-0.67	0.91
"15587"	0.76	-0.66	0.9
"15588"	0.76	-0.65	0.89
"15589"	0.76	-0.64	0.88
"15590"	0.76	-0.63	0.87
"15591"	0.76	-0.62	0.86
"15592"	0.76	-0.61	0.85
"15593"	0.76	-0.6	0.84
"15594"	0.76	-0.59	0.83
"15595"	0.76	-0.58	0.82
"15596"	0.76	-0.57	0.81
"15597"	0.76	-0.56	0.8
"15598"	0.76	-0.55	0.79
"15599"	0.76	-0.54	0.78
"15600"	0.76	-0.53	0.77
"15601"	0.76	-0.52	0.76
"15602"	0.76	-0.51	0.75
"15603"	0.76	-0.5	0.74
"15604"	0.76	-0.49	0.73
"15605"	0.76	-0.48	0.72
"15606"	0.76	-0.47	0.71
"15607"	0.76	-0.46	0.7
"15608"	0.76	-0.45	0.69
"15609"	0.76	-0.44	0.68
"15610"	0.76	-0.43	0.67
"15611"	0.76	-0.42	0.66
"15612"	0.76	-0.41	0.65
"15613"	0.76	-0.4	0.64
"15614"	0.76	-0.39	0.63
"15615"	0.76	-0.38	0.62
"15616"	0.76	-0.37	0.61
"15617"	0.76	-0.36	0.6
"15618"	0.76	-0.35	0.59
"15619"	0.76	-0.34	0.58
"15620"	0.76	-0.33	0.57
"15621"	0.76	-0.32	0.56
"15622"	0.76	-0.31	0.55
"15623"	0.76	-0.3	0.54
"15624"	0.76	-0.29	0.53
"15625"	0.76	-0.28	0.52
"15626"	0.76	-0.27	0.51
"15627"	0.76	-0.26	0.5
"15628"	0.76	-0.25	0.49
"15629"	0.76	-0.24	0.48
"15630"	0.76	-0.23	0.47
"15631"	0.76	-0.22	0.46
"15632"	0.76	-0.21	0.45
"15633"	0.76	-0.2	0.44
"15634"	0.76	-0.19	0.43
"15635"	0.76	-0.18	0.42
"15636"	0.76	-0.17	0.41
"15637"	0.76	-0.16	0.4
"15638"	0.76	-0.15	0.39
"15639"	0.76	-0.14	0.38
"15640"	0.76	-0.13	0.37
"15641"	0.76	-0.12	0.36
"15642"	0.76	-0.11	0.35
"15643"	0.76	-0.1	0.34
"15644"	0.76	-0.09	0.33
"15645"	0.76	-0.08	0.32
"15646"	0.76	-0.07	0.31
"15647"	0.76	-0.06	0.3
"15648"	0.76	-0.05	0.29
"15649"	0.76	-0.04	0.28
"15650"	0.76	-0.03	0.27
"15651"	0.76	-0.02	0.26
"15652"	0.76	-0.01	0.25
"15653"	0.76	0	0.24
"15654"	0.76	0.01	0.23
"15655"	0.76	0.02	0.22
"15656"	0.76	0.03	0.21
"15657"	0.76	0.04	0.2
"15658"	0.76	0.05	0.19
"15659"	0.76	0.06	0.18
"15660"	0.76	0.07	0.17
"15661"	0.76	0.08	0.16
"15662"	0.76	0.09	0.15
"15663"	0.76	0.1	0.14
"15664"	0.76	0.11	0.13
"15665"	0.76	0.12	0.12
"15666"	0.76	0.13	0.11
"15667"	0.76	0.14	0.1
"15668"	0.76	0.15	0.09
"15669"	0.76	0.16	0.08
"15670"	0.76	0.17	0.07
"15671"	0.76	0.18	0.06
"15672"	0.76	0.19	0.05
"15673"	0.76	0.2	0.04
"15674"	0.76	0.21	0.03
"15675"	0.76	0.22	0.02
"15676"	0.76	0.23	0.01
"15677"	0.76	0.24	0
"15678"	0.76	0.25	-0.01
"15679"	0.76	0.26	-0.02
"15680"	0.76	0.27	-0.03
"15681"	0.76	0.28	-0.04
"15682"	0.76	0.29	-0.05
"15683"	0.76	0.3	-0.06
"15684"	0.76	0.31	-0.07
"15685"	0.76	0.32	-0.08
"15686"	0.76	0.33	-0.09
"15687"	0.76	0.34	-0.1
"15688"	0.76	0.35	-0.11
"15689"	0.76	0.36	-0.12
"15690"	0.76	0.37	-0.13
"15691"	0.76	0.38	-0.14
"15692"	0.76	0.39	-0.15
"15693"	0.76	0.4	-0.16
"15694"	0.76	0.41	-0.17
"15695"	0.76	0.42	-0.18
"15696"	0.76	0.43	-0.19
"15697"	0.76	0.44	-0.2
"15698"	0.76	0.45	-0.21
"15699"	0.76	0.46	-0.22
"15700"	0.76	0.47	-0.23
"15701"	0.76	0.48	-0.24
"15702"	0.76	0.49	-0.25
"15703"	0.76	0.5	-0.26
"15704"	0.76	0.51	-0.27
"15705"	0.76	0.52	-0.28
"15706"	0.76	0.53	-0.29
"15707"	0.76	0.54	-0.3
"15708"	0.76	0.55	-0.31
"15709"	0.76	0.56	-0.32
"15710"	0.76	0.57	-0.33
"15711"	0.76	0.58	-0.34
"15712"	0.76	0.59	-0.35
"15713"	0.76	0.6	-0.36
"15714"	0.76	0.61	-0.37
"15715"	0.76	0.62	-0.38
"15716"	0.76	0.63	-0.39
"15717"	0.76	0.64	-0.4
"15718"	0.76	0.65	-0.41
"15719"	0.76	0.66	-0.42
"15720"	0.76	0.67	-0.43
"15721"	0.76	0.68	-0.44
"15722"	0.76	0.69	-0.45
"15723"	0.76	0.7	-0.46
"15724"	0.76	0.71	-0.47
"15725"	0.76	0.72	-0.48
"15726"	0.76	0.73	-0.49
"15727"	0.76	0.74	-0.5
"15728"	0.76	0.75	-0.51
"15729"	0.76	0.76	-0.52
"15730"	0.76	0.77	-0.53
"15731"	0.76	0.78	-0.54
"15732"	0.76	0.79	-0.55
"15733"	0.76	0.8	-0.56
"15734"	0.76	0.81	-0.57
"15735"	0.76	0.82	-0.58
"15736"	0.76	0.83	-0.59
"15737"	0.76	0.84	-0.6
"15738"	0.76	0.85	-0.61
"15739"	0.76	0.86	-0.62
"15740"	0.76	0.87	-0.63
"15741"	0.76	0.88	-0.64
"15742"	0.76	0.89	-0.65
"15743"	0.76	0.9	-0.66
"15744"	0.76	0.91	-0.67
"15745"	0.76	0.92	-0.68
"15746"	0.76	0.93	-0.69
"15747"	0.76	0.94	-0.7
"15748"	0.76	0.95	-0.71
"15749"	0.76	0.96	-0.72
"15750"	0.76	0.97	-0.73
"15751"	0.76	0.98	-0.74
"15752"	0.76	0.99	-0.75
"15753"	0.76	1	-0.76
"15754"	0.77	-0.77	1
"15755"	0.77	-0.76	0.99
"15756"	0.77	-0.75	0.98
"15757"	0.77	-0.74	0.97
"15758"	0.77	-0.73	0.96
"15759"	0.77	-0.72	0.95
"15760"	0.77	-0.71	0.94
"15761"	0.77	-0.7	0.93
"15762"	0.77	-0.69	0.92
"15763"	0.77	-0.68	0.91
"15764"	0.77	-0.67	0.9
"15765"	0.77	-0.66	0.89
"15766"	0.77	-0.65	0.88
"15767"	0.77	-0.64	0.87
"15768"	0.77	-0.63	0.86
"15769"	0.77	-0.62	0.85
"15770"	0.77	-0.61	0.84
"15771"	0.77	-0.6	0.83
"15772"	0.77	-0.59	0.82
"15773"	0.77	-0.58	0.81
"15774"	0.77	-0.57	0.8
"15775"	0.77	-0.56	0.79
"15776"	0.77	-0.55	0.78
"15777"	0.77	-0.54	0.77
"15778"	0.77	-0.53	0.76
"15779"	0.77	-0.52	0.75
"15780"	0.77	-0.51	0.74
"15781"	0.77	-0.5	0.73
"15782"	0.77	-0.49	0.72
"15783"	0.77	-0.48	0.71
"15784"	0.77	-0.47	0.7
"15785"	0.77	-0.46	0.69
"15786"	0.77	-0.45	0.68
"15787"	0.77	-0.44	0.67
"15788"	0.77	-0.43	0.66
"15789"	0.77	-0.42	0.65
"15790"	0.77	-0.41	0.64
"15791"	0.77	-0.4	0.63
"15792"	0.77	-0.39	0.62
"15793"	0.77	-0.38	0.61
"15794"	0.77	-0.37	0.6
"15795"	0.77	-0.36	0.59
"15796"	0.77	-0.35	0.58
"15797"	0.77	-0.34	0.57
"15798"	0.77	-0.33	0.56
"15799"	0.77	-0.32	0.55
"15800"	0.77	-0.31	0.54
"15801"	0.77	-0.3	0.53
"15802"	0.77	-0.29	0.52
"15803"	0.77	-0.28	0.51
"15804"	0.77	-0.27	0.5
"15805"	0.77	-0.26	0.49
"15806"	0.77	-0.25	0.48
"15807"	0.77	-0.24	0.47
"15808"	0.77	-0.23	0.46
"15809"	0.77	-0.22	0.45
"15810"	0.77	-0.21	0.44
"15811"	0.77	-0.2	0.43
"15812"	0.77	-0.19	0.42
"15813"	0.77	-0.18	0.41
"15814"	0.77	-0.17	0.4
"15815"	0.77	-0.16	0.39
"15816"	0.77	-0.15	0.38
"15817"	0.77	-0.14	0.37
"15818"	0.77	-0.13	0.36
"15819"	0.77	-0.12	0.35
"15820"	0.77	-0.11	0.34
"15821"	0.77	-0.1	0.33
"15822"	0.77	-0.09	0.32
"15823"	0.77	-0.08	0.31
"15824"	0.77	-0.07	0.3
"15825"	0.77	-0.06	0.29
"15826"	0.77	-0.05	0.28
"15827"	0.77	-0.04	0.27
"15828"	0.77	-0.03	0.26
"15829"	0.77	-0.02	0.25
"15830"	0.77	-0.01	0.24
"15831"	0.77	0	0.23
"15832"	0.77	0.01	0.22
"15833"	0.77	0.02	0.21
"15834"	0.77	0.03	0.2
"15835"	0.77	0.04	0.19
"15836"	0.77	0.05	0.18
"15837"	0.77	0.06	0.17
"15838"	0.77	0.07	0.16
"15839"	0.77	0.08	0.15
"15840"	0.77	0.09	0.14
"15841"	0.77	0.1	0.13
"15842"	0.77	0.11	0.12
"15843"	0.77	0.12	0.11
"15844"	0.77	0.13	0.1
"15845"	0.77	0.14	0.09
"15846"	0.77	0.15	0.08
"15847"	0.77	0.16	0.07
"15848"	0.77	0.17	0.06
"15849"	0.77	0.18	0.05
"15850"	0.77	0.19	0.04
"15851"	0.77	0.2	0.03
"15852"	0.77	0.21	0.02
"15853"	0.77	0.22	0.01
"15854"	0.77	0.23	0
"15855"	0.77	0.24	-0.01
"15856"	0.77	0.25	-0.02
"15857"	0.77	0.26	-0.03
"15858"	0.77	0.27	-0.04
"15859"	0.77	0.28	-0.05
"15860"	0.77	0.29	-0.06
"15861"	0.77	0.3	-0.07
"15862"	0.77	0.31	-0.08
"15863"	0.77	0.32	-0.09
"15864"	0.77	0.33	-0.1
"15865"	0.77	0.34	-0.11
"15866"	0.77	0.35	-0.12
"15867"	0.77	0.36	-0.13
"15868"	0.77	0.37	-0.14
"15869"	0.77	0.38	-0.15
"15870"	0.77	0.39	-0.16
"15871"	0.77	0.4	-0.17
"15872"	0.77	0.41	-0.18
"15873"	0.77	0.42	-0.19
"15874"	0.77	0.43	-0.2
"15875"	0.77	0.44	-0.21
"15876"	0.77	0.45	-0.22
"15877"	0.77	0.46	-0.23
"15878"	0.77	0.47	-0.24
"15879"	0.77	0.48	-0.25
"15880"	0.77	0.49	-0.26
"15881"	0.77	0.5	-0.27
"15882"	0.77	0.51	-0.28
"15883"	0.77	0.52	-0.29
"15884"	0.77	0.53	-0.3
"15885"	0.77	0.54	-0.31
"15886"	0.77	0.55	-0.32
"15887"	0.77	0.56	-0.33
"15888"	0.77	0.57	-0.34
"15889"	0.77	0.58	-0.35
"15890"	0.77	0.59	-0.36
"15891"	0.77	0.6	-0.37
"15892"	0.77	0.61	-0.38
"15893"	0.77	0.62	-0.39
"15894"	0.77	0.63	-0.4
"15895"	0.77	0.64	-0.41
"15896"	0.77	0.65	-0.42
"15897"	0.77	0.66	-0.43
"15898"	0.77	0.67	-0.44
"15899"	0.77	0.68	-0.45
"15900"	0.77	0.69	-0.46
"15901"	0.77	0.7	-0.47
"15902"	0.77	0.71	-0.48
"15903"	0.77	0.72	-0.49
"15904"	0.77	0.73	-0.5
"15905"	0.77	0.74	-0.51
"15906"	0.77	0.75	-0.52
"15907"	0.77	0.76	-0.53
"15908"	0.77	0.77	-0.54
"15909"	0.77	0.78	-0.55
"15910"	0.77	0.79	-0.56
"15911"	0.77	0.8	-0.57
"15912"	0.77	0.81	-0.58
"15913"	0.77	0.82	-0.59
"15914"	0.77	0.83	-0.6
"15915"	0.77	0.84	-0.61
"15916"	0.77	0.85	-0.62
"15917"	0.77	0.86	-0.63
"15918"	0.77	0.87	-0.64
"15919"	0.77	0.88	-0.65
"15920"	0.77	0.89	-0.66
"15921"	0.77	0.9	-0.67
"15922"	0.77	0.91	-0.68
"15923"	0.77	0.92	-0.69
"15924"	0.77	0.93	-0.7
"15925"	0.77	0.94	-0.71
"15926"	0.77	0.95	-0.72
"15927"	0.77	0.96	-0.73
"15928"	0.77	0.97	-0.74
"15929"	0.77	0.98	-0.75
"15930"	0.77	0.99	-0.76
"15931"	0.77	1	-0.77
"15932"	0.78	-0.78	1
"15933"	0.78	-0.77	0.99
"15934"	0.78	-0.76	0.98
"15935"	0.78	-0.75	0.97
"15936"	0.78	-0.74	0.96
"15937"	0.78	-0.73	0.95
"15938"	0.78	-0.72	0.94
"15939"	0.78	-0.71	0.93
"15940"	0.78	-0.7	0.92
"15941"	0.78	-0.69	0.91
"15942"	0.78	-0.68	0.9
"15943"	0.78	-0.67	0.89
"15944"	0.78	-0.66	0.88
"15945"	0.78	-0.65	0.87
"15946"	0.78	-0.64	0.86
"15947"	0.78	-0.63	0.85
"15948"	0.78	-0.62	0.84
"15949"	0.78	-0.61	0.83
"15950"	0.78	-0.6	0.82
"15951"	0.78	-0.59	0.81
"15952"	0.78	-0.58	0.8
"15953"	0.78	-0.57	0.79
"15954"	0.78	-0.56	0.78
"15955"	0.78	-0.55	0.77
"15956"	0.78	-0.54	0.76
"15957"	0.78	-0.53	0.75
"15958"	0.78	-0.52	0.74
"15959"	0.78	-0.51	0.73
"15960"	0.78	-0.5	0.72
"15961"	0.78	-0.49	0.71
"15962"	0.78	-0.48	0.7
"15963"	0.78	-0.47	0.69
"15964"	0.78	-0.46	0.68
"15965"	0.78	-0.45	0.67
"15966"	0.78	-0.44	0.66
"15967"	0.78	-0.43	0.65
"15968"	0.78	-0.42	0.64
"15969"	0.78	-0.41	0.63
"15970"	0.78	-0.4	0.62
"15971"	0.78	-0.39	0.61
"15972"	0.78	-0.38	0.6
"15973"	0.78	-0.37	0.59
"15974"	0.78	-0.36	0.58
"15975"	0.78	-0.35	0.57
"15976"	0.78	-0.34	0.56
"15977"	0.78	-0.33	0.55
"15978"	0.78	-0.32	0.54
"15979"	0.78	-0.31	0.53
"15980"	0.78	-0.3	0.52
"15981"	0.78	-0.29	0.51
"15982"	0.78	-0.28	0.5
"15983"	0.78	-0.27	0.49
"15984"	0.78	-0.26	0.48
"15985"	0.78	-0.25	0.47
"15986"	0.78	-0.24	0.46
"15987"	0.78	-0.23	0.45
"15988"	0.78	-0.22	0.44
"15989"	0.78	-0.21	0.43
"15990"	0.78	-0.2	0.42
"15991"	0.78	-0.19	0.41
"15992"	0.78	-0.18	0.4
"15993"	0.78	-0.17	0.39
"15994"	0.78	-0.16	0.38
"15995"	0.78	-0.15	0.37
"15996"	0.78	-0.14	0.36
"15997"	0.78	-0.13	0.35
"15998"	0.78	-0.12	0.34
"15999"	0.78	-0.11	0.33
"16000"	0.78	-0.1	0.32
"16001"	0.78	-0.09	0.31
"16002"	0.78	-0.08	0.3
"16003"	0.78	-0.07	0.29
"16004"	0.78	-0.06	0.28
"16005"	0.78	-0.05	0.27
"16006"	0.78	-0.04	0.26
"16007"	0.78	-0.03	0.25
"16008"	0.78	-0.02	0.24
"16009"	0.78	-0.01	0.23
"16010"	0.78	0	0.22
"16011"	0.78	0.01	0.21
"16012"	0.78	0.02	0.2
"16013"	0.78	0.03	0.19
"16014"	0.78	0.04	0.18
"16015"	0.78	0.05	0.17
"16016"	0.78	0.06	0.16
"16017"	0.78	0.07	0.15
"16018"	0.78	0.08	0.14
"16019"	0.78	0.09	0.13
"16020"	0.78	0.1	0.12
"16021"	0.78	0.11	0.11
"16022"	0.78	0.12	0.1
"16023"	0.78	0.13	0.09
"16024"	0.78	0.14	0.08
"16025"	0.78	0.15	0.07
"16026"	0.78	0.16	0.06
"16027"	0.78	0.17	0.05
"16028"	0.78	0.18	0.04
"16029"	0.78	0.19	0.03
"16030"	0.78	0.2	0.02
"16031"	0.78	0.21	0.01
"16032"	0.78	0.22	0
"16033"	0.78	0.23	-0.01
"16034"	0.78	0.24	-0.02
"16035"	0.78	0.25	-0.03
"16036"	0.78	0.26	-0.04
"16037"	0.78	0.27	-0.05
"16038"	0.78	0.28	-0.06
"16039"	0.78	0.29	-0.07
"16040"	0.78	0.3	-0.08
"16041"	0.78	0.31	-0.09
"16042"	0.78	0.32	-0.1
"16043"	0.78	0.33	-0.11
"16044"	0.78	0.34	-0.12
"16045"	0.78	0.35	-0.13
"16046"	0.78	0.36	-0.14
"16047"	0.78	0.37	-0.15
"16048"	0.78	0.38	-0.16
"16049"	0.78	0.39	-0.17
"16050"	0.78	0.4	-0.18
"16051"	0.78	0.41	-0.19
"16052"	0.78	0.42	-0.2
"16053"	0.78	0.43	-0.21
"16054"	0.78	0.44	-0.22
"16055"	0.78	0.45	-0.23
"16056"	0.78	0.46	-0.24
"16057"	0.78	0.47	-0.25
"16058"	0.78	0.48	-0.26
"16059"	0.78	0.49	-0.27
"16060"	0.78	0.5	-0.28
"16061"	0.78	0.51	-0.29
"16062"	0.78	0.52	-0.3
"16063"	0.78	0.53	-0.31
"16064"	0.78	0.54	-0.32
"16065"	0.78	0.55	-0.33
"16066"	0.78	0.56	-0.34
"16067"	0.78	0.57	-0.35
"16068"	0.78	0.58	-0.36
"16069"	0.78	0.59	-0.37
"16070"	0.78	0.6	-0.38
"16071"	0.78	0.61	-0.39
"16072"	0.78	0.62	-0.4
"16073"	0.78	0.63	-0.41
"16074"	0.78	0.64	-0.42
"16075"	0.78	0.65	-0.43
"16076"	0.78	0.66	-0.44
"16077"	0.78	0.67	-0.45
"16078"	0.78	0.68	-0.46
"16079"	0.78	0.69	-0.47
"16080"	0.78	0.7	-0.48
"16081"	0.78	0.71	-0.49
"16082"	0.78	0.72	-0.5
"16083"	0.78	0.73	-0.51
"16084"	0.78	0.74	-0.52
"16085"	0.78	0.75	-0.53
"16086"	0.78	0.76	-0.54
"16087"	0.78	0.77	-0.55
"16088"	0.78	0.78	-0.56
"16089"	0.78	0.79	-0.57
"16090"	0.78	0.8	-0.58
"16091"	0.78	0.81	-0.59
"16092"	0.78	0.82	-0.6
"16093"	0.78	0.83	-0.61
"16094"	0.78	0.84	-0.62
"16095"	0.78	0.85	-0.63
"16096"	0.78	0.86	-0.64
"16097"	0.78	0.87	-0.65
"16098"	0.78	0.88	-0.66
"16099"	0.78	0.89	-0.67
"16100"	0.78	0.9	-0.68
"16101"	0.78	0.91	-0.69
"16102"	0.78	0.92	-0.7
"16103"	0.78	0.93	-0.71
"16104"	0.78	0.94	-0.72
"16105"	0.78	0.95	-0.73
"16106"	0.78	0.96	-0.74
"16107"	0.78	0.97	-0.75
"16108"	0.78	0.98	-0.76
"16109"	0.78	0.99	-0.77
"16110"	0.78	1	-0.78
"16111"	0.79	-0.79	1
"16112"	0.79	-0.78	0.99
"16113"	0.79	-0.77	0.98
"16114"	0.79	-0.76	0.97
"16115"	0.79	-0.75	0.96
"16116"	0.79	-0.74	0.95
"16117"	0.79	-0.73	0.94
"16118"	0.79	-0.72	0.93
"16119"	0.79	-0.71	0.92
"16120"	0.79	-0.7	0.91
"16121"	0.79	-0.69	0.9
"16122"	0.79	-0.68	0.89
"16123"	0.79	-0.67	0.88
"16124"	0.79	-0.66	0.87
"16125"	0.79	-0.65	0.86
"16126"	0.79	-0.64	0.85
"16127"	0.79	-0.63	0.84
"16128"	0.79	-0.62	0.83
"16129"	0.79	-0.61	0.82
"16130"	0.79	-0.6	0.81
"16131"	0.79	-0.59	0.8
"16132"	0.79	-0.58	0.79
"16133"	0.79	-0.57	0.78
"16134"	0.79	-0.56	0.77
"16135"	0.79	-0.55	0.76
"16136"	0.79	-0.54	0.75
"16137"	0.79	-0.53	0.74
"16138"	0.79	-0.52	0.73
"16139"	0.79	-0.51	0.72
"16140"	0.79	-0.5	0.71
"16141"	0.79	-0.49	0.7
"16142"	0.79	-0.48	0.69
"16143"	0.79	-0.47	0.68
"16144"	0.79	-0.46	0.67
"16145"	0.79	-0.45	0.66
"16146"	0.79	-0.44	0.65
"16147"	0.79	-0.43	0.64
"16148"	0.79	-0.42	0.63
"16149"	0.79	-0.41	0.62
"16150"	0.79	-0.4	0.61
"16151"	0.79	-0.39	0.6
"16152"	0.79	-0.38	0.59
"16153"	0.79	-0.37	0.58
"16154"	0.79	-0.36	0.57
"16155"	0.79	-0.35	0.56
"16156"	0.79	-0.34	0.55
"16157"	0.79	-0.33	0.54
"16158"	0.79	-0.32	0.53
"16159"	0.79	-0.31	0.52
"16160"	0.79	-0.3	0.51
"16161"	0.79	-0.29	0.5
"16162"	0.79	-0.28	0.49
"16163"	0.79	-0.27	0.48
"16164"	0.79	-0.26	0.47
"16165"	0.79	-0.25	0.46
"16166"	0.79	-0.24	0.45
"16167"	0.79	-0.23	0.44
"16168"	0.79	-0.22	0.43
"16169"	0.79	-0.21	0.42
"16170"	0.79	-0.2	0.41
"16171"	0.79	-0.19	0.4
"16172"	0.79	-0.18	0.39
"16173"	0.79	-0.17	0.38
"16174"	0.79	-0.16	0.37
"16175"	0.79	-0.15	0.36
"16176"	0.79	-0.14	0.35
"16177"	0.79	-0.13	0.34
"16178"	0.79	-0.12	0.33
"16179"	0.79	-0.11	0.32
"16180"	0.79	-0.1	0.31
"16181"	0.79	-0.09	0.3
"16182"	0.79	-0.08	0.29
"16183"	0.79	-0.07	0.28
"16184"	0.79	-0.06	0.27
"16185"	0.79	-0.05	0.26
"16186"	0.79	-0.04	0.25
"16187"	0.79	-0.03	0.24
"16188"	0.79	-0.02	0.23
"16189"	0.79	-0.01	0.22
"16190"	0.79	0	0.21
"16191"	0.79	0.01	0.2
"16192"	0.79	0.02	0.19
"16193"	0.79	0.03	0.18
"16194"	0.79	0.04	0.17
"16195"	0.79	0.05	0.16
"16196"	0.79	0.06	0.15
"16197"	0.79	0.07	0.14
"16198"	0.79	0.08	0.13
"16199"	0.79	0.09	0.12
"16200"	0.79	0.1	0.11
"16201"	0.79	0.11	0.1
"16202"	0.79	0.12	0.09
"16203"	0.79	0.13	0.08
"16204"	0.79	0.14	0.07
"16205"	0.79	0.15	0.06
"16206"	0.79	0.16	0.05
"16207"	0.79	0.17	0.04
"16208"	0.79	0.18	0.03
"16209"	0.79	0.19	0.02
"16210"	0.79	0.2	0.01
"16211"	0.79	0.21	0
"16212"	0.79	0.22	-0.01
"16213"	0.79	0.23	-0.02
"16214"	0.79	0.24	-0.03
"16215"	0.79	0.25	-0.04
"16216"	0.79	0.26	-0.05
"16217"	0.79	0.27	-0.06
"16218"	0.79	0.28	-0.07
"16219"	0.79	0.29	-0.08
"16220"	0.79	0.3	-0.09
"16221"	0.79	0.31	-0.1
"16222"	0.79	0.32	-0.11
"16223"	0.79	0.33	-0.12
"16224"	0.79	0.34	-0.13
"16225"	0.79	0.35	-0.14
"16226"	0.79	0.36	-0.15
"16227"	0.79	0.37	-0.16
"16228"	0.79	0.38	-0.17
"16229"	0.79	0.39	-0.18
"16230"	0.79	0.4	-0.19
"16231"	0.79	0.41	-0.2
"16232"	0.79	0.42	-0.21
"16233"	0.79	0.43	-0.22
"16234"	0.79	0.44	-0.23
"16235"	0.79	0.45	-0.24
"16236"	0.79	0.46	-0.25
"16237"	0.79	0.47	-0.26
"16238"	0.79	0.48	-0.27
"16239"	0.79	0.49	-0.28
"16240"	0.79	0.5	-0.29
"16241"	0.79	0.51	-0.3
"16242"	0.79	0.52	-0.31
"16243"	0.79	0.53	-0.32
"16244"	0.79	0.54	-0.33
"16245"	0.79	0.55	-0.34
"16246"	0.79	0.56	-0.35
"16247"	0.79	0.57	-0.36
"16248"	0.79	0.58	-0.37
"16249"	0.79	0.59	-0.38
"16250"	0.79	0.6	-0.39
"16251"	0.79	0.61	-0.4
"16252"	0.79	0.62	-0.41
"16253"	0.79	0.63	-0.42
"16254"	0.79	0.64	-0.43
"16255"	0.79	0.65	-0.44
"16256"	0.79	0.66	-0.45
"16257"	0.79	0.67	-0.46
"16258"	0.79	0.68	-0.47
"16259"	0.79	0.69	-0.48
"16260"	0.79	0.7	-0.49
"16261"	0.79	0.71	-0.5
"16262"	0.79	0.72	-0.51
"16263"	0.79	0.73	-0.52
"16264"	0.79	0.74	-0.53
"16265"	0.79	0.75	-0.54
"16266"	0.79	0.76	-0.55
"16267"	0.79	0.77	-0.56
"16268"	0.79	0.78	-0.57
"16269"	0.79	0.79	-0.58
"16270"	0.79	0.8	-0.59
"16271"	0.79	0.81	-0.6
"16272"	0.79	0.82	-0.61
"16273"	0.79	0.83	-0.62
"16274"	0.79	0.84	-0.63
"16275"	0.79	0.85	-0.64
"16276"	0.79	0.86	-0.65
"16277"	0.79	0.87	-0.66
"16278"	0.79	0.88	-0.67
"16279"	0.79	0.89	-0.68
"16280"	0.79	0.9	-0.69
"16281"	0.79	0.91	-0.7
"16282"	0.79	0.92	-0.71
"16283"	0.79	0.93	-0.72
"16284"	0.79	0.94	-0.73
"16285"	0.79	0.95	-0.74
"16286"	0.79	0.96	-0.75
"16287"	0.79	0.97	-0.76
"16288"	0.79	0.98	-0.77
"16289"	0.79	0.99	-0.78
"16290"	0.79	1	-0.79
"16291"	0.8	-0.8	1
"16292"	0.8	-0.79	0.99
"16293"	0.8	-0.78	0.98
"16294"	0.8	-0.77	0.97
"16295"	0.8	-0.76	0.96
"16296"	0.8	-0.75	0.95
"16297"	0.8	-0.74	0.94
"16298"	0.8	-0.73	0.93
"16299"	0.8	-0.72	0.92
"16300"	0.8	-0.71	0.91
"16301"	0.8	-0.7	0.9
"16302"	0.8	-0.69	0.89
"16303"	0.8	-0.68	0.88
"16304"	0.8	-0.67	0.87
"16305"	0.8	-0.66	0.86
"16306"	0.8	-0.65	0.85
"16307"	0.8	-0.64	0.84
"16308"	0.8	-0.63	0.83
"16309"	0.8	-0.62	0.82
"16310"	0.8	-0.61	0.81
"16311"	0.8	-0.6	0.8
"16312"	0.8	-0.59	0.79
"16313"	0.8	-0.58	0.78
"16314"	0.8	-0.57	0.77
"16315"	0.8	-0.56	0.76
"16316"	0.8	-0.55	0.75
"16317"	0.8	-0.54	0.74
"16318"	0.8	-0.53	0.73
"16319"	0.8	-0.52	0.72
"16320"	0.8	-0.51	0.71
"16321"	0.8	-0.5	0.7
"16322"	0.8	-0.49	0.69
"16323"	0.8	-0.48	0.68
"16324"	0.8	-0.47	0.67
"16325"	0.8	-0.46	0.66
"16326"	0.8	-0.45	0.65
"16327"	0.8	-0.44	0.64
"16328"	0.8	-0.43	0.63
"16329"	0.8	-0.42	0.62
"16330"	0.8	-0.41	0.61
"16331"	0.8	-0.4	0.6
"16332"	0.8	-0.39	0.59
"16333"	0.8	-0.38	0.58
"16334"	0.8	-0.37	0.57
"16335"	0.8	-0.36	0.56
"16336"	0.8	-0.35	0.55
"16337"	0.8	-0.34	0.54
"16338"	0.8	-0.33	0.53
"16339"	0.8	-0.32	0.52
"16340"	0.8	-0.31	0.51
"16341"	0.8	-0.3	0.5
"16342"	0.8	-0.29	0.49
"16343"	0.8	-0.28	0.48
"16344"	0.8	-0.27	0.47
"16345"	0.8	-0.26	0.46
"16346"	0.8	-0.25	0.45
"16347"	0.8	-0.24	0.44
"16348"	0.8	-0.23	0.43
"16349"	0.8	-0.22	0.42
"16350"	0.8	-0.21	0.41
"16351"	0.8	-0.2	0.4
"16352"	0.8	-0.19	0.39
"16353"	0.8	-0.18	0.38
"16354"	0.8	-0.17	0.37
"16355"	0.8	-0.16	0.36
"16356"	0.8	-0.15	0.35
"16357"	0.8	-0.14	0.34
"16358"	0.8	-0.13	0.33
"16359"	0.8	-0.12	0.32
"16360"	0.8	-0.11	0.31
"16361"	0.8	-0.1	0.3
"16362"	0.8	-0.09	0.29
"16363"	0.8	-0.08	0.28
"16364"	0.8	-0.07	0.27
"16365"	0.8	-0.06	0.26
"16366"	0.8	-0.05	0.25
"16367"	0.8	-0.04	0.24
"16368"	0.8	-0.03	0.23
"16369"	0.8	-0.02	0.22
"16370"	0.8	-0.01	0.21
"16371"	0.8	0	0.2
"16372"	0.8	0.01	0.19
"16373"	0.8	0.02	0.18
"16374"	0.8	0.03	0.17
"16375"	0.8	0.04	0.16
"16376"	0.8	0.05	0.15
"16377"	0.8	0.06	0.14
"16378"	0.8	0.07	0.13
"16379"	0.8	0.08	0.12
"16380"	0.8	0.09	0.11
"16381"	0.8	0.1	0.1
"16382"	0.8	0.11	0.09
"16383"	0.8	0.12	0.08
"16384"	0.8	0.13	0.07
"16385"	0.8	0.14	0.06
"16386"	0.8	0.15	0.05
"16387"	0.8	0.16	0.04
"16388"	0.8	0.17	0.03
"16389"	0.8	0.18	0.02
"16390"	0.8	0.19	0.01
"16391"	0.8	0.2	0
"16392"	0.8	0.21	-0.01
"16393"	0.8	0.22	-0.02
"16394"	0.8	0.23	-0.03
"16395"	0.8	0.24	-0.04
"16396"	0.8	0.25	-0.05
"16397"	0.8	0.26	-0.06
"16398"	0.8	0.27	-0.07
"16399"	0.8	0.28	-0.08
"16400"	0.8	0.29	-0.09
"16401"	0.8	0.3	-0.1
"16402"	0.8	0.31	-0.11
"16403"	0.8	0.32	-0.12
"16404"	0.8	0.33	-0.13
"16405"	0.8	0.34	-0.14
"16406"	0.8	0.35	-0.15
"16407"	0.8	0.36	-0.16
"16408"	0.8	0.37	-0.17
"16409"	0.8	0.38	-0.18
"16410"	0.8	0.39	-0.19
"16411"	0.8	0.4	-0.2
"16412"	0.8	0.41	-0.21
"16413"	0.8	0.42	-0.22
"16414"	0.8	0.43	-0.23
"16415"	0.8	0.44	-0.24
"16416"	0.8	0.45	-0.25
"16417"	0.8	0.46	-0.26
"16418"	0.8	0.47	-0.27
"16419"	0.8	0.48	-0.28
"16420"	0.8	0.49	-0.29
"16421"	0.8	0.5	-0.3
"16422"	0.8	0.51	-0.31
"16423"	0.8	0.52	-0.32
"16424"	0.8	0.53	-0.33
"16425"	0.8	0.54	-0.34
"16426"	0.8	0.55	-0.35
"16427"	0.8	0.56	-0.36
"16428"	0.8	0.57	-0.37
"16429"	0.8	0.58	-0.38
"16430"	0.8	0.59	-0.39
"16431"	0.8	0.6	-0.4
"16432"	0.8	0.61	-0.41
"16433"	0.8	0.62	-0.42
"16434"	0.8	0.63	-0.43
"16435"	0.8	0.64	-0.44
"16436"	0.8	0.65	-0.45
"16437"	0.8	0.66	-0.46
"16438"	0.8	0.67	-0.47
"16439"	0.8	0.68	-0.48
"16440"	0.8	0.69	-0.49
"16441"	0.8	0.7	-0.5
"16442"	0.8	0.71	-0.51
"16443"	0.8	0.72	-0.52
"16444"	0.8	0.73	-0.53
"16445"	0.8	0.74	-0.54
"16446"	0.8	0.75	-0.55
"16447"	0.8	0.76	-0.56
"16448"	0.8	0.77	-0.57
"16449"	0.8	0.78	-0.58
"16450"	0.8	0.79	-0.59
"16451"	0.8	0.8	-0.6
"16452"	0.8	0.81	-0.61
"16453"	0.8	0.82	-0.62
"16454"	0.8	0.83	-0.63
"16455"	0.8	0.84	-0.64
"16456"	0.8	0.85	-0.65
"16457"	0.8	0.86	-0.66
"16458"	0.8	0.87	-0.67
"16459"	0.8	0.88	-0.68
"16460"	0.8	0.89	-0.69
"16461"	0.8	0.9	-0.7
"16462"	0.8	0.91	-0.71
"16463"	0.8	0.92	-0.72
"16464"	0.8	0.93	-0.73
"16465"	0.8	0.94	-0.74
"16466"	0.8	0.95	-0.75
"16467"	0.8	0.96	-0.76
"16468"	0.8	0.97	-0.77
"16469"	0.8	0.98	-0.78
"16470"	0.8	0.99	-0.79
"16471"	0.8	1	-0.8
"16472"	0.81	-0.81	1
"16473"	0.81	-0.8	0.99
"16474"	0.81	-0.79	0.98
"16475"	0.81	-0.78	0.97
"16476"	0.81	-0.77	0.96
"16477"	0.81	-0.76	0.95
"16478"	0.81	-0.75	0.94
"16479"	0.81	-0.74	0.93
"16480"	0.81	-0.73	0.92
"16481"	0.81	-0.72	0.91
"16482"	0.81	-0.71	0.9
"16483"	0.81	-0.7	0.89
"16484"	0.81	-0.69	0.88
"16485"	0.81	-0.68	0.87
"16486"	0.81	-0.67	0.86
"16487"	0.81	-0.66	0.85
"16488"	0.81	-0.65	0.84
"16489"	0.81	-0.64	0.83
"16490"	0.81	-0.63	0.82
"16491"	0.81	-0.62	0.81
"16492"	0.81	-0.61	0.8
"16493"	0.81	-0.6	0.79
"16494"	0.81	-0.59	0.78
"16495"	0.81	-0.58	0.77
"16496"	0.81	-0.57	0.76
"16497"	0.81	-0.56	0.75
"16498"	0.81	-0.55	0.74
"16499"	0.81	-0.54	0.73
"16500"	0.81	-0.53	0.72
"16501"	0.81	-0.52	0.71
"16502"	0.81	-0.51	0.7
"16503"	0.81	-0.5	0.69
"16504"	0.81	-0.49	0.68
"16505"	0.81	-0.48	0.67
"16506"	0.81	-0.47	0.66
"16507"	0.81	-0.46	0.65
"16508"	0.81	-0.45	0.64
"16509"	0.81	-0.44	0.63
"16510"	0.81	-0.43	0.62
"16511"	0.81	-0.42	0.61
"16512"	0.81	-0.41	0.6
"16513"	0.81	-0.4	0.59
"16514"	0.81	-0.39	0.58
"16515"	0.81	-0.38	0.57
"16516"	0.81	-0.37	0.56
"16517"	0.81	-0.36	0.55
"16518"	0.81	-0.35	0.54
"16519"	0.81	-0.34	0.53
"16520"	0.81	-0.33	0.52
"16521"	0.81	-0.32	0.51
"16522"	0.81	-0.31	0.5
"16523"	0.81	-0.3	0.49
"16524"	0.81	-0.29	0.48
"16525"	0.81	-0.28	0.47
"16526"	0.81	-0.27	0.46
"16527"	0.81	-0.26	0.45
"16528"	0.81	-0.25	0.44
"16529"	0.81	-0.24	0.43
"16530"	0.81	-0.23	0.42
"16531"	0.81	-0.22	0.41
"16532"	0.81	-0.21	0.4
"16533"	0.81	-0.2	0.39
"16534"	0.81	-0.19	0.38
"16535"	0.81	-0.18	0.37
"16536"	0.81	-0.17	0.36
"16537"	0.81	-0.16	0.35
"16538"	0.81	-0.15	0.34
"16539"	0.81	-0.14	0.33
"16540"	0.81	-0.13	0.32
"16541"	0.81	-0.12	0.31
"16542"	0.81	-0.11	0.3
"16543"	0.81	-0.1	0.29
"16544"	0.81	-0.09	0.28
"16545"	0.81	-0.08	0.27
"16546"	0.81	-0.07	0.26
"16547"	0.81	-0.06	0.25
"16548"	0.81	-0.05	0.24
"16549"	0.81	-0.04	0.23
"16550"	0.81	-0.03	0.22
"16551"	0.81	-0.02	0.21
"16552"	0.81	-0.01	0.2
"16553"	0.81	0	0.19
"16554"	0.81	0.01	0.18
"16555"	0.81	0.02	0.17
"16556"	0.81	0.03	0.16
"16557"	0.81	0.04	0.15
"16558"	0.81	0.05	0.14
"16559"	0.81	0.06	0.13
"16560"	0.81	0.07	0.12
"16561"	0.81	0.08	0.11
"16562"	0.81	0.09	0.1
"16563"	0.81	0.1	0.09
"16564"	0.81	0.11	0.08
"16565"	0.81	0.12	0.07
"16566"	0.81	0.13	0.06
"16567"	0.81	0.14	0.05
"16568"	0.81	0.15	0.04
"16569"	0.81	0.16	0.03
"16570"	0.81	0.17	0.02
"16571"	0.81	0.18	0.01
"16572"	0.81	0.19	0
"16573"	0.81	0.2	-0.01
"16574"	0.81	0.21	-0.02
"16575"	0.81	0.22	-0.03
"16576"	0.81	0.23	-0.04
"16577"	0.81	0.24	-0.05
"16578"	0.81	0.25	-0.06
"16579"	0.81	0.26	-0.07
"16580"	0.81	0.27	-0.08
"16581"	0.81	0.28	-0.09
"16582"	0.81	0.29	-0.1
"16583"	0.81	0.3	-0.11
"16584"	0.81	0.31	-0.12
"16585"	0.81	0.32	-0.13
"16586"	0.81	0.33	-0.14
"16587"	0.81	0.34	-0.15
"16588"	0.81	0.35	-0.16
"16589"	0.81	0.36	-0.17
"16590"	0.81	0.37	-0.18
"16591"	0.81	0.38	-0.19
"16592"	0.81	0.39	-0.2
"16593"	0.81	0.4	-0.21
"16594"	0.81	0.41	-0.22
"16595"	0.81	0.42	-0.23
"16596"	0.81	0.43	-0.24
"16597"	0.81	0.44	-0.25
"16598"	0.81	0.45	-0.26
"16599"	0.81	0.46	-0.27
"16600"	0.81	0.47	-0.28
"16601"	0.81	0.48	-0.29
"16602"	0.81	0.49	-0.3
"16603"	0.81	0.5	-0.31
"16604"	0.81	0.51	-0.32
"16605"	0.81	0.52	-0.33
"16606"	0.81	0.53	-0.34
"16607"	0.81	0.54	-0.35
"16608"	0.81	0.55	-0.36
"16609"	0.81	0.56	-0.37
"16610"	0.81	0.57	-0.38
"16611"	0.81	0.58	-0.39
"16612"	0.81	0.59	-0.4
"16613"	0.81	0.6	-0.41
"16614"	0.81	0.61	-0.42
"16615"	0.81	0.62	-0.43
"16616"	0.81	0.63	-0.44
"16617"	0.81	0.64	-0.45
"16618"	0.81	0.65	-0.46
"16619"	0.81	0.66	-0.47
"16620"	0.81	0.67	-0.48
"16621"	0.81	0.68	-0.49
"16622"	0.81	0.69	-0.5
"16623"	0.81	0.7	-0.51
"16624"	0.81	0.71	-0.52
"16625"	0.81	0.72	-0.53
"16626"	0.81	0.73	-0.54
"16627"	0.81	0.74	-0.55
"16628"	0.81	0.75	-0.56
"16629"	0.81	0.76	-0.57
"16630"	0.81	0.77	-0.58
"16631"	0.81	0.78	-0.59
"16632"	0.81	0.79	-0.6
"16633"	0.81	0.8	-0.61
"16634"	0.81	0.81	-0.62
"16635"	0.81	0.82	-0.63
"16636"	0.81	0.83	-0.64
"16637"	0.81	0.84	-0.65
"16638"	0.81	0.85	-0.66
"16639"	0.81	0.86	-0.67
"16640"	0.81	0.87	-0.68
"16641"	0.81	0.88	-0.69
"16642"	0.81	0.89	-0.7
"16643"	0.81	0.9	-0.71
"16644"	0.81	0.91	-0.72
"16645"	0.81	0.92	-0.73
"16646"	0.81	0.93	-0.74
"16647"	0.81	0.94	-0.75
"16648"	0.81	0.95	-0.76
"16649"	0.81	0.96	-0.77
"16650"	0.81	0.97	-0.78
"16651"	0.81	0.98	-0.79
"16652"	0.81	0.99	-0.8
"16653"	0.81	1	-0.81
"16654"	0.82	-0.82	1
"16655"	0.82	-0.81	0.99
"16656"	0.82	-0.8	0.98
"16657"	0.82	-0.79	0.97
"16658"	0.82	-0.78	0.96
"16659"	0.82	-0.77	0.95
"16660"	0.82	-0.76	0.94
"16661"	0.82	-0.75	0.93
"16662"	0.82	-0.74	0.92
"16663"	0.82	-0.73	0.91
"16664"	0.82	-0.72	0.9
"16665"	0.82	-0.71	0.89
"16666"	0.82	-0.7	0.88
"16667"	0.82	-0.69	0.87
"16668"	0.82	-0.68	0.86
"16669"	0.82	-0.67	0.85
"16670"	0.82	-0.66	0.84
"16671"	0.82	-0.65	0.83
"16672"	0.82	-0.64	0.82
"16673"	0.82	-0.63	0.81
"16674"	0.82	-0.62	0.8
"16675"	0.82	-0.61	0.79
"16676"	0.82	-0.6	0.78
"16677"	0.82	-0.59	0.77
"16678"	0.82	-0.58	0.76
"16679"	0.82	-0.57	0.75
"16680"	0.82	-0.56	0.74
"16681"	0.82	-0.55	0.73
"16682"	0.82	-0.54	0.72
"16683"	0.82	-0.53	0.71
"16684"	0.82	-0.52	0.7
"16685"	0.82	-0.51	0.69
"16686"	0.82	-0.5	0.68
"16687"	0.82	-0.49	0.67
"16688"	0.82	-0.48	0.66
"16689"	0.82	-0.47	0.65
"16690"	0.82	-0.46	0.64
"16691"	0.82	-0.45	0.63
"16692"	0.82	-0.44	0.62
"16693"	0.82	-0.43	0.61
"16694"	0.82	-0.42	0.6
"16695"	0.82	-0.41	0.59
"16696"	0.82	-0.4	0.58
"16697"	0.82	-0.39	0.57
"16698"	0.82	-0.38	0.56
"16699"	0.82	-0.37	0.55
"16700"	0.82	-0.36	0.54
"16701"	0.82	-0.35	0.53
"16702"	0.82	-0.34	0.52
"16703"	0.82	-0.33	0.51
"16704"	0.82	-0.32	0.5
"16705"	0.82	-0.31	0.49
"16706"	0.82	-0.3	0.48
"16707"	0.82	-0.29	0.47
"16708"	0.82	-0.28	0.46
"16709"	0.82	-0.27	0.45
"16710"	0.82	-0.26	0.44
"16711"	0.82	-0.25	0.43
"16712"	0.82	-0.24	0.42
"16713"	0.82	-0.23	0.41
"16714"	0.82	-0.22	0.4
"16715"	0.82	-0.21	0.39
"16716"	0.82	-0.2	0.38
"16717"	0.82	-0.19	0.37
"16718"	0.82	-0.18	0.36
"16719"	0.82	-0.17	0.35
"16720"	0.82	-0.16	0.34
"16721"	0.82	-0.15	0.33
"16722"	0.82	-0.14	0.32
"16723"	0.82	-0.13	0.31
"16724"	0.82	-0.12	0.3
"16725"	0.82	-0.11	0.29
"16726"	0.82	-0.1	0.28
"16727"	0.82	-0.09	0.27
"16728"	0.82	-0.08	0.26
"16729"	0.82	-0.07	0.25
"16730"	0.82	-0.06	0.24
"16731"	0.82	-0.05	0.23
"16732"	0.82	-0.04	0.22
"16733"	0.82	-0.03	0.21
"16734"	0.82	-0.02	0.2
"16735"	0.82	-0.01	0.19
"16736"	0.82	0	0.18
"16737"	0.82	0.01	0.17
"16738"	0.82	0.02	0.16
"16739"	0.82	0.03	0.15
"16740"	0.82	0.04	0.14
"16741"	0.82	0.05	0.13
"16742"	0.82	0.06	0.12
"16743"	0.82	0.07	0.11
"16744"	0.82	0.08	0.1
"16745"	0.82	0.09	0.09
"16746"	0.82	0.1	0.08
"16747"	0.82	0.11	0.07
"16748"	0.82	0.12	0.06
"16749"	0.82	0.13	0.05
"16750"	0.82	0.14	0.04
"16751"	0.82	0.15	0.03
"16752"	0.82	0.16	0.02
"16753"	0.82	0.17	0.01
"16754"	0.82	0.18	0
"16755"	0.82	0.19	-0.01
"16756"	0.82	0.2	-0.02
"16757"	0.82	0.21	-0.03
"16758"	0.82	0.22	-0.04
"16759"	0.82	0.23	-0.05
"16760"	0.82	0.24	-0.06
"16761"	0.82	0.25	-0.07
"16762"	0.82	0.26	-0.08
"16763"	0.82	0.27	-0.09
"16764"	0.82	0.28	-0.1
"16765"	0.82	0.29	-0.11
"16766"	0.82	0.3	-0.12
"16767"	0.82	0.31	-0.13
"16768"	0.82	0.32	-0.14
"16769"	0.82	0.33	-0.15
"16770"	0.82	0.34	-0.16
"16771"	0.82	0.35	-0.17
"16772"	0.82	0.36	-0.18
"16773"	0.82	0.37	-0.19
"16774"	0.82	0.38	-0.2
"16775"	0.82	0.39	-0.21
"16776"	0.82	0.4	-0.22
"16777"	0.82	0.41	-0.23
"16778"	0.82	0.42	-0.24
"16779"	0.82	0.43	-0.25
"16780"	0.82	0.44	-0.26
"16781"	0.82	0.45	-0.27
"16782"	0.82	0.46	-0.28
"16783"	0.82	0.47	-0.29
"16784"	0.82	0.48	-0.3
"16785"	0.82	0.49	-0.31
"16786"	0.82	0.5	-0.32
"16787"	0.82	0.51	-0.33
"16788"	0.82	0.52	-0.34
"16789"	0.82	0.53	-0.35
"16790"	0.82	0.54	-0.36
"16791"	0.82	0.55	-0.37
"16792"	0.82	0.56	-0.38
"16793"	0.82	0.57	-0.39
"16794"	0.82	0.58	-0.4
"16795"	0.82	0.59	-0.41
"16796"	0.82	0.6	-0.42
"16797"	0.82	0.61	-0.43
"16798"	0.82	0.62	-0.44
"16799"	0.82	0.63	-0.45
"16800"	0.82	0.64	-0.46
"16801"	0.82	0.65	-0.47
"16802"	0.82	0.66	-0.48
"16803"	0.82	0.67	-0.49
"16804"	0.82	0.68	-0.5
"16805"	0.82	0.69	-0.51
"16806"	0.82	0.7	-0.52
"16807"	0.82	0.71	-0.53
"16808"	0.82	0.72	-0.54
"16809"	0.82	0.73	-0.55
"16810"	0.82	0.74	-0.56
"16811"	0.82	0.75	-0.57
"16812"	0.82	0.76	-0.58
"16813"	0.82	0.77	-0.59
"16814"	0.82	0.78	-0.6
"16815"	0.82	0.79	-0.61
"16816"	0.82	0.8	-0.62
"16817"	0.82	0.81	-0.63
"16818"	0.82	0.82	-0.64
"16819"	0.82	0.83	-0.65
"16820"	0.82	0.84	-0.66
"16821"	0.82	0.85	-0.67
"16822"	0.82	0.86	-0.68
"16823"	0.82	0.87	-0.69
"16824"	0.82	0.88	-0.7
"16825"	0.82	0.89	-0.71
"16826"	0.82	0.9	-0.72
"16827"	0.82	0.91	-0.73
"16828"	0.82	0.92	-0.74
"16829"	0.82	0.93	-0.75
"16830"	0.82	0.94	-0.76
"16831"	0.82	0.95	-0.77
"16832"	0.82	0.96	-0.78
"16833"	0.82	0.97	-0.79
"16834"	0.82	0.98	-0.8
"16835"	0.82	0.99	-0.81
"16836"	0.82	1	-0.82
"16837"	0.83	-0.83	1
"16838"	0.83	-0.82	0.99
"16839"	0.83	-0.81	0.98
"16840"	0.83	-0.8	0.97
"16841"	0.83	-0.79	0.96
"16842"	0.83	-0.78	0.95
"16843"	0.83	-0.77	0.94
"16844"	0.83	-0.76	0.93
"16845"	0.83	-0.75	0.92
"16846"	0.83	-0.74	0.91
"16847"	0.83	-0.73	0.9
"16848"	0.83	-0.72	0.89
"16849"	0.83	-0.71	0.88
"16850"	0.83	-0.7	0.87
"16851"	0.83	-0.69	0.86
"16852"	0.83	-0.68	0.85
"16853"	0.83	-0.67	0.84
"16854"	0.83	-0.66	0.83
"16855"	0.83	-0.65	0.82
"16856"	0.83	-0.64	0.81
"16857"	0.83	-0.63	0.8
"16858"	0.83	-0.62	0.79
"16859"	0.83	-0.61	0.78
"16860"	0.83	-0.6	0.77
"16861"	0.83	-0.59	0.76
"16862"	0.83	-0.58	0.75
"16863"	0.83	-0.57	0.74
"16864"	0.83	-0.56	0.73
"16865"	0.83	-0.55	0.72
"16866"	0.83	-0.54	0.71
"16867"	0.83	-0.53	0.7
"16868"	0.83	-0.52	0.69
"16869"	0.83	-0.51	0.68
"16870"	0.83	-0.5	0.67
"16871"	0.83	-0.49	0.66
"16872"	0.83	-0.48	0.65
"16873"	0.83	-0.47	0.64
"16874"	0.83	-0.46	0.63
"16875"	0.83	-0.45	0.62
"16876"	0.83	-0.44	0.61
"16877"	0.83	-0.43	0.6
"16878"	0.83	-0.42	0.59
"16879"	0.83	-0.41	0.58
"16880"	0.83	-0.4	0.57
"16881"	0.83	-0.39	0.56
"16882"	0.83	-0.38	0.55
"16883"	0.83	-0.37	0.54
"16884"	0.83	-0.36	0.53
"16885"	0.83	-0.35	0.52
"16886"	0.83	-0.34	0.51
"16887"	0.83	-0.33	0.5
"16888"	0.83	-0.32	0.49
"16889"	0.83	-0.31	0.48
"16890"	0.83	-0.3	0.47
"16891"	0.83	-0.29	0.46
"16892"	0.83	-0.28	0.45
"16893"	0.83	-0.27	0.44
"16894"	0.83	-0.26	0.43
"16895"	0.83	-0.25	0.42
"16896"	0.83	-0.24	0.41
"16897"	0.83	-0.23	0.4
"16898"	0.83	-0.22	0.39
"16899"	0.83	-0.21	0.38
"16900"	0.83	-0.2	0.37
"16901"	0.83	-0.19	0.36
"16902"	0.83	-0.18	0.35
"16903"	0.83	-0.17	0.34
"16904"	0.83	-0.16	0.33
"16905"	0.83	-0.15	0.32
"16906"	0.83	-0.14	0.31
"16907"	0.83	-0.13	0.3
"16908"	0.83	-0.12	0.29
"16909"	0.83	-0.11	0.28
"16910"	0.83	-0.1	0.27
"16911"	0.83	-0.09	0.26
"16912"	0.83	-0.08	0.25
"16913"	0.83	-0.07	0.24
"16914"	0.83	-0.06	0.23
"16915"	0.83	-0.05	0.22
"16916"	0.83	-0.04	0.21
"16917"	0.83	-0.03	0.2
"16918"	0.83	-0.02	0.19
"16919"	0.83	-0.01	0.18
"16920"	0.83	0	0.17
"16921"	0.83	0.01	0.16
"16922"	0.83	0.02	0.15
"16923"	0.83	0.03	0.14
"16924"	0.83	0.04	0.13
"16925"	0.83	0.05	0.12
"16926"	0.83	0.06	0.11
"16927"	0.83	0.07	0.1
"16928"	0.83	0.08	0.09
"16929"	0.83	0.09	0.08
"16930"	0.83	0.1	0.07
"16931"	0.83	0.11	0.06
"16932"	0.83	0.12	0.05
"16933"	0.83	0.13	0.04
"16934"	0.83	0.14	0.03
"16935"	0.83	0.15	0.02
"16936"	0.83	0.16	0.01
"16937"	0.83	0.17	0
"16938"	0.83	0.18	-0.01
"16939"	0.83	0.19	-0.02
"16940"	0.83	0.2	-0.03
"16941"	0.83	0.21	-0.04
"16942"	0.83	0.22	-0.05
"16943"	0.83	0.23	-0.06
"16944"	0.83	0.24	-0.07
"16945"	0.83	0.25	-0.08
"16946"	0.83	0.26	-0.09
"16947"	0.83	0.27	-0.1
"16948"	0.83	0.28	-0.11
"16949"	0.83	0.29	-0.12
"16950"	0.83	0.3	-0.13
"16951"	0.83	0.31	-0.14
"16952"	0.83	0.32	-0.15
"16953"	0.83	0.33	-0.16
"16954"	0.83	0.34	-0.17
"16955"	0.83	0.35	-0.18
"16956"	0.83	0.36	-0.19
"16957"	0.83	0.37	-0.2
"16958"	0.83	0.38	-0.21
"16959"	0.83	0.39	-0.22
"16960"	0.83	0.4	-0.23
"16961"	0.83	0.41	-0.24
"16962"	0.83	0.42	-0.25
"16963"	0.83	0.43	-0.26
"16964"	0.83	0.44	-0.27
"16965"	0.83	0.45	-0.28
"16966"	0.83	0.46	-0.29
"16967"	0.83	0.47	-0.3
"16968"	0.83	0.48	-0.31
"16969"	0.83	0.49	-0.32
"16970"	0.83	0.5	-0.33
"16971"	0.83	0.51	-0.34
"16972"	0.83	0.52	-0.35
"16973"	0.83	0.53	-0.36
"16974"	0.83	0.54	-0.37
"16975"	0.83	0.55	-0.38
"16976"	0.83	0.56	-0.39
"16977"	0.83	0.57	-0.4
"16978"	0.83	0.58	-0.41
"16979"	0.83	0.59	-0.42
"16980"	0.83	0.6	-0.43
"16981"	0.83	0.61	-0.44
"16982"	0.83	0.62	-0.45
"16983"	0.83	0.63	-0.46
"16984"	0.83	0.64	-0.47
"16985"	0.83	0.65	-0.48
"16986"	0.83	0.66	-0.49
"16987"	0.83	0.67	-0.5
"16988"	0.83	0.68	-0.51
"16989"	0.83	0.69	-0.52
"16990"	0.83	0.7	-0.53
"16991"	0.83	0.71	-0.54
"16992"	0.83	0.72	-0.55
"16993"	0.83	0.73	-0.56
"16994"	0.83	0.74	-0.57
"16995"	0.83	0.75	-0.58
"16996"	0.83	0.76	-0.59
"16997"	0.83	0.77	-0.6
"16998"	0.83	0.78	-0.61
"16999"	0.83	0.79	-0.62
"17000"	0.83	0.8	-0.63
"17001"	0.83	0.81	-0.64
"17002"	0.83	0.82	-0.65
"17003"	0.83	0.83	-0.66
"17004"	0.83	0.84	-0.67
"17005"	0.83	0.85	-0.68
"17006"	0.83	0.86	-0.69
"17007"	0.83	0.87	-0.7
"17008"	0.83	0.88	-0.71
"17009"	0.83	0.89	-0.72
"17010"	0.83	0.9	-0.73
"17011"	0.83	0.91	-0.74
"17012"	0.83	0.92	-0.75
"17013"	0.83	0.93	-0.76
"17014"	0.83	0.94	-0.77
"17015"	0.83	0.95	-0.78
"17016"	0.83	0.96	-0.79
"17017"	0.83	0.97	-0.8
"17018"	0.83	0.98	-0.81
"17019"	0.83	0.99	-0.82
"17020"	0.83	1	-0.83
"17021"	0.84	-0.84	1
"17022"	0.84	-0.83	0.99
"17023"	0.84	-0.82	0.98
"17024"	0.84	-0.81	0.97
"17025"	0.84	-0.8	0.96
"17026"	0.84	-0.79	0.95
"17027"	0.84	-0.78	0.94
"17028"	0.84	-0.77	0.93
"17029"	0.84	-0.76	0.92
"17030"	0.84	-0.75	0.91
"17031"	0.84	-0.74	0.9
"17032"	0.84	-0.73	0.89
"17033"	0.84	-0.72	0.88
"17034"	0.84	-0.71	0.87
"17035"	0.84	-0.7	0.86
"17036"	0.84	-0.69	0.85
"17037"	0.84	-0.68	0.84
"17038"	0.84	-0.67	0.83
"17039"	0.84	-0.66	0.82
"17040"	0.84	-0.65	0.81
"17041"	0.84	-0.64	0.8
"17042"	0.84	-0.63	0.79
"17043"	0.84	-0.62	0.78
"17044"	0.84	-0.61	0.77
"17045"	0.84	-0.6	0.76
"17046"	0.84	-0.59	0.75
"17047"	0.84	-0.58	0.74
"17048"	0.84	-0.57	0.73
"17049"	0.84	-0.56	0.72
"17050"	0.84	-0.55	0.71
"17051"	0.84	-0.54	0.7
"17052"	0.84	-0.53	0.69
"17053"	0.84	-0.52	0.68
"17054"	0.84	-0.51	0.67
"17055"	0.84	-0.5	0.66
"17056"	0.84	-0.49	0.65
"17057"	0.84	-0.48	0.64
"17058"	0.84	-0.47	0.63
"17059"	0.84	-0.46	0.62
"17060"	0.84	-0.45	0.61
"17061"	0.84	-0.44	0.6
"17062"	0.84	-0.43	0.59
"17063"	0.84	-0.42	0.58
"17064"	0.84	-0.41	0.57
"17065"	0.84	-0.4	0.56
"17066"	0.84	-0.39	0.55
"17067"	0.84	-0.38	0.54
"17068"	0.84	-0.37	0.53
"17069"	0.84	-0.36	0.52
"17070"	0.84	-0.35	0.51
"17071"	0.84	-0.34	0.5
"17072"	0.84	-0.33	0.49
"17073"	0.84	-0.32	0.48
"17074"	0.84	-0.31	0.47
"17075"	0.84	-0.3	0.46
"17076"	0.84	-0.29	0.45
"17077"	0.84	-0.28	0.44
"17078"	0.84	-0.27	0.43
"17079"	0.84	-0.26	0.42
"17080"	0.84	-0.25	0.41
"17081"	0.84	-0.24	0.4
"17082"	0.84	-0.23	0.39
"17083"	0.84	-0.22	0.38
"17084"	0.84	-0.21	0.37
"17085"	0.84	-0.2	0.36
"17086"	0.84	-0.19	0.35
"17087"	0.84	-0.18	0.34
"17088"	0.84	-0.17	0.33
"17089"	0.84	-0.16	0.32
"17090"	0.84	-0.15	0.31
"17091"	0.84	-0.14	0.3
"17092"	0.84	-0.13	0.29
"17093"	0.84	-0.12	0.28
"17094"	0.84	-0.11	0.27
"17095"	0.84	-0.1	0.26
"17096"	0.84	-0.09	0.25
"17097"	0.84	-0.08	0.24
"17098"	0.84	-0.07	0.23
"17099"	0.84	-0.06	0.22
"17100"	0.84	-0.05	0.21
"17101"	0.84	-0.04	0.2
"17102"	0.84	-0.03	0.19
"17103"	0.84	-0.02	0.18
"17104"	0.84	-0.01	0.17
"17105"	0.84	0	0.16
"17106"	0.84	0.01	0.15
"17107"	0.84	0.02	0.14
"17108"	0.84	0.03	0.13
"17109"	0.84	0.04	0.12
"17110"	0.84	0.05	0.11
"17111"	0.84	0.06	0.1
"17112"	0.84	0.07	0.09
"17113"	0.84	0.08	0.08
"17114"	0.84	0.09	0.07
"17115"	0.84	0.1	0.06
"17116"	0.84	0.11	0.05
"17117"	0.84	0.12	0.04
"17118"	0.84	0.13	0.03
"17119"	0.84	0.14	0.02
"17120"	0.84	0.15	0.01
"17121"	0.84	0.16	0
"17122"	0.84	0.17	-0.01
"17123"	0.84	0.18	-0.02
"17124"	0.84	0.19	-0.03
"17125"	0.84	0.2	-0.04
"17126"	0.84	0.21	-0.05
"17127"	0.84	0.22	-0.06
"17128"	0.84	0.23	-0.07
"17129"	0.84	0.24	-0.08
"17130"	0.84	0.25	-0.09
"17131"	0.84	0.26	-0.1
"17132"	0.84	0.27	-0.11
"17133"	0.84	0.28	-0.12
"17134"	0.84	0.29	-0.13
"17135"	0.84	0.3	-0.14
"17136"	0.84	0.31	-0.15
"17137"	0.84	0.32	-0.16
"17138"	0.84	0.33	-0.17
"17139"	0.84	0.34	-0.18
"17140"	0.84	0.35	-0.19
"17141"	0.84	0.36	-0.2
"17142"	0.84	0.37	-0.21
"17143"	0.84	0.38	-0.22
"17144"	0.84	0.39	-0.23
"17145"	0.84	0.4	-0.24
"17146"	0.84	0.41	-0.25
"17147"	0.84	0.42	-0.26
"17148"	0.84	0.43	-0.27
"17149"	0.84	0.44	-0.28
"17150"	0.84	0.45	-0.29
"17151"	0.84	0.46	-0.3
"17152"	0.84	0.47	-0.31
"17153"	0.84	0.48	-0.32
"17154"	0.84	0.49	-0.33
"17155"	0.84	0.5	-0.34
"17156"	0.84	0.51	-0.35
"17157"	0.84	0.52	-0.36
"17158"	0.84	0.53	-0.37
"17159"	0.84	0.54	-0.38
"17160"	0.84	0.55	-0.39
"17161"	0.84	0.56	-0.4
"17162"	0.84	0.57	-0.41
"17163"	0.84	0.58	-0.42
"17164"	0.84	0.59	-0.43
"17165"	0.84	0.6	-0.44
"17166"	0.84	0.61	-0.45
"17167"	0.84	0.62	-0.46
"17168"	0.84	0.63	-0.47
"17169"	0.84	0.64	-0.48
"17170"	0.84	0.65	-0.49
"17171"	0.84	0.66	-0.5
"17172"	0.84	0.67	-0.51
"17173"	0.84	0.68	-0.52
"17174"	0.84	0.69	-0.53
"17175"	0.84	0.7	-0.54
"17176"	0.84	0.71	-0.55
"17177"	0.84	0.72	-0.56
"17178"	0.84	0.73	-0.57
"17179"	0.84	0.74	-0.58
"17180"	0.84	0.75	-0.59
"17181"	0.84	0.76	-0.6
"17182"	0.84	0.77	-0.61
"17183"	0.84	0.78	-0.62
"17184"	0.84	0.79	-0.63
"17185"	0.84	0.8	-0.64
"17186"	0.84	0.81	-0.65
"17187"	0.84	0.82	-0.66
"17188"	0.84	0.83	-0.67
"17189"	0.84	0.84	-0.68
"17190"	0.84	0.85	-0.69
"17191"	0.84	0.86	-0.7
"17192"	0.84	0.87	-0.71
"17193"	0.84	0.88	-0.72
"17194"	0.84	0.89	-0.73
"17195"	0.84	0.9	-0.74
"17196"	0.84	0.91	-0.75
"17197"	0.84	0.92	-0.76
"17198"	0.84	0.93	-0.77
"17199"	0.84	0.94	-0.78
"17200"	0.84	0.95	-0.79
"17201"	0.84	0.96	-0.8
"17202"	0.84	0.97	-0.81
"17203"	0.84	0.98	-0.82
"17204"	0.84	0.99	-0.83
"17205"	0.84	1	-0.84
"17206"	0.85	-0.85	1
"17207"	0.85	-0.84	0.99
"17208"	0.85	-0.83	0.98
"17209"	0.85	-0.82	0.97
"17210"	0.85	-0.81	0.96
"17211"	0.85	-0.8	0.95
"17212"	0.85	-0.79	0.94
"17213"	0.85	-0.78	0.93
"17214"	0.85	-0.77	0.92
"17215"	0.85	-0.76	0.91
"17216"	0.85	-0.75	0.9
"17217"	0.85	-0.74	0.89
"17218"	0.85	-0.73	0.88
"17219"	0.85	-0.72	0.87
"17220"	0.85	-0.71	0.86
"17221"	0.85	-0.7	0.85
"17222"	0.85	-0.69	0.84
"17223"	0.85	-0.68	0.83
"17224"	0.85	-0.67	0.82
"17225"	0.85	-0.66	0.81
"17226"	0.85	-0.65	0.8
"17227"	0.85	-0.64	0.79
"17228"	0.85	-0.63	0.78
"17229"	0.85	-0.62	0.77
"17230"	0.85	-0.61	0.76
"17231"	0.85	-0.6	0.75
"17232"	0.85	-0.59	0.74
"17233"	0.85	-0.58	0.73
"17234"	0.85	-0.57	0.72
"17235"	0.85	-0.56	0.71
"17236"	0.85	-0.55	0.7
"17237"	0.85	-0.54	0.69
"17238"	0.85	-0.53	0.68
"17239"	0.85	-0.52	0.67
"17240"	0.85	-0.51	0.66
"17241"	0.85	-0.5	0.65
"17242"	0.85	-0.49	0.64
"17243"	0.85	-0.48	0.63
"17244"	0.85	-0.47	0.62
"17245"	0.85	-0.46	0.61
"17246"	0.85	-0.45	0.6
"17247"	0.85	-0.44	0.59
"17248"	0.85	-0.43	0.58
"17249"	0.85	-0.42	0.57
"17250"	0.85	-0.41	0.56
"17251"	0.85	-0.4	0.55
"17252"	0.85	-0.39	0.54
"17253"	0.85	-0.38	0.53
"17254"	0.85	-0.37	0.52
"17255"	0.85	-0.36	0.51
"17256"	0.85	-0.35	0.5
"17257"	0.85	-0.34	0.49
"17258"	0.85	-0.33	0.48
"17259"	0.85	-0.32	0.47
"17260"	0.85	-0.31	0.46
"17261"	0.85	-0.3	0.45
"17262"	0.85	-0.29	0.44
"17263"	0.85	-0.28	0.43
"17264"	0.85	-0.27	0.42
"17265"	0.85	-0.26	0.41
"17266"	0.85	-0.25	0.4
"17267"	0.85	-0.24	0.39
"17268"	0.85	-0.23	0.38
"17269"	0.85	-0.22	0.37
"17270"	0.85	-0.21	0.36
"17271"	0.85	-0.2	0.35
"17272"	0.85	-0.19	0.34
"17273"	0.85	-0.18	0.33
"17274"	0.85	-0.17	0.32
"17275"	0.85	-0.16	0.31
"17276"	0.85	-0.15	0.3
"17277"	0.85	-0.14	0.29
"17278"	0.85	-0.13	0.28
"17279"	0.85	-0.12	0.27
"17280"	0.85	-0.11	0.26
"17281"	0.85	-0.1	0.25
"17282"	0.85	-0.09	0.24
"17283"	0.85	-0.08	0.23
"17284"	0.85	-0.07	0.22
"17285"	0.85	-0.06	0.21
"17286"	0.85	-0.05	0.2
"17287"	0.85	-0.04	0.19
"17288"	0.85	-0.03	0.18
"17289"	0.85	-0.02	0.17
"17290"	0.85	-0.01	0.16
"17291"	0.85	0	0.15
"17292"	0.85	0.01	0.14
"17293"	0.85	0.02	0.13
"17294"	0.85	0.03	0.12
"17295"	0.85	0.04	0.11
"17296"	0.85	0.05	0.1
"17297"	0.85	0.06	0.09
"17298"	0.85	0.07	0.08
"17299"	0.85	0.08	0.07
"17300"	0.85	0.09	0.06
"17301"	0.85	0.1	0.05
"17302"	0.85	0.11	0.04
"17303"	0.85	0.12	0.03
"17304"	0.85	0.13	0.02
"17305"	0.85	0.14	0.01
"17306"	0.85	0.15	0
"17307"	0.85	0.16	-0.01
"17308"	0.85	0.17	-0.02
"17309"	0.85	0.18	-0.03
"17310"	0.85	0.19	-0.04
"17311"	0.85	0.2	-0.05
"17312"	0.85	0.21	-0.06
"17313"	0.85	0.22	-0.07
"17314"	0.85	0.23	-0.08
"17315"	0.85	0.24	-0.09
"17316"	0.85	0.25	-0.1
"17317"	0.85	0.26	-0.11
"17318"	0.85	0.27	-0.12
"17319"	0.85	0.28	-0.13
"17320"	0.85	0.29	-0.14
"17321"	0.85	0.3	-0.15
"17322"	0.85	0.31	-0.16
"17323"	0.85	0.32	-0.17
"17324"	0.85	0.33	-0.18
"17325"	0.85	0.34	-0.19
"17326"	0.85	0.35	-0.2
"17327"	0.85	0.36	-0.21
"17328"	0.85	0.37	-0.22
"17329"	0.85	0.38	-0.23
"17330"	0.85	0.39	-0.24
"17331"	0.85	0.4	-0.25
"17332"	0.85	0.41	-0.26
"17333"	0.85	0.42	-0.27
"17334"	0.85	0.43	-0.28
"17335"	0.85	0.44	-0.29
"17336"	0.85	0.45	-0.3
"17337"	0.85	0.46	-0.31
"17338"	0.85	0.47	-0.32
"17339"	0.85	0.48	-0.33
"17340"	0.85	0.49	-0.34
"17341"	0.85	0.5	-0.35
"17342"	0.85	0.51	-0.36
"17343"	0.85	0.52	-0.37
"17344"	0.85	0.53	-0.38
"17345"	0.85	0.54	-0.39
"17346"	0.85	0.55	-0.4
"17347"	0.85	0.56	-0.41
"17348"	0.85	0.57	-0.42
"17349"	0.85	0.58	-0.43
"17350"	0.85	0.59	-0.44
"17351"	0.85	0.6	-0.45
"17352"	0.85	0.61	-0.46
"17353"	0.85	0.62	-0.47
"17354"	0.85	0.63	-0.48
"17355"	0.85	0.64	-0.49
"17356"	0.85	0.65	-0.5
"17357"	0.85	0.66	-0.51
"17358"	0.85	0.67	-0.52
"17359"	0.85	0.68	-0.53
"17360"	0.85	0.69	-0.54
"17361"	0.85	0.7	-0.55
"17362"	0.85	0.71	-0.56
"17363"	0.85	0.72	-0.57
"17364"	0.85	0.73	-0.58
"17365"	0.85	0.74	-0.59
"17366"	0.85	0.75	-0.6
"17367"	0.85	0.76	-0.61
"17368"	0.85	0.77	-0.62
"17369"	0.85	0.78	-0.63
"17370"	0.85	0.79	-0.64
"17371"	0.85	0.8	-0.65
"17372"	0.85	0.81	-0.66
"17373"	0.85	0.82	-0.67
"17374"	0.85	0.83	-0.68
"17375"	0.85	0.84	-0.69
"17376"	0.85	0.85	-0.7
"17377"	0.85	0.86	-0.71
"17378"	0.85	0.87	-0.72
"17379"	0.85	0.88	-0.73
"17380"	0.85	0.89	-0.74
"17381"	0.85	0.9	-0.75
"17382"	0.85	0.91	-0.76
"17383"	0.85	0.92	-0.77
"17384"	0.85	0.93	-0.78
"17385"	0.85	0.94	-0.79
"17386"	0.85	0.95	-0.8
"17387"	0.85	0.96	-0.81
"17388"	0.85	0.97	-0.82
"17389"	0.85	0.98	-0.83
"17390"	0.85	0.99	-0.84
"17391"	0.85	1	-0.85
"17392"	0.86	-0.86	1
"17393"	0.86	-0.85	0.99
"17394"	0.86	-0.84	0.98
"17395"	0.86	-0.83	0.97
"17396"	0.86	-0.82	0.96
"17397"	0.86	-0.81	0.95
"17398"	0.86	-0.8	0.94
"17399"	0.86	-0.79	0.93
"17400"	0.86	-0.78	0.92
"17401"	0.86	-0.77	0.91
"17402"	0.86	-0.76	0.9
"17403"	0.86	-0.75	0.89
"17404"	0.86	-0.74	0.88
"17405"	0.86	-0.73	0.87
"17406"	0.86	-0.72	0.86
"17407"	0.86	-0.71	0.85
"17408"	0.86	-0.7	0.84
"17409"	0.86	-0.69	0.83
"17410"	0.86	-0.68	0.82
"17411"	0.86	-0.67	0.81
"17412"	0.86	-0.66	0.8
"17413"	0.86	-0.65	0.79
"17414"	0.86	-0.64	0.78
"17415"	0.86	-0.63	0.77
"17416"	0.86	-0.62	0.76
"17417"	0.86	-0.61	0.75
"17418"	0.86	-0.6	0.74
"17419"	0.86	-0.59	0.73
"17420"	0.86	-0.58	0.72
"17421"	0.86	-0.57	0.71
"17422"	0.86	-0.56	0.7
"17423"	0.86	-0.55	0.69
"17424"	0.86	-0.54	0.68
"17425"	0.86	-0.53	0.67
"17426"	0.86	-0.52	0.66
"17427"	0.86	-0.51	0.65
"17428"	0.86	-0.5	0.64
"17429"	0.86	-0.49	0.63
"17430"	0.86	-0.48	0.62
"17431"	0.86	-0.47	0.61
"17432"	0.86	-0.46	0.6
"17433"	0.86	-0.45	0.59
"17434"	0.86	-0.44	0.58
"17435"	0.86	-0.43	0.57
"17436"	0.86	-0.42	0.56
"17437"	0.86	-0.41	0.55
"17438"	0.86	-0.4	0.54
"17439"	0.86	-0.39	0.53
"17440"	0.86	-0.38	0.52
"17441"	0.86	-0.37	0.51
"17442"	0.86	-0.36	0.5
"17443"	0.86	-0.35	0.49
"17444"	0.86	-0.34	0.48
"17445"	0.86	-0.33	0.47
"17446"	0.86	-0.32	0.46
"17447"	0.86	-0.31	0.45
"17448"	0.86	-0.3	0.44
"17449"	0.86	-0.29	0.43
"17450"	0.86	-0.28	0.42
"17451"	0.86	-0.27	0.41
"17452"	0.86	-0.26	0.4
"17453"	0.86	-0.25	0.39
"17454"	0.86	-0.24	0.38
"17455"	0.86	-0.23	0.37
"17456"	0.86	-0.22	0.36
"17457"	0.86	-0.21	0.35
"17458"	0.86	-0.2	0.34
"17459"	0.86	-0.19	0.33
"17460"	0.86	-0.18	0.32
"17461"	0.86	-0.17	0.31
"17462"	0.86	-0.16	0.3
"17463"	0.86	-0.15	0.29
"17464"	0.86	-0.14	0.28
"17465"	0.86	-0.13	0.27
"17466"	0.86	-0.12	0.26
"17467"	0.86	-0.11	0.25
"17468"	0.86	-0.1	0.24
"17469"	0.86	-0.09	0.23
"17470"	0.86	-0.08	0.22
"17471"	0.86	-0.07	0.21
"17472"	0.86	-0.06	0.2
"17473"	0.86	-0.05	0.19
"17474"	0.86	-0.04	0.18
"17475"	0.86	-0.03	0.17
"17476"	0.86	-0.02	0.16
"17477"	0.86	-0.01	0.15
"17478"	0.86	0	0.14
"17479"	0.86	0.01	0.13
"17480"	0.86	0.02	0.12
"17481"	0.86	0.03	0.11
"17482"	0.86	0.04	0.1
"17483"	0.86	0.05	0.09
"17484"	0.86	0.06	0.08
"17485"	0.86	0.07	0.07
"17486"	0.86	0.08	0.06
"17487"	0.86	0.09	0.05
"17488"	0.86	0.1	0.04
"17489"	0.86	0.11	0.03
"17490"	0.86	0.12	0.02
"17491"	0.86	0.13	0.01
"17492"	0.86	0.14	0
"17493"	0.86	0.15	-0.01
"17494"	0.86	0.16	-0.02
"17495"	0.86	0.17	-0.03
"17496"	0.86	0.18	-0.04
"17497"	0.86	0.19	-0.05
"17498"	0.86	0.2	-0.06
"17499"	0.86	0.21	-0.07
"17500"	0.86	0.22	-0.08
"17501"	0.86	0.23	-0.09
"17502"	0.86	0.24	-0.1
"17503"	0.86	0.25	-0.11
"17504"	0.86	0.26	-0.12
"17505"	0.86	0.27	-0.13
"17506"	0.86	0.28	-0.14
"17507"	0.86	0.29	-0.15
"17508"	0.86	0.3	-0.16
"17509"	0.86	0.31	-0.17
"17510"	0.86	0.32	-0.18
"17511"	0.86	0.33	-0.19
"17512"	0.86	0.34	-0.2
"17513"	0.86	0.35	-0.21
"17514"	0.86	0.36	-0.22
"17515"	0.86	0.37	-0.23
"17516"	0.86	0.38	-0.24
"17517"	0.86	0.39	-0.25
"17518"	0.86	0.4	-0.26
"17519"	0.86	0.41	-0.27
"17520"	0.86	0.42	-0.28
"17521"	0.86	0.43	-0.29
"17522"	0.86	0.44	-0.3
"17523"	0.86	0.45	-0.31
"17524"	0.86	0.46	-0.32
"17525"	0.86	0.47	-0.33
"17526"	0.86	0.48	-0.34
"17527"	0.86	0.49	-0.35
"17528"	0.86	0.5	-0.36
"17529"	0.86	0.51	-0.37
"17530"	0.86	0.52	-0.38
"17531"	0.86	0.53	-0.39
"17532"	0.86	0.54	-0.4
"17533"	0.86	0.55	-0.41
"17534"	0.86	0.56	-0.42
"17535"	0.86	0.57	-0.43
"17536"	0.86	0.58	-0.44
"17537"	0.86	0.59	-0.45
"17538"	0.86	0.6	-0.46
"17539"	0.86	0.61	-0.47
"17540"	0.86	0.62	-0.48
"17541"	0.86	0.63	-0.49
"17542"	0.86	0.64	-0.5
"17543"	0.86	0.65	-0.51
"17544"	0.86	0.66	-0.52
"17545"	0.86	0.67	-0.53
"17546"	0.86	0.68	-0.54
"17547"	0.86	0.69	-0.55
"17548"	0.86	0.7	-0.56
"17549"	0.86	0.71	-0.57
"17550"	0.86	0.72	-0.58
"17551"	0.86	0.73	-0.59
"17552"	0.86	0.74	-0.6
"17553"	0.86	0.75	-0.61
"17554"	0.86	0.76	-0.62
"17555"	0.86	0.77	-0.63
"17556"	0.86	0.78	-0.64
"17557"	0.86	0.79	-0.65
"17558"	0.86	0.8	-0.66
"17559"	0.86	0.81	-0.67
"17560"	0.86	0.82	-0.68
"17561"	0.86	0.83	-0.69
"17562"	0.86	0.84	-0.7
"17563"	0.86	0.85	-0.71
"17564"	0.86	0.86	-0.72
"17565"	0.86	0.87	-0.73
"17566"	0.86	0.88	-0.74
"17567"	0.86	0.89	-0.75
"17568"	0.86	0.9	-0.76
"17569"	0.86	0.91	-0.77
"17570"	0.86	0.92	-0.78
"17571"	0.86	0.93	-0.79
"17572"	0.86	0.94	-0.8
"17573"	0.86	0.95	-0.81
"17574"	0.86	0.96	-0.82
"17575"	0.86	0.97	-0.83
"17576"	0.86	0.98	-0.84
"17577"	0.86	0.99	-0.85
"17578"	0.86	1	-0.86
"17579"	0.87	-0.87	1
"17580"	0.87	-0.86	0.99
"17581"	0.87	-0.85	0.98
"17582"	0.87	-0.84	0.97
"17583"	0.87	-0.83	0.96
"17584"	0.87	-0.82	0.95
"17585"	0.87	-0.81	0.94
"17586"	0.87	-0.8	0.93
"17587"	0.87	-0.79	0.92
"17588"	0.87	-0.78	0.91
"17589"	0.87	-0.77	0.9
"17590"	0.87	-0.76	0.89
"17591"	0.87	-0.75	0.88
"17592"	0.87	-0.74	0.87
"17593"	0.87	-0.73	0.86
"17594"	0.87	-0.72	0.85
"17595"	0.87	-0.71	0.84
"17596"	0.87	-0.7	0.83
"17597"	0.87	-0.69	0.82
"17598"	0.87	-0.68	0.81
"17599"	0.87	-0.67	0.8
"17600"	0.87	-0.66	0.79
"17601"	0.87	-0.65	0.78
"17602"	0.87	-0.64	0.77
"17603"	0.87	-0.63	0.76
"17604"	0.87	-0.62	0.75
"17605"	0.87	-0.61	0.74
"17606"	0.87	-0.6	0.73
"17607"	0.87	-0.59	0.72
"17608"	0.87	-0.58	0.71
"17609"	0.87	-0.57	0.7
"17610"	0.87	-0.56	0.69
"17611"	0.87	-0.55	0.68
"17612"	0.87	-0.54	0.67
"17613"	0.87	-0.53	0.66
"17614"	0.87	-0.52	0.65
"17615"	0.87	-0.51	0.64
"17616"	0.87	-0.5	0.63
"17617"	0.87	-0.49	0.62
"17618"	0.87	-0.48	0.61
"17619"	0.87	-0.47	0.6
"17620"	0.87	-0.46	0.59
"17621"	0.87	-0.45	0.58
"17622"	0.87	-0.44	0.57
"17623"	0.87	-0.43	0.56
"17624"	0.87	-0.42	0.55
"17625"	0.87	-0.41	0.54
"17626"	0.87	-0.4	0.53
"17627"	0.87	-0.39	0.52
"17628"	0.87	-0.38	0.51
"17629"	0.87	-0.37	0.5
"17630"	0.87	-0.36	0.49
"17631"	0.87	-0.35	0.48
"17632"	0.87	-0.34	0.47
"17633"	0.87	-0.33	0.46
"17634"	0.87	-0.32	0.45
"17635"	0.87	-0.31	0.44
"17636"	0.87	-0.3	0.43
"17637"	0.87	-0.29	0.42
"17638"	0.87	-0.28	0.41
"17639"	0.87	-0.27	0.4
"17640"	0.87	-0.26	0.39
"17641"	0.87	-0.25	0.38
"17642"	0.87	-0.24	0.37
"17643"	0.87	-0.23	0.36
"17644"	0.87	-0.22	0.35
"17645"	0.87	-0.21	0.34
"17646"	0.87	-0.2	0.33
"17647"	0.87	-0.19	0.32
"17648"	0.87	-0.18	0.31
"17649"	0.87	-0.17	0.3
"17650"	0.87	-0.16	0.29
"17651"	0.87	-0.15	0.28
"17652"	0.87	-0.14	0.27
"17653"	0.87	-0.13	0.26
"17654"	0.87	-0.12	0.25
"17655"	0.87	-0.11	0.24
"17656"	0.87	-0.1	0.23
"17657"	0.87	-0.09	0.22
"17658"	0.87	-0.08	0.21
"17659"	0.87	-0.07	0.2
"17660"	0.87	-0.06	0.19
"17661"	0.87	-0.05	0.18
"17662"	0.87	-0.04	0.17
"17663"	0.87	-0.03	0.16
"17664"	0.87	-0.02	0.15
"17665"	0.87	-0.01	0.14
"17666"	0.87	0	0.13
"17667"	0.87	0.01	0.12
"17668"	0.87	0.02	0.11
"17669"	0.87	0.03	0.1
"17670"	0.87	0.04	0.09
"17671"	0.87	0.05	0.08
"17672"	0.87	0.06	0.07
"17673"	0.87	0.07	0.06
"17674"	0.87	0.08	0.05
"17675"	0.87	0.09	0.04
"17676"	0.87	0.1	0.03
"17677"	0.87	0.11	0.02
"17678"	0.87	0.12	0.01
"17679"	0.87	0.13	0
"17680"	0.87	0.14	-0.01
"17681"	0.87	0.15	-0.02
"17682"	0.87	0.16	-0.03
"17683"	0.87	0.17	-0.04
"17684"	0.87	0.18	-0.05
"17685"	0.87	0.19	-0.06
"17686"	0.87	0.2	-0.07
"17687"	0.87	0.21	-0.08
"17688"	0.87	0.22	-0.09
"17689"	0.87	0.23	-0.1
"17690"	0.87	0.24	-0.11
"17691"	0.87	0.25	-0.12
"17692"	0.87	0.26	-0.13
"17693"	0.87	0.27	-0.14
"17694"	0.87	0.28	-0.15
"17695"	0.87	0.29	-0.16
"17696"	0.87	0.3	-0.17
"17697"	0.87	0.31	-0.18
"17698"	0.87	0.32	-0.19
"17699"	0.87	0.33	-0.2
"17700"	0.87	0.34	-0.21
"17701"	0.87	0.35	-0.22
"17702"	0.87	0.36	-0.23
"17703"	0.87	0.37	-0.24
"17704"	0.87	0.38	-0.25
"17705"	0.87	0.39	-0.26
"17706"	0.87	0.4	-0.27
"17707"	0.87	0.41	-0.28
"17708"	0.87	0.42	-0.29
"17709"	0.87	0.43	-0.3
"17710"	0.87	0.44	-0.31
"17711"	0.87	0.45	-0.32
"17712"	0.87	0.46	-0.33
"17713"	0.87	0.47	-0.34
"17714"	0.87	0.48	-0.35
"17715"	0.87	0.49	-0.36
"17716"	0.87	0.5	-0.37
"17717"	0.87	0.51	-0.38
"17718"	0.87	0.52	-0.39
"17719"	0.87	0.53	-0.4
"17720"	0.87	0.54	-0.41
"17721"	0.87	0.55	-0.42
"17722"	0.87	0.56	-0.43
"17723"	0.87	0.57	-0.44
"17724"	0.87	0.58	-0.45
"17725"	0.87	0.59	-0.46
"17726"	0.87	0.6	-0.47
"17727"	0.87	0.61	-0.48
"17728"	0.87	0.62	-0.49
"17729"	0.87	0.63	-0.5
"17730"	0.87	0.64	-0.51
"17731"	0.87	0.65	-0.52
"17732"	0.87	0.66	-0.53
"17733"	0.87	0.67	-0.54
"17734"	0.87	0.68	-0.55
"17735"	0.87	0.69	-0.56
"17736"	0.87	0.7	-0.57
"17737"	0.87	0.71	-0.58
"17738"	0.87	0.72	-0.59
"17739"	0.87	0.73	-0.6
"17740"	0.87	0.74	-0.61
"17741"	0.87	0.75	-0.62
"17742"	0.87	0.76	-0.63
"17743"	0.87	0.77	-0.64
"17744"	0.87	0.78	-0.65
"17745"	0.87	0.79	-0.66
"17746"	0.87	0.8	-0.67
"17747"	0.87	0.81	-0.68
"17748"	0.87	0.82	-0.69
"17749"	0.87	0.83	-0.7
"17750"	0.87	0.84	-0.71
"17751"	0.87	0.85	-0.72
"17752"	0.87	0.86	-0.73
"17753"	0.87	0.87	-0.74
"17754"	0.87	0.88	-0.75
"17755"	0.87	0.89	-0.76
"17756"	0.87	0.9	-0.77
"17757"	0.87	0.91	-0.78
"17758"	0.87	0.92	-0.79
"17759"	0.87	0.93	-0.8
"17760"	0.87	0.94	-0.81
"17761"	0.87	0.95	-0.82
"17762"	0.87	0.96	-0.83
"17763"	0.87	0.97	-0.84
"17764"	0.87	0.98	-0.85
"17765"	0.87	0.99	-0.86
"17766"	0.87	1	-0.87
"17767"	0.88	-0.88	1
"17768"	0.88	-0.87	0.99
"17769"	0.88	-0.86	0.98
"17770"	0.88	-0.85	0.97
"17771"	0.88	-0.84	0.96
"17772"	0.88	-0.83	0.95
"17773"	0.88	-0.82	0.94
"17774"	0.88	-0.81	0.93
"17775"	0.88	-0.8	0.92
"17776"	0.88	-0.79	0.91
"17777"	0.88	-0.78	0.9
"17778"	0.88	-0.77	0.89
"17779"	0.88	-0.76	0.88
"17780"	0.88	-0.75	0.87
"17781"	0.88	-0.74	0.86
"17782"	0.88	-0.73	0.85
"17783"	0.88	-0.72	0.84
"17784"	0.88	-0.71	0.83
"17785"	0.88	-0.7	0.82
"17786"	0.88	-0.69	0.81
"17787"	0.88	-0.68	0.8
"17788"	0.88	-0.67	0.79
"17789"	0.88	-0.66	0.78
"17790"	0.88	-0.65	0.77
"17791"	0.88	-0.64	0.76
"17792"	0.88	-0.63	0.75
"17793"	0.88	-0.62	0.74
"17794"	0.88	-0.61	0.73
"17795"	0.88	-0.6	0.72
"17796"	0.88	-0.59	0.71
"17797"	0.88	-0.58	0.7
"17798"	0.88	-0.57	0.69
"17799"	0.88	-0.56	0.68
"17800"	0.88	-0.55	0.67
"17801"	0.88	-0.54	0.66
"17802"	0.88	-0.53	0.65
"17803"	0.88	-0.52	0.64
"17804"	0.88	-0.51	0.63
"17805"	0.88	-0.5	0.62
"17806"	0.88	-0.49	0.61
"17807"	0.88	-0.48	0.6
"17808"	0.88	-0.47	0.59
"17809"	0.88	-0.46	0.58
"17810"	0.88	-0.45	0.57
"17811"	0.88	-0.44	0.56
"17812"	0.88	-0.43	0.55
"17813"	0.88	-0.42	0.54
"17814"	0.88	-0.41	0.53
"17815"	0.88	-0.4	0.52
"17816"	0.88	-0.39	0.51
"17817"	0.88	-0.38	0.5
"17818"	0.88	-0.37	0.49
"17819"	0.88	-0.36	0.48
"17820"	0.88	-0.35	0.47
"17821"	0.88	-0.34	0.46
"17822"	0.88	-0.33	0.45
"17823"	0.88	-0.32	0.44
"17824"	0.88	-0.31	0.43
"17825"	0.88	-0.3	0.42
"17826"	0.88	-0.29	0.41
"17827"	0.88	-0.28	0.4
"17828"	0.88	-0.27	0.39
"17829"	0.88	-0.26	0.38
"17830"	0.88	-0.25	0.37
"17831"	0.88	-0.24	0.36
"17832"	0.88	-0.23	0.35
"17833"	0.88	-0.22	0.34
"17834"	0.88	-0.21	0.33
"17835"	0.88	-0.2	0.32
"17836"	0.88	-0.19	0.31
"17837"	0.88	-0.18	0.3
"17838"	0.88	-0.17	0.29
"17839"	0.88	-0.16	0.28
"17840"	0.88	-0.15	0.27
"17841"	0.88	-0.14	0.26
"17842"	0.88	-0.13	0.25
"17843"	0.88	-0.12	0.24
"17844"	0.88	-0.11	0.23
"17845"	0.88	-0.1	0.22
"17846"	0.88	-0.09	0.21
"17847"	0.88	-0.08	0.2
"17848"	0.88	-0.07	0.19
"17849"	0.88	-0.06	0.18
"17850"	0.88	-0.05	0.17
"17851"	0.88	-0.04	0.16
"17852"	0.88	-0.03	0.15
"17853"	0.88	-0.02	0.14
"17854"	0.88	-0.01	0.13
"17855"	0.88	0	0.12
"17856"	0.88	0.01	0.11
"17857"	0.88	0.02	0.1
"17858"	0.88	0.03	0.09
"17859"	0.88	0.04	0.08
"17860"	0.88	0.05	0.07
"17861"	0.88	0.06	0.06
"17862"	0.88	0.07	0.05
"17863"	0.88	0.08	0.04
"17864"	0.88	0.09	0.03
"17865"	0.88	0.1	0.02
"17866"	0.88	0.11	0.01
"17867"	0.88	0.12	0
"17868"	0.88	0.13	-0.01
"17869"	0.88	0.14	-0.02
"17870"	0.88	0.15	-0.03
"17871"	0.88	0.16	-0.04
"17872"	0.88	0.17	-0.05
"17873"	0.88	0.18	-0.06
"17874"	0.88	0.19	-0.07
"17875"	0.88	0.2	-0.08
"17876"	0.88	0.21	-0.09
"17877"	0.88	0.22	-0.1
"17878"	0.88	0.23	-0.11
"17879"	0.88	0.24	-0.12
"17880"	0.88	0.25	-0.13
"17881"	0.88	0.26	-0.14
"17882"	0.88	0.27	-0.15
"17883"	0.88	0.28	-0.16
"17884"	0.88	0.29	-0.17
"17885"	0.88	0.3	-0.18
"17886"	0.88	0.31	-0.19
"17887"	0.88	0.32	-0.2
"17888"	0.88	0.33	-0.21
"17889"	0.88	0.34	-0.22
"17890"	0.88	0.35	-0.23
"17891"	0.88	0.36	-0.24
"17892"	0.88	0.37	-0.25
"17893"	0.88	0.38	-0.26
"17894"	0.88	0.39	-0.27
"17895"	0.88	0.4	-0.28
"17896"	0.88	0.41	-0.29
"17897"	0.88	0.42	-0.3
"17898"	0.88	0.43	-0.31
"17899"	0.88	0.44	-0.32
"17900"	0.88	0.45	-0.33
"17901"	0.88	0.46	-0.34
"17902"	0.88	0.47	-0.35
"17903"	0.88	0.48	-0.36
"17904"	0.88	0.49	-0.37
"17905"	0.88	0.5	-0.38
"17906"	0.88	0.51	-0.39
"17907"	0.88	0.52	-0.4
"17908"	0.88	0.53	-0.41
"17909"	0.88	0.54	-0.42
"17910"	0.88	0.55	-0.43
"17911"	0.88	0.56	-0.44
"17912"	0.88	0.57	-0.45
"17913"	0.88	0.58	-0.46
"17914"	0.88	0.59	-0.47
"17915"	0.88	0.6	-0.48
"17916"	0.88	0.61	-0.49
"17917"	0.88	0.62	-0.5
"17918"	0.88	0.63	-0.51
"17919"	0.88	0.64	-0.52
"17920"	0.88	0.65	-0.53
"17921"	0.88	0.66	-0.54
"17922"	0.88	0.67	-0.55
"17923"	0.88	0.68	-0.56
"17924"	0.88	0.69	-0.57
"17925"	0.88	0.7	-0.58
"17926"	0.88	0.71	-0.59
"17927"	0.88	0.72	-0.6
"17928"	0.88	0.73	-0.61
"17929"	0.88	0.74	-0.62
"17930"	0.88	0.75	-0.63
"17931"	0.88	0.76	-0.64
"17932"	0.88	0.77	-0.65
"17933"	0.88	0.78	-0.66
"17934"	0.88	0.79	-0.67
"17935"	0.88	0.8	-0.68
"17936"	0.88	0.81	-0.69
"17937"	0.88	0.82	-0.7
"17938"	0.88	0.83	-0.71
"17939"	0.88	0.84	-0.72
"17940"	0.88	0.85	-0.73
"17941"	0.88	0.86	-0.74
"17942"	0.88	0.87	-0.75
"17943"	0.88	0.88	-0.76
"17944"	0.88	0.89	-0.77
"17945"	0.88	0.9	-0.78
"17946"	0.88	0.91	-0.79
"17947"	0.88	0.92	-0.8
"17948"	0.88	0.93	-0.81
"17949"	0.88	0.94	-0.82
"17950"	0.88	0.95	-0.83
"17951"	0.88	0.96	-0.84
"17952"	0.88	0.97	-0.85
"17953"	0.88	0.98	-0.86
"17954"	0.88	0.99	-0.87
"17955"	0.88	1	-0.88
"17956"	0.89	-0.89	1
"17957"	0.89	-0.88	0.99
"17958"	0.89	-0.87	0.98
"17959"	0.89	-0.86	0.97
"17960"	0.89	-0.85	0.96
"17961"	0.89	-0.84	0.95
"17962"	0.89	-0.83	0.94
"17963"	0.89	-0.82	0.93
"17964"	0.89	-0.81	0.92
"17965"	0.89	-0.8	0.91
"17966"	0.89	-0.79	0.9
"17967"	0.89	-0.78	0.89
"17968"	0.89	-0.77	0.88
"17969"	0.89	-0.76	0.87
"17970"	0.89	-0.75	0.86
"17971"	0.89	-0.74	0.85
"17972"	0.89	-0.73	0.84
"17973"	0.89	-0.72	0.83
"17974"	0.89	-0.71	0.82
"17975"	0.89	-0.7	0.81
"17976"	0.89	-0.69	0.8
"17977"	0.89	-0.68	0.79
"17978"	0.89	-0.67	0.78
"17979"	0.89	-0.66	0.77
"17980"	0.89	-0.65	0.76
"17981"	0.89	-0.64	0.75
"17982"	0.89	-0.63	0.74
"17983"	0.89	-0.62	0.73
"17984"	0.89	-0.61	0.72
"17985"	0.89	-0.6	0.71
"17986"	0.89	-0.59	0.7
"17987"	0.89	-0.58	0.69
"17988"	0.89	-0.57	0.68
"17989"	0.89	-0.56	0.67
"17990"	0.89	-0.55	0.66
"17991"	0.89	-0.54	0.65
"17992"	0.89	-0.53	0.64
"17993"	0.89	-0.52	0.63
"17994"	0.89	-0.51	0.62
"17995"	0.89	-0.5	0.61
"17996"	0.89	-0.49	0.6
"17997"	0.89	-0.48	0.59
"17998"	0.89	-0.47	0.58
"17999"	0.89	-0.46	0.57
"18000"	0.89	-0.45	0.56
"18001"	0.89	-0.44	0.55
"18002"	0.89	-0.43	0.54
"18003"	0.89	-0.42	0.53
"18004"	0.89	-0.41	0.52
"18005"	0.89	-0.4	0.51
"18006"	0.89	-0.39	0.5
"18007"	0.89	-0.38	0.49
"18008"	0.89	-0.37	0.48
"18009"	0.89	-0.36	0.47
"18010"	0.89	-0.35	0.46
"18011"	0.89	-0.34	0.45
"18012"	0.89	-0.33	0.44
"18013"	0.89	-0.32	0.43
"18014"	0.89	-0.31	0.42
"18015"	0.89	-0.3	0.41
"18016"	0.89	-0.29	0.4
"18017"	0.89	-0.28	0.39
"18018"	0.89	-0.27	0.38
"18019"	0.89	-0.26	0.37
"18020"	0.89	-0.25	0.36
"18021"	0.89	-0.24	0.35
"18022"	0.89	-0.23	0.34
"18023"	0.89	-0.22	0.33
"18024"	0.89	-0.21	0.32
"18025"	0.89	-0.2	0.31
"18026"	0.89	-0.19	0.3
"18027"	0.89	-0.18	0.29
"18028"	0.89	-0.17	0.28
"18029"	0.89	-0.16	0.27
"18030"	0.89	-0.15	0.26
"18031"	0.89	-0.14	0.25
"18032"	0.89	-0.13	0.24
"18033"	0.89	-0.12	0.23
"18034"	0.89	-0.11	0.22
"18035"	0.89	-0.1	0.21
"18036"	0.89	-0.09	0.2
"18037"	0.89	-0.08	0.19
"18038"	0.89	-0.07	0.18
"18039"	0.89	-0.06	0.17
"18040"	0.89	-0.05	0.16
"18041"	0.89	-0.04	0.15
"18042"	0.89	-0.03	0.14
"18043"	0.89	-0.02	0.13
"18044"	0.89	-0.01	0.12
"18045"	0.89	0	0.11
"18046"	0.89	0.01	0.1
"18047"	0.89	0.02	0.09
"18048"	0.89	0.03	0.08
"18049"	0.89	0.04	0.07
"18050"	0.89	0.05	0.06
"18051"	0.89	0.06	0.05
"18052"	0.89	0.07	0.04
"18053"	0.89	0.08	0.03
"18054"	0.89	0.09	0.02
"18055"	0.89	0.1	0.01
"18056"	0.89	0.11	0
"18057"	0.89	0.12	-0.01
"18058"	0.89	0.13	-0.02
"18059"	0.89	0.14	-0.03
"18060"	0.89	0.15	-0.04
"18061"	0.89	0.16	-0.05
"18062"	0.89	0.17	-0.06
"18063"	0.89	0.18	-0.07
"18064"	0.89	0.19	-0.08
"18065"	0.89	0.2	-0.09
"18066"	0.89	0.21	-0.1
"18067"	0.89	0.22	-0.11
"18068"	0.89	0.23	-0.12
"18069"	0.89	0.24	-0.13
"18070"	0.89	0.25	-0.14
"18071"	0.89	0.26	-0.15
"18072"	0.89	0.27	-0.16
"18073"	0.89	0.28	-0.17
"18074"	0.89	0.29	-0.18
"18075"	0.89	0.3	-0.19
"18076"	0.89	0.31	-0.2
"18077"	0.89	0.32	-0.21
"18078"	0.89	0.33	-0.22
"18079"	0.89	0.34	-0.23
"18080"	0.89	0.35	-0.24
"18081"	0.89	0.36	-0.25
"18082"	0.89	0.37	-0.26
"18083"	0.89	0.38	-0.27
"18084"	0.89	0.39	-0.28
"18085"	0.89	0.4	-0.29
"18086"	0.89	0.41	-0.3
"18087"	0.89	0.42	-0.31
"18088"	0.89	0.43	-0.32
"18089"	0.89	0.44	-0.33
"18090"	0.89	0.45	-0.34
"18091"	0.89	0.46	-0.35
"18092"	0.89	0.47	-0.36
"18093"	0.89	0.48	-0.37
"18094"	0.89	0.49	-0.38
"18095"	0.89	0.5	-0.39
"18096"	0.89	0.51	-0.4
"18097"	0.89	0.52	-0.41
"18098"	0.89	0.53	-0.42
"18099"	0.89	0.54	-0.43
"18100"	0.89	0.55	-0.44
"18101"	0.89	0.56	-0.45
"18102"	0.89	0.57	-0.46
"18103"	0.89	0.58	-0.47
"18104"	0.89	0.59	-0.48
"18105"	0.89	0.6	-0.49
"18106"	0.89	0.61	-0.5
"18107"	0.89	0.62	-0.51
"18108"	0.89	0.63	-0.52
"18109"	0.89	0.64	-0.53
"18110"	0.89	0.65	-0.54
"18111"	0.89	0.66	-0.55
"18112"	0.89	0.67	-0.56
"18113"	0.89	0.68	-0.57
"18114"	0.89	0.69	-0.58
"18115"	0.89	0.7	-0.59
"18116"	0.89	0.71	-0.6
"18117"	0.89	0.72	-0.61
"18118"	0.89	0.73	-0.62
"18119"	0.89	0.74	-0.63
"18120"	0.89	0.75	-0.64
"18121"	0.89	0.76	-0.65
"18122"	0.89	0.77	-0.66
"18123"	0.89	0.78	-0.67
"18124"	0.89	0.79	-0.68
"18125"	0.89	0.8	-0.69
"18126"	0.89	0.81	-0.7
"18127"	0.89	0.82	-0.71
"18128"	0.89	0.83	-0.72
"18129"	0.89	0.84	-0.73
"18130"	0.89	0.85	-0.74
"18131"	0.89	0.86	-0.75
"18132"	0.89	0.87	-0.76
"18133"	0.89	0.88	-0.77
"18134"	0.89	0.89	-0.78
"18135"	0.89	0.9	-0.79
"18136"	0.89	0.91	-0.8
"18137"	0.89	0.92	-0.81
"18138"	0.89	0.93	-0.82
"18139"	0.89	0.94	-0.83
"18140"	0.89	0.95	-0.84
"18141"	0.89	0.96	-0.85
"18142"	0.89	0.97	-0.86
"18143"	0.89	0.98	-0.87
"18144"	0.89	0.99	-0.88
"18145"	0.89	1	-0.89
"18146"	0.9	-0.9	1
"18147"	0.9	-0.89	0.99
"18148"	0.9	-0.88	0.98
"18149"	0.9	-0.87	0.97
"18150"	0.9	-0.86	0.96
"18151"	0.9	-0.85	0.95
"18152"	0.9	-0.84	0.94
"18153"	0.9	-0.83	0.93
"18154"	0.9	-0.82	0.92
"18155"	0.9	-0.81	0.91
"18156"	0.9	-0.8	0.9
"18157"	0.9	-0.79	0.89
"18158"	0.9	-0.78	0.88
"18159"	0.9	-0.77	0.87
"18160"	0.9	-0.76	0.86
"18161"	0.9	-0.75	0.85
"18162"	0.9	-0.74	0.84
"18163"	0.9	-0.73	0.83
"18164"	0.9	-0.72	0.82
"18165"	0.9	-0.71	0.81
"18166"	0.9	-0.7	0.8
"18167"	0.9	-0.69	0.79
"18168"	0.9	-0.68	0.78
"18169"	0.9	-0.67	0.77
"18170"	0.9	-0.66	0.76
"18171"	0.9	-0.65	0.75
"18172"	0.9	-0.64	0.74
"18173"	0.9	-0.63	0.73
"18174"	0.9	-0.62	0.72
"18175"	0.9	-0.61	0.71
"18176"	0.9	-0.6	0.7
"18177"	0.9	-0.59	0.69
"18178"	0.9	-0.58	0.68
"18179"	0.9	-0.57	0.67
"18180"	0.9	-0.56	0.66
"18181"	0.9	-0.55	0.65
"18182"	0.9	-0.54	0.64
"18183"	0.9	-0.53	0.63
"18184"	0.9	-0.52	0.62
"18185"	0.9	-0.51	0.61
"18186"	0.9	-0.5	0.6
"18187"	0.9	-0.49	0.59
"18188"	0.9	-0.48	0.58
"18189"	0.9	-0.47	0.57
"18190"	0.9	-0.46	0.56
"18191"	0.9	-0.45	0.55
"18192"	0.9	-0.44	0.54
"18193"	0.9	-0.43	0.53
"18194"	0.9	-0.42	0.52
"18195"	0.9	-0.41	0.51
"18196"	0.9	-0.4	0.5
"18197"	0.9	-0.39	0.49
"18198"	0.9	-0.38	0.48
"18199"	0.9	-0.37	0.47
"18200"	0.9	-0.36	0.46
"18201"	0.9	-0.35	0.45
"18202"	0.9	-0.34	0.44
"18203"	0.9	-0.33	0.43
"18204"	0.9	-0.32	0.42
"18205"	0.9	-0.31	0.41
"18206"	0.9	-0.3	0.4
"18207"	0.9	-0.29	0.39
"18208"	0.9	-0.28	0.38
"18209"	0.9	-0.27	0.37
"18210"	0.9	-0.26	0.36
"18211"	0.9	-0.25	0.35
"18212"	0.9	-0.24	0.34
"18213"	0.9	-0.23	0.33
"18214"	0.9	-0.22	0.32
"18215"	0.9	-0.21	0.31
"18216"	0.9	-0.2	0.3
"18217"	0.9	-0.19	0.29
"18218"	0.9	-0.18	0.28
"18219"	0.9	-0.17	0.27
"18220"	0.9	-0.16	0.26
"18221"	0.9	-0.15	0.25
"18222"	0.9	-0.14	0.24
"18223"	0.9	-0.13	0.23
"18224"	0.9	-0.12	0.22
"18225"	0.9	-0.11	0.21
"18226"	0.9	-0.1	0.2
"18227"	0.9	-0.09	0.19
"18228"	0.9	-0.08	0.18
"18229"	0.9	-0.07	0.17
"18230"	0.9	-0.06	0.16
"18231"	0.9	-0.05	0.15
"18232"	0.9	-0.04	0.14
"18233"	0.9	-0.03	0.13
"18234"	0.9	-0.02	0.12
"18235"	0.9	-0.01	0.11
"18236"	0.9	0	0.1
"18237"	0.9	0.01	0.09
"18238"	0.9	0.02	0.08
"18239"	0.9	0.03	0.07
"18240"	0.9	0.04	0.06
"18241"	0.9	0.05	0.05
"18242"	0.9	0.06	0.04
"18243"	0.9	0.07	0.03
"18244"	0.9	0.08	0.02
"18245"	0.9	0.09	0.01
"18246"	0.9	0.1	0
"18247"	0.9	0.11	-0.01
"18248"	0.9	0.12	-0.02
"18249"	0.9	0.13	-0.03
"18250"	0.9	0.14	-0.04
"18251"	0.9	0.15	-0.05
"18252"	0.9	0.16	-0.06
"18253"	0.9	0.17	-0.07
"18254"	0.9	0.18	-0.08
"18255"	0.9	0.19	-0.09
"18256"	0.9	0.2	-0.1
"18257"	0.9	0.21	-0.11
"18258"	0.9	0.22	-0.12
"18259"	0.9	0.23	-0.13
"18260"	0.9	0.24	-0.14
"18261"	0.9	0.25	-0.15
"18262"	0.9	0.26	-0.16
"18263"	0.9	0.27	-0.17
"18264"	0.9	0.28	-0.18
"18265"	0.9	0.29	-0.19
"18266"	0.9	0.3	-0.2
"18267"	0.9	0.31	-0.21
"18268"	0.9	0.32	-0.22
"18269"	0.9	0.33	-0.23
"18270"	0.9	0.34	-0.24
"18271"	0.9	0.35	-0.25
"18272"	0.9	0.36	-0.26
"18273"	0.9	0.37	-0.27
"18274"	0.9	0.38	-0.28
"18275"	0.9	0.39	-0.29
"18276"	0.9	0.4	-0.3
"18277"	0.9	0.41	-0.31
"18278"	0.9	0.42	-0.32
"18279"	0.9	0.43	-0.33
"18280"	0.9	0.44	-0.34
"18281"	0.9	0.45	-0.35
"18282"	0.9	0.46	-0.36
"18283"	0.9	0.47	-0.37
"18284"	0.9	0.48	-0.38
"18285"	0.9	0.49	-0.39
"18286"	0.9	0.5	-0.4
"18287"	0.9	0.51	-0.41
"18288"	0.9	0.52	-0.42
"18289"	0.9	0.53	-0.43
"18290"	0.9	0.54	-0.44
"18291"	0.9	0.55	-0.45
"18292"	0.9	0.56	-0.46
"18293"	0.9	0.57	-0.47
"18294"	0.9	0.58	-0.48
"18295"	0.9	0.59	-0.49
"18296"	0.9	0.6	-0.5
"18297"	0.9	0.61	-0.51
"18298"	0.9	0.62	-0.52
"18299"	0.9	0.63	-0.53
"18300"	0.9	0.64	-0.54
"18301"	0.9	0.65	-0.55
"18302"	0.9	0.66	-0.56
"18303"	0.9	0.67	-0.57
"18304"	0.9	0.68	-0.58
"18305"	0.9	0.69	-0.59
"18306"	0.9	0.7	-0.6
"18307"	0.9	0.71	-0.61
"18308"	0.9	0.72	-0.62
"18309"	0.9	0.73	-0.63
"18310"	0.9	0.74	-0.64
"18311"	0.9	0.75	-0.65
"18312"	0.9	0.76	-0.66
"18313"	0.9	0.77	-0.67
"18314"	0.9	0.78	-0.68
"18315"	0.9	0.79	-0.69
"18316"	0.9	0.8	-0.7
"18317"	0.9	0.81	-0.71
"18318"	0.9	0.82	-0.72
"18319"	0.9	0.83	-0.73
"18320"	0.9	0.84	-0.74
"18321"	0.9	0.85	-0.75
"18322"	0.9	0.86	-0.76
"18323"	0.9	0.87	-0.77
"18324"	0.9	0.88	-0.78
"18325"	0.9	0.89	-0.79
"18326"	0.9	0.9	-0.8
"18327"	0.9	0.91	-0.81
"18328"	0.9	0.92	-0.82
"18329"	0.9	0.93	-0.83
"18330"	0.9	0.94	-0.84
"18331"	0.9	0.95	-0.85
"18332"	0.9	0.96	-0.86
"18333"	0.9	0.97	-0.87
"18334"	0.9	0.98	-0.88
"18335"	0.9	0.99	-0.89
"18336"	0.9	1	-0.9
"18337"	0.91	-0.91	1
"18338"	0.91	-0.9	0.99
"18339"	0.91	-0.89	0.98
"18340"	0.91	-0.88	0.97
"18341"	0.91	-0.87	0.96
"18342"	0.91	-0.86	0.95
"18343"	0.91	-0.85	0.94
"18344"	0.91	-0.84	0.93
"18345"	0.91	-0.83	0.92
"18346"	0.91	-0.82	0.91
"18347"	0.91	-0.81	0.9
"18348"	0.91	-0.8	0.89
"18349"	0.91	-0.79	0.88
"18350"	0.91	-0.78	0.87
"18351"	0.91	-0.77	0.86
"18352"	0.91	-0.76	0.85
"18353"	0.91	-0.75	0.84
"18354"	0.91	-0.74	0.83
"18355"	0.91	-0.73	0.82
"18356"	0.91	-0.72	0.81
"18357"	0.91	-0.71	0.8
"18358"	0.91	-0.7	0.79
"18359"	0.91	-0.69	0.78
"18360"	0.91	-0.68	0.77
"18361"	0.91	-0.67	0.76
"18362"	0.91	-0.66	0.75
"18363"	0.91	-0.65	0.74
"18364"	0.91	-0.64	0.73
"18365"	0.91	-0.63	0.72
"18366"	0.91	-0.62	0.71
"18367"	0.91	-0.61	0.7
"18368"	0.91	-0.6	0.69
"18369"	0.91	-0.59	0.68
"18370"	0.91	-0.58	0.67
"18371"	0.91	-0.57	0.66
"18372"	0.91	-0.56	0.65
"18373"	0.91	-0.55	0.64
"18374"	0.91	-0.54	0.63
"18375"	0.91	-0.53	0.62
"18376"	0.91	-0.52	0.61
"18377"	0.91	-0.51	0.6
"18378"	0.91	-0.5	0.59
"18379"	0.91	-0.49	0.58
"18380"	0.91	-0.48	0.57
"18381"	0.91	-0.47	0.56
"18382"	0.91	-0.46	0.55
"18383"	0.91	-0.45	0.54
"18384"	0.91	-0.44	0.53
"18385"	0.91	-0.43	0.52
"18386"	0.91	-0.42	0.51
"18387"	0.91	-0.41	0.5
"18388"	0.91	-0.4	0.49
"18389"	0.91	-0.39	0.48
"18390"	0.91	-0.38	0.47
"18391"	0.91	-0.37	0.46
"18392"	0.91	-0.36	0.45
"18393"	0.91	-0.35	0.44
"18394"	0.91	-0.34	0.43
"18395"	0.91	-0.33	0.42
"18396"	0.91	-0.32	0.41
"18397"	0.91	-0.31	0.4
"18398"	0.91	-0.3	0.39
"18399"	0.91	-0.29	0.38
"18400"	0.91	-0.28	0.37
"18401"	0.91	-0.27	0.36
"18402"	0.91	-0.26	0.35
"18403"	0.91	-0.25	0.34
"18404"	0.91	-0.24	0.33
"18405"	0.91	-0.23	0.32
"18406"	0.91	-0.22	0.31
"18407"	0.91	-0.21	0.3
"18408"	0.91	-0.2	0.29
"18409"	0.91	-0.19	0.28
"18410"	0.91	-0.18	0.27
"18411"	0.91	-0.17	0.26
"18412"	0.91	-0.16	0.25
"18413"	0.91	-0.15	0.24
"18414"	0.91	-0.14	0.23
"18415"	0.91	-0.13	0.22
"18416"	0.91	-0.12	0.21
"18417"	0.91	-0.11	0.2
"18418"	0.91	-0.1	0.19
"18419"	0.91	-0.09	0.18
"18420"	0.91	-0.08	0.17
"18421"	0.91	-0.07	0.16
"18422"	0.91	-0.06	0.15
"18423"	0.91	-0.05	0.14
"18424"	0.91	-0.04	0.13
"18425"	0.91	-0.03	0.12
"18426"	0.91	-0.02	0.11
"18427"	0.91	-0.01	0.1
"18428"	0.91	0	0.09
"18429"	0.91	0.01	0.08
"18430"	0.91	0.02	0.07
"18431"	0.91	0.03	0.06
"18432"	0.91	0.04	0.05
"18433"	0.91	0.05	0.04
"18434"	0.91	0.06	0.03
"18435"	0.91	0.07	0.02
"18436"	0.91	0.08	0.01
"18437"	0.91	0.09	0
"18438"	0.91	0.1	-0.01
"18439"	0.91	0.11	-0.02
"18440"	0.91	0.12	-0.03
"18441"	0.91	0.13	-0.04
"18442"	0.91	0.14	-0.05
"18443"	0.91	0.15	-0.06
"18444"	0.91	0.16	-0.07
"18445"	0.91	0.17	-0.08
"18446"	0.91	0.18	-0.09
"18447"	0.91	0.19	-0.1
"18448"	0.91	0.2	-0.11
"18449"	0.91	0.21	-0.12
"18450"	0.91	0.22	-0.13
"18451"	0.91	0.23	-0.14
"18452"	0.91	0.24	-0.15
"18453"	0.91	0.25	-0.16
"18454"	0.91	0.26	-0.17
"18455"	0.91	0.27	-0.18
"18456"	0.91	0.28	-0.19
"18457"	0.91	0.29	-0.2
"18458"	0.91	0.3	-0.21
"18459"	0.91	0.31	-0.22
"18460"	0.91	0.32	-0.23
"18461"	0.91	0.33	-0.24
"18462"	0.91	0.34	-0.25
"18463"	0.91	0.35	-0.26
"18464"	0.91	0.36	-0.27
"18465"	0.91	0.37	-0.28
"18466"	0.91	0.38	-0.29
"18467"	0.91	0.39	-0.3
"18468"	0.91	0.4	-0.31
"18469"	0.91	0.41	-0.32
"18470"	0.91	0.42	-0.33
"18471"	0.91	0.43	-0.34
"18472"	0.91	0.44	-0.35
"18473"	0.91	0.45	-0.36
"18474"	0.91	0.46	-0.37
"18475"	0.91	0.47	-0.38
"18476"	0.91	0.48	-0.39
"18477"	0.91	0.49	-0.4
"18478"	0.91	0.5	-0.41
"18479"	0.91	0.51	-0.42
"18480"	0.91	0.52	-0.43
"18481"	0.91	0.53	-0.44
"18482"	0.91	0.54	-0.45
"18483"	0.91	0.55	-0.46
"18484"	0.91	0.56	-0.47
"18485"	0.91	0.57	-0.48
"18486"	0.91	0.58	-0.49
"18487"	0.91	0.59	-0.5
"18488"	0.91	0.6	-0.51
"18489"	0.91	0.61	-0.52
"18490"	0.91	0.62	-0.53
"18491"	0.91	0.63	-0.54
"18492"	0.91	0.64	-0.55
"18493"	0.91	0.65	-0.56
"18494"	0.91	0.66	-0.57
"18495"	0.91	0.67	-0.58
"18496"	0.91	0.68	-0.59
"18497"	0.91	0.69	-0.6
"18498"	0.91	0.7	-0.61
"18499"	0.91	0.71	-0.62
"18500"	0.91	0.72	-0.63
"18501"	0.91	0.73	-0.64
"18502"	0.91	0.74	-0.65
"18503"	0.91	0.75	-0.66
"18504"	0.91	0.76	-0.67
"18505"	0.91	0.77	-0.68
"18506"	0.91	0.78	-0.69
"18507"	0.91	0.79	-0.7
"18508"	0.91	0.8	-0.71
"18509"	0.91	0.81	-0.72
"18510"	0.91	0.82	-0.73
"18511"	0.91	0.83	-0.74
"18512"	0.91	0.84	-0.75
"18513"	0.91	0.85	-0.76
"18514"	0.91	0.86	-0.77
"18515"	0.91	0.87	-0.78
"18516"	0.91	0.88	-0.79
"18517"	0.91	0.89	-0.8
"18518"	0.91	0.9	-0.81
"18519"	0.91	0.91	-0.82
"18520"	0.91	0.92	-0.83
"18521"	0.91	0.93	-0.84
"18522"	0.91	0.94	-0.85
"18523"	0.91	0.95	-0.86
"18524"	0.91	0.96	-0.87
"18525"	0.91	0.97	-0.88
"18526"	0.91	0.98	-0.89
"18527"	0.91	0.99	-0.9
"18528"	0.91	1	-0.91
"18529"	0.92	-0.92	1
"18530"	0.92	-0.91	0.99
"18531"	0.92	-0.9	0.98
"18532"	0.92	-0.89	0.97
"18533"	0.92	-0.88	0.96
"18534"	0.92	-0.87	0.95
"18535"	0.92	-0.86	0.94
"18536"	0.92	-0.85	0.93
"18537"	0.92	-0.84	0.92
"18538"	0.92	-0.83	0.91
"18539"	0.92	-0.82	0.9
"18540"	0.92	-0.81	0.89
"18541"	0.92	-0.8	0.88
"18542"	0.92	-0.79	0.87
"18543"	0.92	-0.78	0.86
"18544"	0.92	-0.77	0.85
"18545"	0.92	-0.76	0.84
"18546"	0.92	-0.75	0.83
"18547"	0.92	-0.74	0.82
"18548"	0.92	-0.73	0.81
"18549"	0.92	-0.72	0.8
"18550"	0.92	-0.71	0.79
"18551"	0.92	-0.7	0.78
"18552"	0.92	-0.69	0.77
"18553"	0.92	-0.68	0.76
"18554"	0.92	-0.67	0.75
"18555"	0.92	-0.66	0.74
"18556"	0.92	-0.65	0.73
"18557"	0.92	-0.64	0.72
"18558"	0.92	-0.63	0.71
"18559"	0.92	-0.62	0.7
"18560"	0.92	-0.61	0.69
"18561"	0.92	-0.6	0.68
"18562"	0.92	-0.59	0.67
"18563"	0.92	-0.58	0.66
"18564"	0.92	-0.57	0.65
"18565"	0.92	-0.56	0.64
"18566"	0.92	-0.55	0.63
"18567"	0.92	-0.54	0.62
"18568"	0.92	-0.53	0.61
"18569"	0.92	-0.52	0.6
"18570"	0.92	-0.51	0.59
"18571"	0.92	-0.5	0.58
"18572"	0.92	-0.49	0.57
"18573"	0.92	-0.48	0.56
"18574"	0.92	-0.47	0.55
"18575"	0.92	-0.46	0.54
"18576"	0.92	-0.45	0.53
"18577"	0.92	-0.44	0.52
"18578"	0.92	-0.43	0.51
"18579"	0.92	-0.42	0.5
"18580"	0.92	-0.41	0.49
"18581"	0.92	-0.4	0.48
"18582"	0.92	-0.39	0.47
"18583"	0.92	-0.38	0.46
"18584"	0.92	-0.37	0.45
"18585"	0.92	-0.36	0.44
"18586"	0.92	-0.35	0.43
"18587"	0.92	-0.34	0.42
"18588"	0.92	-0.33	0.41
"18589"	0.92	-0.32	0.4
"18590"	0.92	-0.31	0.39
"18591"	0.92	-0.3	0.38
"18592"	0.92	-0.29	0.37
"18593"	0.92	-0.28	0.36
"18594"	0.92	-0.27	0.35
"18595"	0.92	-0.26	0.34
"18596"	0.92	-0.25	0.33
"18597"	0.92	-0.24	0.32
"18598"	0.92	-0.23	0.31
"18599"	0.92	-0.22	0.3
"18600"	0.92	-0.21	0.29
"18601"	0.92	-0.2	0.28
"18602"	0.92	-0.19	0.27
"18603"	0.92	-0.18	0.26
"18604"	0.92	-0.17	0.25
"18605"	0.92	-0.16	0.24
"18606"	0.92	-0.15	0.23
"18607"	0.92	-0.14	0.22
"18608"	0.92	-0.13	0.21
"18609"	0.92	-0.12	0.2
"18610"	0.92	-0.11	0.19
"18611"	0.92	-0.1	0.18
"18612"	0.92	-0.09	0.17
"18613"	0.92	-0.08	0.16
"18614"	0.92	-0.07	0.15
"18615"	0.92	-0.06	0.14
"18616"	0.92	-0.05	0.13
"18617"	0.92	-0.04	0.12
"18618"	0.92	-0.03	0.11
"18619"	0.92	-0.02	0.1
"18620"	0.92	-0.01	0.09
"18621"	0.92	0	0.08
"18622"	0.92	0.01	0.07
"18623"	0.92	0.02	0.06
"18624"	0.92	0.03	0.05
"18625"	0.92	0.04	0.04
"18626"	0.92	0.05	0.03
"18627"	0.92	0.06	0.02
"18628"	0.92	0.07	0.01
"18629"	0.92	0.08	0
"18630"	0.92	0.09	-0.01
"18631"	0.92	0.1	-0.02
"18632"	0.92	0.11	-0.03
"18633"	0.92	0.12	-0.04
"18634"	0.92	0.13	-0.05
"18635"	0.92	0.14	-0.06
"18636"	0.92	0.15	-0.07
"18637"	0.92	0.16	-0.08
"18638"	0.92	0.17	-0.09
"18639"	0.92	0.18	-0.1
"18640"	0.92	0.19	-0.11
"18641"	0.92	0.2	-0.12
"18642"	0.92	0.21	-0.13
"18643"	0.92	0.22	-0.14
"18644"	0.92	0.23	-0.15
"18645"	0.92	0.24	-0.16
"18646"	0.92	0.25	-0.17
"18647"	0.92	0.26	-0.18
"18648"	0.92	0.27	-0.19
"18649"	0.92	0.28	-0.2
"18650"	0.92	0.29	-0.21
"18651"	0.92	0.3	-0.22
"18652"	0.92	0.31	-0.23
"18653"	0.92	0.32	-0.24
"18654"	0.92	0.33	-0.25
"18655"	0.92	0.34	-0.26
"18656"	0.92	0.35	-0.27
"18657"	0.92	0.36	-0.28
"18658"	0.92	0.37	-0.29
"18659"	0.92	0.38	-0.3
"18660"	0.92	0.39	-0.31
"18661"	0.92	0.4	-0.32
"18662"	0.92	0.41	-0.33
"18663"	0.92	0.42	-0.34
"18664"	0.92	0.43	-0.35
"18665"	0.92	0.44	-0.36
"18666"	0.92	0.45	-0.37
"18667"	0.92	0.46	-0.38
"18668"	0.92	0.47	-0.39
"18669"	0.92	0.48	-0.4
"18670"	0.92	0.49	-0.41
"18671"	0.92	0.5	-0.42
"18672"	0.92	0.51	-0.43
"18673"	0.92	0.52	-0.44
"18674"	0.92	0.53	-0.45
"18675"	0.92	0.54	-0.46
"18676"	0.92	0.55	-0.47
"18677"	0.92	0.56	-0.48
"18678"	0.92	0.57	-0.49
"18679"	0.92	0.58	-0.5
"18680"	0.92	0.59	-0.51
"18681"	0.92	0.6	-0.52
"18682"	0.92	0.61	-0.53
"18683"	0.92	0.62	-0.54
"18684"	0.92	0.63	-0.55
"18685"	0.92	0.64	-0.56
"18686"	0.92	0.65	-0.57
"18687"	0.92	0.66	-0.58
"18688"	0.92	0.67	-0.59
"18689"	0.92	0.68	-0.6
"18690"	0.92	0.69	-0.61
"18691"	0.92	0.7	-0.62
"18692"	0.92	0.71	-0.63
"18693"	0.92	0.72	-0.64
"18694"	0.92	0.73	-0.65
"18695"	0.92	0.74	-0.66
"18696"	0.92	0.75	-0.67
"18697"	0.92	0.76	-0.68
"18698"	0.92	0.77	-0.69
"18699"	0.92	0.78	-0.7
"18700"	0.92	0.79	-0.71
"18701"	0.92	0.8	-0.72
"18702"	0.92	0.81	-0.73
"18703"	0.92	0.82	-0.74
"18704"	0.92	0.83	-0.75
"18705"	0.92	0.84	-0.76
"18706"	0.92	0.85	-0.77
"18707"	0.92	0.86	-0.78
"18708"	0.92	0.87	-0.79
"18709"	0.92	0.88	-0.8
"18710"	0.92	0.89	-0.81
"18711"	0.92	0.9	-0.82
"18712"	0.92	0.91	-0.83
"18713"	0.92	0.92	-0.84
"18714"	0.92	0.93	-0.85
"18715"	0.92	0.94	-0.86
"18716"	0.92	0.95	-0.87
"18717"	0.92	0.96	-0.88
"18718"	0.92	0.97	-0.89
"18719"	0.92	0.98	-0.9
"18720"	0.92	0.99	-0.91
"18721"	0.92	1	-0.92
"18722"	0.93	-0.93	1
"18723"	0.93	-0.92	0.99
"18724"	0.93	-0.91	0.98
"18725"	0.93	-0.9	0.97
"18726"	0.93	-0.89	0.96
"18727"	0.93	-0.88	0.95
"18728"	0.93	-0.87	0.94
"18729"	0.93	-0.86	0.93
"18730"	0.93	-0.85	0.92
"18731"	0.93	-0.84	0.91
"18732"	0.93	-0.83	0.9
"18733"	0.93	-0.82	0.89
"18734"	0.93	-0.81	0.88
"18735"	0.93	-0.8	0.87
"18736"	0.93	-0.79	0.86
"18737"	0.93	-0.78	0.85
"18738"	0.93	-0.77	0.84
"18739"	0.93	-0.76	0.83
"18740"	0.93	-0.75	0.82
"18741"	0.93	-0.74	0.81
"18742"	0.93	-0.73	0.8
"18743"	0.93	-0.72	0.79
"18744"	0.93	-0.71	0.78
"18745"	0.93	-0.7	0.77
"18746"	0.93	-0.69	0.76
"18747"	0.93	-0.68	0.75
"18748"	0.93	-0.67	0.74
"18749"	0.93	-0.66	0.73
"18750"	0.93	-0.65	0.72
"18751"	0.93	-0.64	0.71
"18752"	0.93	-0.63	0.7
"18753"	0.93	-0.62	0.69
"18754"	0.93	-0.61	0.68
"18755"	0.93	-0.6	0.67
"18756"	0.93	-0.59	0.66
"18757"	0.93	-0.58	0.65
"18758"	0.93	-0.57	0.64
"18759"	0.93	-0.56	0.63
"18760"	0.93	-0.55	0.62
"18761"	0.93	-0.54	0.61
"18762"	0.93	-0.53	0.6
"18763"	0.93	-0.52	0.59
"18764"	0.93	-0.51	0.58
"18765"	0.93	-0.5	0.57
"18766"	0.93	-0.49	0.56
"18767"	0.93	-0.48	0.55
"18768"	0.93	-0.47	0.54
"18769"	0.93	-0.46	0.53
"18770"	0.93	-0.45	0.52
"18771"	0.93	-0.44	0.51
"18772"	0.93	-0.43	0.5
"18773"	0.93	-0.42	0.49
"18774"	0.93	-0.41	0.48
"18775"	0.93	-0.4	0.47
"18776"	0.93	-0.39	0.46
"18777"	0.93	-0.38	0.45
"18778"	0.93	-0.37	0.44
"18779"	0.93	-0.36	0.43
"18780"	0.93	-0.35	0.42
"18781"	0.93	-0.34	0.41
"18782"	0.93	-0.33	0.4
"18783"	0.93	-0.32	0.39
"18784"	0.93	-0.31	0.38
"18785"	0.93	-0.3	0.37
"18786"	0.93	-0.29	0.36
"18787"	0.93	-0.28	0.35
"18788"	0.93	-0.27	0.34
"18789"	0.93	-0.26	0.33
"18790"	0.93	-0.25	0.32
"18791"	0.93	-0.24	0.31
"18792"	0.93	-0.23	0.3
"18793"	0.93	-0.22	0.29
"18794"	0.93	-0.21	0.28
"18795"	0.93	-0.2	0.27
"18796"	0.93	-0.19	0.26
"18797"	0.93	-0.18	0.25
"18798"	0.93	-0.17	0.24
"18799"	0.93	-0.16	0.23
"18800"	0.93	-0.15	0.22
"18801"	0.93	-0.14	0.21
"18802"	0.93	-0.13	0.2
"18803"	0.93	-0.12	0.19
"18804"	0.93	-0.11	0.18
"18805"	0.93	-0.1	0.17
"18806"	0.93	-0.09	0.16
"18807"	0.93	-0.08	0.15
"18808"	0.93	-0.07	0.14
"18809"	0.93	-0.06	0.13
"18810"	0.93	-0.05	0.12
"18811"	0.93	-0.04	0.11
"18812"	0.93	-0.03	0.1
"18813"	0.93	-0.02	0.09
"18814"	0.93	-0.01	0.08
"18815"	0.93	0	0.07
"18816"	0.93	0.01	0.06
"18817"	0.93	0.02	0.05
"18818"	0.93	0.03	0.04
"18819"	0.93	0.04	0.03
"18820"	0.93	0.05	0.02
"18821"	0.93	0.06	0.01
"18822"	0.93	0.07	0
"18823"	0.93	0.08	-0.01
"18824"	0.93	0.09	-0.02
"18825"	0.93	0.1	-0.03
"18826"	0.93	0.11	-0.04
"18827"	0.93	0.12	-0.05
"18828"	0.93	0.13	-0.06
"18829"	0.93	0.14	-0.07
"18830"	0.93	0.15	-0.08
"18831"	0.93	0.16	-0.09
"18832"	0.93	0.17	-0.1
"18833"	0.93	0.18	-0.11
"18834"	0.93	0.19	-0.12
"18835"	0.93	0.2	-0.13
"18836"	0.93	0.21	-0.14
"18837"	0.93	0.22	-0.15
"18838"	0.93	0.23	-0.16
"18839"	0.93	0.24	-0.17
"18840"	0.93	0.25	-0.18
"18841"	0.93	0.26	-0.19
"18842"	0.93	0.27	-0.2
"18843"	0.93	0.28	-0.21
"18844"	0.93	0.29	-0.22
"18845"	0.93	0.3	-0.23
"18846"	0.93	0.31	-0.24
"18847"	0.93	0.32	-0.25
"18848"	0.93	0.33	-0.26
"18849"	0.93	0.34	-0.27
"18850"	0.93	0.35	-0.28
"18851"	0.93	0.36	-0.29
"18852"	0.93	0.37	-0.3
"18853"	0.93	0.38	-0.31
"18854"	0.93	0.39	-0.32
"18855"	0.93	0.4	-0.33
"18856"	0.93	0.41	-0.34
"18857"	0.93	0.42	-0.35
"18858"	0.93	0.43	-0.36
"18859"	0.93	0.44	-0.37
"18860"	0.93	0.45	-0.38
"18861"	0.93	0.46	-0.39
"18862"	0.93	0.47	-0.4
"18863"	0.93	0.48	-0.41
"18864"	0.93	0.49	-0.42
"18865"	0.93	0.5	-0.43
"18866"	0.93	0.51	-0.44
"18867"	0.93	0.52	-0.45
"18868"	0.93	0.53	-0.46
"18869"	0.93	0.54	-0.47
"18870"	0.93	0.55	-0.48
"18871"	0.93	0.56	-0.49
"18872"	0.93	0.57	-0.5
"18873"	0.93	0.58	-0.51
"18874"	0.93	0.59	-0.52
"18875"	0.93	0.6	-0.53
"18876"	0.93	0.61	-0.54
"18877"	0.93	0.62	-0.55
"18878"	0.93	0.63	-0.56
"18879"	0.93	0.64	-0.57
"18880"	0.93	0.65	-0.58
"18881"	0.93	0.66	-0.59
"18882"	0.93	0.67	-0.6
"18883"	0.93	0.68	-0.61
"18884"	0.93	0.69	-0.62
"18885"	0.93	0.7	-0.63
"18886"	0.93	0.71	-0.64
"18887"	0.93	0.72	-0.65
"18888"	0.93	0.73	-0.66
"18889"	0.93	0.74	-0.67
"18890"	0.93	0.75	-0.68
"18891"	0.93	0.76	-0.69
"18892"	0.93	0.77	-0.7
"18893"	0.93	0.78	-0.71
"18894"	0.93	0.79	-0.72
"18895"	0.93	0.8	-0.73
"18896"	0.93	0.81	-0.74
"18897"	0.93	0.82	-0.75
"18898"	0.93	0.83	-0.76
"18899"	0.93	0.84	-0.77
"18900"	0.93	0.85	-0.78
"18901"	0.93	0.86	-0.79
"18902"	0.93	0.87	-0.8
"18903"	0.93	0.88	-0.81
"18904"	0.93	0.89	-0.82
"18905"	0.93	0.9	-0.83
"18906"	0.93	0.91	-0.84
"18907"	0.93	0.92	-0.85
"18908"	0.93	0.93	-0.86
"18909"	0.93	0.94	-0.87
"18910"	0.93	0.95	-0.88
"18911"	0.93	0.96	-0.89
"18912"	0.93	0.97	-0.9
"18913"	0.93	0.98	-0.91
"18914"	0.93	0.99	-0.92
"18915"	0.93	1	-0.93
"18916"	0.94	-0.94	1
"18917"	0.94	-0.93	0.99
"18918"	0.94	-0.92	0.98
"18919"	0.94	-0.91	0.97
"18920"	0.94	-0.9	0.96
"18921"	0.94	-0.89	0.95
"18922"	0.94	-0.88	0.94
"18923"	0.94	-0.87	0.93
"18924"	0.94	-0.86	0.92
"18925"	0.94	-0.85	0.91
"18926"	0.94	-0.84	0.9
"18927"	0.94	-0.83	0.89
"18928"	0.94	-0.82	0.88
"18929"	0.94	-0.81	0.87
"18930"	0.94	-0.8	0.86
"18931"	0.94	-0.79	0.85
"18932"	0.94	-0.78	0.84
"18933"	0.94	-0.77	0.83
"18934"	0.94	-0.76	0.82
"18935"	0.94	-0.75	0.81
"18936"	0.94	-0.74	0.8
"18937"	0.94	-0.73	0.79
"18938"	0.94	-0.72	0.78
"18939"	0.94	-0.71	0.77
"18940"	0.94	-0.7	0.76
"18941"	0.94	-0.69	0.75
"18942"	0.94	-0.68	0.74
"18943"	0.94	-0.67	0.73
"18944"	0.94	-0.66	0.72
"18945"	0.94	-0.65	0.71
"18946"	0.94	-0.64	0.7
"18947"	0.94	-0.63	0.69
"18948"	0.94	-0.62	0.68
"18949"	0.94	-0.61	0.67
"18950"	0.94	-0.6	0.66
"18951"	0.94	-0.59	0.65
"18952"	0.94	-0.58	0.64
"18953"	0.94	-0.57	0.63
"18954"	0.94	-0.56	0.62
"18955"	0.94	-0.55	0.61
"18956"	0.94	-0.54	0.6
"18957"	0.94	-0.53	0.59
"18958"	0.94	-0.52	0.58
"18959"	0.94	-0.51	0.57
"18960"	0.94	-0.5	0.56
"18961"	0.94	-0.49	0.55
"18962"	0.94	-0.48	0.54
"18963"	0.94	-0.47	0.53
"18964"	0.94	-0.46	0.52
"18965"	0.94	-0.45	0.51
"18966"	0.94	-0.44	0.5
"18967"	0.94	-0.43	0.49
"18968"	0.94	-0.42	0.48
"18969"	0.94	-0.41	0.47
"18970"	0.94	-0.4	0.46
"18971"	0.94	-0.39	0.45
"18972"	0.94	-0.38	0.44
"18973"	0.94	-0.37	0.43
"18974"	0.94	-0.36	0.42
"18975"	0.94	-0.35	0.41
"18976"	0.94	-0.34	0.4
"18977"	0.94	-0.33	0.39
"18978"	0.94	-0.32	0.38
"18979"	0.94	-0.31	0.37
"18980"	0.94	-0.3	0.36
"18981"	0.94	-0.29	0.35
"18982"	0.94	-0.28	0.34
"18983"	0.94	-0.27	0.33
"18984"	0.94	-0.26	0.32
"18985"	0.94	-0.25	0.31
"18986"	0.94	-0.24	0.3
"18987"	0.94	-0.23	0.29
"18988"	0.94	-0.22	0.28
"18989"	0.94	-0.21	0.27
"18990"	0.94	-0.2	0.26
"18991"	0.94	-0.19	0.25
"18992"	0.94	-0.18	0.24
"18993"	0.94	-0.17	0.23
"18994"	0.94	-0.16	0.22
"18995"	0.94	-0.15	0.21
"18996"	0.94	-0.14	0.2
"18997"	0.94	-0.13	0.19
"18998"	0.94	-0.12	0.18
"18999"	0.94	-0.11	0.17
"19000"	0.94	-0.1	0.16
"19001"	0.94	-0.09	0.15
"19002"	0.94	-0.08	0.14
"19003"	0.94	-0.07	0.13
"19004"	0.94	-0.06	0.12
"19005"	0.94	-0.05	0.11
"19006"	0.94	-0.04	0.1
"19007"	0.94	-0.03	0.09
"19008"	0.94	-0.02	0.08
"19009"	0.94	-0.01	0.07
"19010"	0.94	0	0.06
"19011"	0.94	0.01	0.05
"19012"	0.94	0.02	0.04
"19013"	0.94	0.03	0.03
"19014"	0.94	0.04	0.02
"19015"	0.94	0.05	0.01
"19016"	0.94	0.06	0
"19017"	0.94	0.07	-0.01
"19018"	0.94	0.08	-0.02
"19019"	0.94	0.09	-0.03
"19020"	0.94	0.1	-0.04
"19021"	0.94	0.11	-0.05
"19022"	0.94	0.12	-0.06
"19023"	0.94	0.13	-0.07
"19024"	0.94	0.14	-0.08
"19025"	0.94	0.15	-0.09
"19026"	0.94	0.16	-0.1
"19027"	0.94	0.17	-0.11
"19028"	0.94	0.18	-0.12
"19029"	0.94	0.19	-0.13
"19030"	0.94	0.2	-0.14
"19031"	0.94	0.21	-0.15
"19032"	0.94	0.22	-0.16
"19033"	0.94	0.23	-0.17
"19034"	0.94	0.24	-0.18
"19035"	0.94	0.25	-0.19
"19036"	0.94	0.26	-0.2
"19037"	0.94	0.27	-0.21
"19038"	0.94	0.28	-0.22
"19039"	0.94	0.29	-0.23
"19040"	0.94	0.3	-0.24
"19041"	0.94	0.31	-0.25
"19042"	0.94	0.32	-0.26
"19043"	0.94	0.33	-0.27
"19044"	0.94	0.34	-0.28
"19045"	0.94	0.35	-0.29
"19046"	0.94	0.36	-0.3
"19047"	0.94	0.37	-0.31
"19048"	0.94	0.38	-0.32
"19049"	0.94	0.39	-0.33
"19050"	0.94	0.4	-0.34
"19051"	0.94	0.41	-0.35
"19052"	0.94	0.42	-0.36
"19053"	0.94	0.43	-0.37
"19054"	0.94	0.44	-0.38
"19055"	0.94	0.45	-0.39
"19056"	0.94	0.46	-0.4
"19057"	0.94	0.47	-0.41
"19058"	0.94	0.48	-0.42
"19059"	0.94	0.49	-0.43
"19060"	0.94	0.5	-0.44
"19061"	0.94	0.51	-0.45
"19062"	0.94	0.52	-0.46
"19063"	0.94	0.53	-0.47
"19064"	0.94	0.54	-0.48
"19065"	0.94	0.55	-0.49
"19066"	0.94	0.56	-0.5
"19067"	0.94	0.57	-0.51
"19068"	0.94	0.58	-0.52
"19069"	0.94	0.59	-0.53
"19070"	0.94	0.6	-0.54
"19071"	0.94	0.61	-0.55
"19072"	0.94	0.62	-0.56
"19073"	0.94	0.63	-0.57
"19074"	0.94	0.64	-0.58
"19075"	0.94	0.65	-0.59
"19076"	0.94	0.66	-0.6
"19077"	0.94	0.67	-0.61
"19078"	0.94	0.68	-0.62
"19079"	0.94	0.69	-0.63
"19080"	0.94	0.7	-0.64
"19081"	0.94	0.71	-0.65
"19082"	0.94	0.72	-0.66
"19083"	0.94	0.73	-0.67
"19084"	0.94	0.74	-0.68
"19085"	0.94	0.75	-0.69
"19086"	0.94	0.76	-0.7
"19087"	0.94	0.77	-0.71
"19088"	0.94	0.78	-0.72
"19089"	0.94	0.79	-0.73
"19090"	0.94	0.8	-0.74
"19091"	0.94	0.81	-0.75
"19092"	0.94	0.82	-0.76
"19093"	0.94	0.83	-0.77
"19094"	0.94	0.84	-0.78
"19095"	0.94	0.85	-0.79
"19096"	0.94	0.86	-0.8
"19097"	0.94	0.87	-0.81
"19098"	0.94	0.88	-0.82
"19099"	0.94	0.89	-0.83
"19100"	0.94	0.9	-0.84
"19101"	0.94	0.91	-0.85
"19102"	0.94	0.92	-0.86
"19103"	0.94	0.93	-0.87
"19104"	0.94	0.94	-0.88
"19105"	0.94	0.95	-0.89
"19106"	0.94	0.96	-0.9
"19107"	0.94	0.97	-0.91
"19108"	0.94	0.98	-0.92
"19109"	0.94	0.99	-0.93
"19110"	0.94	1	-0.94
"19111"	0.95	-0.95	1
"19112"	0.95	-0.94	0.99
"19113"	0.95	-0.93	0.98
"19114"	0.95	-0.92	0.97
"19115"	0.95	-0.91	0.96
"19116"	0.95	-0.9	0.95
"19117"	0.95	-0.89	0.94
"19118"	0.95	-0.88	0.93
"19119"	0.95	-0.87	0.92
"19120"	0.95	-0.86	0.91
"19121"	0.95	-0.85	0.9
"19122"	0.95	-0.84	0.89
"19123"	0.95	-0.83	0.88
"19124"	0.95	-0.82	0.87
"19125"	0.95	-0.81	0.86
"19126"	0.95	-0.8	0.85
"19127"	0.95	-0.79	0.84
"19128"	0.95	-0.78	0.83
"19129"	0.95	-0.77	0.82
"19130"	0.95	-0.76	0.81
"19131"	0.95	-0.75	0.8
"19132"	0.95	-0.74	0.79
"19133"	0.95	-0.73	0.78
"19134"	0.95	-0.72	0.77
"19135"	0.95	-0.71	0.76
"19136"	0.95	-0.7	0.75
"19137"	0.95	-0.69	0.74
"19138"	0.95	-0.68	0.73
"19139"	0.95	-0.67	0.72
"19140"	0.95	-0.66	0.71
"19141"	0.95	-0.65	0.7
"19142"	0.95	-0.64	0.69
"19143"	0.95	-0.63	0.68
"19144"	0.95	-0.62	0.67
"19145"	0.95	-0.61	0.66
"19146"	0.95	-0.6	0.65
"19147"	0.95	-0.59	0.64
"19148"	0.95	-0.58	0.63
"19149"	0.95	-0.57	0.62
"19150"	0.95	-0.56	0.61
"19151"	0.95	-0.55	0.6
"19152"	0.95	-0.54	0.59
"19153"	0.95	-0.53	0.58
"19154"	0.95	-0.52	0.57
"19155"	0.95	-0.51	0.56
"19156"	0.95	-0.5	0.55
"19157"	0.95	-0.49	0.54
"19158"	0.95	-0.48	0.53
"19159"	0.95	-0.47	0.52
"19160"	0.95	-0.46	0.51
"19161"	0.95	-0.45	0.5
"19162"	0.95	-0.44	0.49
"19163"	0.95	-0.43	0.48
"19164"	0.95	-0.42	0.47
"19165"	0.95	-0.41	0.46
"19166"	0.95	-0.4	0.45
"19167"	0.95	-0.39	0.44
"19168"	0.95	-0.38	0.43
"19169"	0.95	-0.37	0.42
"19170"	0.95	-0.36	0.41
"19171"	0.95	-0.35	0.4
"19172"	0.95	-0.34	0.39
"19173"	0.95	-0.33	0.38
"19174"	0.95	-0.32	0.37
"19175"	0.95	-0.31	0.36
"19176"	0.95	-0.3	0.35
"19177"	0.95	-0.29	0.34
"19178"	0.95	-0.28	0.33
"19179"	0.95	-0.27	0.32
"19180"	0.95	-0.26	0.31
"19181"	0.95	-0.25	0.3
"19182"	0.95	-0.24	0.29
"19183"	0.95	-0.23	0.28
"19184"	0.95	-0.22	0.27
"19185"	0.95	-0.21	0.26
"19186"	0.95	-0.2	0.25
"19187"	0.95	-0.19	0.24
"19188"	0.95	-0.18	0.23
"19189"	0.95	-0.17	0.22
"19190"	0.95	-0.16	0.21
"19191"	0.95	-0.15	0.2
"19192"	0.95	-0.14	0.19
"19193"	0.95	-0.13	0.18
"19194"	0.95	-0.12	0.17
"19195"	0.95	-0.11	0.16
"19196"	0.95	-0.1	0.15
"19197"	0.95	-0.09	0.14
"19198"	0.95	-0.08	0.13
"19199"	0.95	-0.07	0.12
"19200"	0.95	-0.06	0.11
"19201"	0.95	-0.05	0.1
"19202"	0.95	-0.04	0.09
"19203"	0.95	-0.03	0.08
"19204"	0.95	-0.02	0.07
"19205"	0.95	-0.01	0.06
"19206"	0.95	0	0.05
"19207"	0.95	0.01	0.04
"19208"	0.95	0.02	0.03
"19209"	0.95	0.03	0.02
"19210"	0.95	0.04	0.01
"19211"	0.95	0.05	0
"19212"	0.95	0.06	-0.01
"19213"	0.95	0.07	-0.02
"19214"	0.95	0.08	-0.03
"19215"	0.95	0.09	-0.04
"19216"	0.95	0.1	-0.05
"19217"	0.95	0.11	-0.06
"19218"	0.95	0.12	-0.07
"19219"	0.95	0.13	-0.08
"19220"	0.95	0.14	-0.09
"19221"	0.95	0.15	-0.1
"19222"	0.95	0.16	-0.11
"19223"	0.95	0.17	-0.12
"19224"	0.95	0.18	-0.13
"19225"	0.95	0.19	-0.14
"19226"	0.95	0.2	-0.15
"19227"	0.95	0.21	-0.16
"19228"	0.95	0.22	-0.17
"19229"	0.95	0.23	-0.18
"19230"	0.95	0.24	-0.19
"19231"	0.95	0.25	-0.2
"19232"	0.95	0.26	-0.21
"19233"	0.95	0.27	-0.22
"19234"	0.95	0.28	-0.23
"19235"	0.95	0.29	-0.24
"19236"	0.95	0.3	-0.25
"19237"	0.95	0.31	-0.26
"19238"	0.95	0.32	-0.27
"19239"	0.95	0.33	-0.28
"19240"	0.95	0.34	-0.29
"19241"	0.95	0.35	-0.3
"19242"	0.95	0.36	-0.31
"19243"	0.95	0.37	-0.32
"19244"	0.95	0.38	-0.33
"19245"	0.95	0.39	-0.34
"19246"	0.95	0.4	-0.35
"19247"	0.95	0.41	-0.36
"19248"	0.95	0.42	-0.37
"19249"	0.95	0.43	-0.38
"19250"	0.95	0.44	-0.39
"19251"	0.95	0.45	-0.4
"19252"	0.95	0.46	-0.41
"19253"	0.95	0.47	-0.42
"19254"	0.95	0.48	-0.43
"19255"	0.95	0.49	-0.44
"19256"	0.95	0.5	-0.45
"19257"	0.95	0.51	-0.46
"19258"	0.95	0.52	-0.47
"19259"	0.95	0.53	-0.48
"19260"	0.95	0.54	-0.49
"19261"	0.95	0.55	-0.5
"19262"	0.95	0.56	-0.51
"19263"	0.95	0.57	-0.52
"19264"	0.95	0.58	-0.53
"19265"	0.95	0.59	-0.54
"19266"	0.95	0.6	-0.55
"19267"	0.95	0.61	-0.56
"19268"	0.95	0.62	-0.57
"19269"	0.95	0.63	-0.58
"19270"	0.95	0.64	-0.59
"19271"	0.95	0.65	-0.6
"19272"	0.95	0.66	-0.61
"19273"	0.95	0.67	-0.62
"19274"	0.95	0.68	-0.63
"19275"	0.95	0.69	-0.64
"19276"	0.95	0.7	-0.65
"19277"	0.95	0.71	-0.66
"19278"	0.95	0.72	-0.67
"19279"	0.95	0.73	-0.68
"19280"	0.95	0.74	-0.69
"19281"	0.95	0.75	-0.7
"19282"	0.95	0.76	-0.71
"19283"	0.95	0.77	-0.72
"19284"	0.95	0.78	-0.73
"19285"	0.95	0.79	-0.74
"19286"	0.95	0.8	-0.75
"19287"	0.95	0.81	-0.76
"19288"	0.95	0.82	-0.77
"19289"	0.95	0.83	-0.78
"19290"	0.95	0.84	-0.79
"19291"	0.95	0.85	-0.8
"19292"	0.95	0.86	-0.81
"19293"	0.95	0.87	-0.82
"19294"	0.95	0.88	-0.83
"19295"	0.95	0.89	-0.84
"19296"	0.95	0.9	-0.85
"19297"	0.95	0.91	-0.86
"19298"	0.95	0.92	-0.87
"19299"	0.95	0.93	-0.88
"19300"	0.95	0.94	-0.89
"19301"	0.95	0.95	-0.9
"19302"	0.95	0.96	-0.91
"19303"	0.95	0.97	-0.92
"19304"	0.95	0.98	-0.93
"19305"	0.95	0.99	-0.94
"19306"	0.95	1	-0.95
"19307"	0.96	-0.96	1
"19308"	0.96	-0.95	0.99
"19309"	0.96	-0.94	0.98
"19310"	0.96	-0.93	0.97
"19311"	0.96	-0.92	0.96
"19312"	0.96	-0.91	0.95
"19313"	0.96	-0.9	0.94
"19314"	0.96	-0.89	0.93
"19315"	0.96	-0.88	0.92
"19316"	0.96	-0.87	0.91
"19317"	0.96	-0.86	0.9
"19318"	0.96	-0.85	0.89
"19319"	0.96	-0.84	0.88
"19320"	0.96	-0.83	0.87
"19321"	0.96	-0.82	0.86
"19322"	0.96	-0.81	0.85
"19323"	0.96	-0.8	0.84
"19324"	0.96	-0.79	0.83
"19325"	0.96	-0.78	0.82
"19326"	0.96	-0.77	0.81
"19327"	0.96	-0.76	0.8
"19328"	0.96	-0.75	0.79
"19329"	0.96	-0.74	0.78
"19330"	0.96	-0.73	0.77
"19331"	0.96	-0.72	0.76
"19332"	0.96	-0.71	0.75
"19333"	0.96	-0.7	0.74
"19334"	0.96	-0.69	0.73
"19335"	0.96	-0.68	0.72
"19336"	0.96	-0.67	0.71
"19337"	0.96	-0.66	0.7
"19338"	0.96	-0.65	0.69
"19339"	0.96	-0.64	0.68
"19340"	0.96	-0.63	0.67
"19341"	0.96	-0.62	0.66
"19342"	0.96	-0.61	0.65
"19343"	0.96	-0.6	0.64
"19344"	0.96	-0.59	0.63
"19345"	0.96	-0.58	0.62
"19346"	0.96	-0.57	0.61
"19347"	0.96	-0.56	0.6
"19348"	0.96	-0.55	0.59
"19349"	0.96	-0.54	0.58
"19350"	0.96	-0.53	0.57
"19351"	0.96	-0.52	0.56
"19352"	0.96	-0.51	0.55
"19353"	0.96	-0.5	0.54
"19354"	0.96	-0.49	0.53
"19355"	0.96	-0.48	0.52
"19356"	0.96	-0.47	0.51
"19357"	0.96	-0.46	0.5
"19358"	0.96	-0.45	0.49
"19359"	0.96	-0.44	0.48
"19360"	0.96	-0.43	0.47
"19361"	0.96	-0.42	0.46
"19362"	0.96	-0.41	0.45
"19363"	0.96	-0.4	0.44
"19364"	0.96	-0.39	0.43
"19365"	0.96	-0.38	0.42
"19366"	0.96	-0.37	0.41
"19367"	0.96	-0.36	0.4
"19368"	0.96	-0.35	0.39
"19369"	0.96	-0.34	0.38
"19370"	0.96	-0.33	0.37
"19371"	0.96	-0.32	0.36
"19372"	0.96	-0.31	0.35
"19373"	0.96	-0.3	0.34
"19374"	0.96	-0.29	0.33
"19375"	0.96	-0.28	0.32
"19376"	0.96	-0.27	0.31
"19377"	0.96	-0.26	0.3
"19378"	0.96	-0.25	0.29
"19379"	0.96	-0.24	0.28
"19380"	0.96	-0.23	0.27
"19381"	0.96	-0.22	0.26
"19382"	0.96	-0.21	0.25
"19383"	0.96	-0.2	0.24
"19384"	0.96	-0.19	0.23
"19385"	0.96	-0.18	0.22
"19386"	0.96	-0.17	0.21
"19387"	0.96	-0.16	0.2
"19388"	0.96	-0.15	0.19
"19389"	0.96	-0.14	0.18
"19390"	0.96	-0.13	0.17
"19391"	0.96	-0.12	0.16
"19392"	0.96	-0.11	0.15
"19393"	0.96	-0.1	0.14
"19394"	0.96	-0.09	0.13
"19395"	0.96	-0.08	0.12
"19396"	0.96	-0.07	0.11
"19397"	0.96	-0.06	0.1
"19398"	0.96	-0.05	0.09
"19399"	0.96	-0.04	0.08
"19400"	0.96	-0.03	0.07
"19401"	0.96	-0.02	0.06
"19402"	0.96	-0.01	0.05
"19403"	0.96	0	0.04
"19404"	0.96	0.01	0.03
"19405"	0.96	0.02	0.02
"19406"	0.96	0.03	0.01
"19407"	0.96	0.04	0
"19408"	0.96	0.05	-0.01
"19409"	0.96	0.06	-0.02
"19410"	0.96	0.07	-0.03
"19411"	0.96	0.08	-0.04
"19412"	0.96	0.09	-0.05
"19413"	0.96	0.1	-0.06
"19414"	0.96	0.11	-0.07
"19415"	0.96	0.12	-0.08
"19416"	0.96	0.13	-0.09
"19417"	0.96	0.14	-0.1
"19418"	0.96	0.15	-0.11
"19419"	0.96	0.16	-0.12
"19420"	0.96	0.17	-0.13
"19421"	0.96	0.18	-0.14
"19422"	0.96	0.19	-0.15
"19423"	0.96	0.2	-0.16
"19424"	0.96	0.21	-0.17
"19425"	0.96	0.22	-0.18
"19426"	0.96	0.23	-0.19
"19427"	0.96	0.24	-0.2
"19428"	0.96	0.25	-0.21
"19429"	0.96	0.26	-0.22
"19430"	0.96	0.27	-0.23
"19431"	0.96	0.28	-0.24
"19432"	0.96	0.29	-0.25
"19433"	0.96	0.3	-0.26
"19434"	0.96	0.31	-0.27
"19435"	0.96	0.32	-0.28
"19436"	0.96	0.33	-0.29
"19437"	0.96	0.34	-0.3
"19438"	0.96	0.35	-0.31
"19439"	0.96	0.36	-0.32
"19440"	0.96	0.37	-0.33
"19441"	0.96	0.38	-0.34
"19442"	0.96	0.39	-0.35
"19443"	0.96	0.4	-0.36
"19444"	0.96	0.41	-0.37
"19445"	0.96	0.42	-0.38
"19446"	0.96	0.43	-0.39
"19447"	0.96	0.44	-0.4
"19448"	0.96	0.45	-0.41
"19449"	0.96	0.46	-0.42
"19450"	0.96	0.47	-0.43
"19451"	0.96	0.48	-0.44
"19452"	0.96	0.49	-0.45
"19453"	0.96	0.5	-0.46
"19454"	0.96	0.51	-0.47
"19455"	0.96	0.52	-0.48
"19456"	0.96	0.53	-0.49
"19457"	0.96	0.54	-0.5
"19458"	0.96	0.55	-0.51
"19459"	0.96	0.56	-0.52
"19460"	0.96	0.57	-0.53
"19461"	0.96	0.58	-0.54
"19462"	0.96	0.59	-0.55
"19463"	0.96	0.6	-0.56
"19464"	0.96	0.61	-0.57
"19465"	0.96	0.62	-0.58
"19466"	0.96	0.63	-0.59
"19467"	0.96	0.64	-0.6
"19468"	0.96	0.65	-0.61
"19469"	0.96	0.66	-0.62
"19470"	0.96	0.67	-0.63
"19471"	0.96	0.68	-0.64
"19472"	0.96	0.69	-0.65
"19473"	0.96	0.7	-0.66
"19474"	0.96	0.71	-0.67
"19475"	0.96	0.72	-0.68
"19476"	0.96	0.73	-0.69
"19477"	0.96	0.74	-0.7
"19478"	0.96	0.75	-0.71
"19479"	0.96	0.76	-0.72
"19480"	0.96	0.77	-0.73
"19481"	0.96	0.78	-0.74
"19482"	0.96	0.79	-0.75
"19483"	0.96	0.8	-0.76
"19484"	0.96	0.81	-0.77
"19485"	0.96	0.82	-0.78
"19486"	0.96	0.83	-0.79
"19487"	0.96	0.84	-0.8
"19488"	0.96	0.85	-0.81
"19489"	0.96	0.86	-0.82
"19490"	0.96	0.87	-0.83
"19491"	0.96	0.88	-0.84
"19492"	0.96	0.89	-0.85
"19493"	0.96	0.9	-0.86
"19494"	0.96	0.91	-0.87
"19495"	0.96	0.92	-0.88
"19496"	0.96	0.93	-0.89
"19497"	0.96	0.94	-0.9
"19498"	0.96	0.95	-0.91
"19499"	0.96	0.96	-0.92
"19500"	0.96	0.97	-0.93
"19501"	0.96	0.98	-0.94
"19502"	0.96	0.99	-0.95
"19503"	0.96	1	-0.96
"19504"	0.97	-0.97	1
"19505"	0.97	-0.96	0.99
"19506"	0.97	-0.95	0.98
"19507"	0.97	-0.94	0.97
"19508"	0.97	-0.93	0.96
"19509"	0.97	-0.92	0.95
"19510"	0.97	-0.91	0.94
"19511"	0.97	-0.9	0.93
"19512"	0.97	-0.89	0.92
"19513"	0.97	-0.88	0.91
"19514"	0.97	-0.87	0.9
"19515"	0.97	-0.86	0.89
"19516"	0.97	-0.85	0.88
"19517"	0.97	-0.84	0.87
"19518"	0.97	-0.83	0.86
"19519"	0.97	-0.82	0.85
"19520"	0.97	-0.81	0.84
"19521"	0.97	-0.8	0.83
"19522"	0.97	-0.79	0.82
"19523"	0.97	-0.78	0.81
"19524"	0.97	-0.77	0.8
"19525"	0.97	-0.76	0.79
"19526"	0.97	-0.75	0.78
"19527"	0.97	-0.74	0.77
"19528"	0.97	-0.73	0.76
"19529"	0.97	-0.72	0.75
"19530"	0.97	-0.71	0.74
"19531"	0.97	-0.7	0.73
"19532"	0.97	-0.69	0.72
"19533"	0.97	-0.68	0.71
"19534"	0.97	-0.67	0.7
"19535"	0.97	-0.66	0.69
"19536"	0.97	-0.65	0.68
"19537"	0.97	-0.64	0.67
"19538"	0.97	-0.63	0.66
"19539"	0.97	-0.62	0.65
"19540"	0.97	-0.61	0.64
"19541"	0.97	-0.6	0.63
"19542"	0.97	-0.59	0.62
"19543"	0.97	-0.58	0.61
"19544"	0.97	-0.57	0.6
"19545"	0.97	-0.56	0.59
"19546"	0.97	-0.55	0.58
"19547"	0.97	-0.54	0.57
"19548"	0.97	-0.53	0.56
"19549"	0.97	-0.52	0.55
"19550"	0.97	-0.51	0.54
"19551"	0.97	-0.5	0.53
"19552"	0.97	-0.49	0.52
"19553"	0.97	-0.48	0.51
"19554"	0.97	-0.47	0.5
"19555"	0.97	-0.46	0.49
"19556"	0.97	-0.45	0.48
"19557"	0.97	-0.44	0.47
"19558"	0.97	-0.43	0.46
"19559"	0.97	-0.42	0.45
"19560"	0.97	-0.41	0.44
"19561"	0.97	-0.4	0.43
"19562"	0.97	-0.39	0.42
"19563"	0.97	-0.38	0.41
"19564"	0.97	-0.37	0.4
"19565"	0.97	-0.36	0.39
"19566"	0.97	-0.35	0.38
"19567"	0.97	-0.34	0.37
"19568"	0.97	-0.33	0.36
"19569"	0.97	-0.32	0.35
"19570"	0.97	-0.31	0.34
"19571"	0.97	-0.3	0.33
"19572"	0.97	-0.29	0.32
"19573"	0.97	-0.28	0.31
"19574"	0.97	-0.27	0.3
"19575"	0.97	-0.26	0.29
"19576"	0.97	-0.25	0.28
"19577"	0.97	-0.24	0.27
"19578"	0.97	-0.23	0.26
"19579"	0.97	-0.22	0.25
"19580"	0.97	-0.21	0.24
"19581"	0.97	-0.2	0.23
"19582"	0.97	-0.19	0.22
"19583"	0.97	-0.18	0.21
"19584"	0.97	-0.17	0.2
"19585"	0.97	-0.16	0.19
"19586"	0.97	-0.15	0.18
"19587"	0.97	-0.14	0.17
"19588"	0.97	-0.13	0.16
"19589"	0.97	-0.12	0.15
"19590"	0.97	-0.11	0.14
"19591"	0.97	-0.1	0.13
"19592"	0.97	-0.09	0.12
"19593"	0.97	-0.08	0.11
"19594"	0.97	-0.07	0.1
"19595"	0.97	-0.06	0.09
"19596"	0.97	-0.05	0.08
"19597"	0.97	-0.04	0.07
"19598"	0.97	-0.03	0.06
"19599"	0.97	-0.02	0.05
"19600"	0.97	-0.01	0.04
"19601"	0.97	0	0.03
"19602"	0.97	0.01	0.02
"19603"	0.97	0.02	0.01
"19604"	0.97	0.03	0
"19605"	0.97	0.04	-0.01
"19606"	0.97	0.05	-0.02
"19607"	0.97	0.06	-0.03
"19608"	0.97	0.07	-0.04
"19609"	0.97	0.08	-0.05
"19610"	0.97	0.09	-0.06
"19611"	0.97	0.1	-0.07
"19612"	0.97	0.11	-0.08
"19613"	0.97	0.12	-0.09
"19614"	0.97	0.13	-0.1
"19615"	0.97	0.14	-0.11
"19616"	0.97	0.15	-0.12
"19617"	0.97	0.16	-0.13
"19618"	0.97	0.17	-0.14
"19619"	0.97	0.18	-0.15
"19620"	0.97	0.19	-0.16
"19621"	0.97	0.2	-0.17
"19622"	0.97	0.21	-0.18
"19623"	0.97	0.22	-0.19
"19624"	0.97	0.23	-0.2
"19625"	0.97	0.24	-0.21
"19626"	0.97	0.25	-0.22
"19627"	0.97	0.26	-0.23
"19628"	0.97	0.27	-0.24
"19629"	0.97	0.28	-0.25
"19630"	0.97	0.29	-0.26
"19631"	0.97	0.3	-0.27
"19632"	0.97	0.31	-0.28
"19633"	0.97	0.32	-0.29
"19634"	0.97	0.33	-0.3
"19635"	0.97	0.34	-0.31
"19636"	0.97	0.35	-0.32
"19637"	0.97	0.36	-0.33
"19638"	0.97	0.37	-0.34
"19639"	0.97	0.38	-0.35
"19640"	0.97	0.39	-0.36
"19641"	0.97	0.4	-0.37
"19642"	0.97	0.41	-0.38
"19643"	0.97	0.42	-0.39
"19644"	0.97	0.43	-0.4
"19645"	0.97	0.44	-0.41
"19646"	0.97	0.45	-0.42
"19647"	0.97	0.46	-0.43
"19648"	0.97	0.47	-0.44
"19649"	0.97	0.48	-0.45
"19650"	0.97	0.49	-0.46
"19651"	0.97	0.5	-0.47
"19652"	0.97	0.51	-0.48
"19653"	0.97	0.52	-0.49
"19654"	0.97	0.53	-0.5
"19655"	0.97	0.54	-0.51
"19656"	0.97	0.55	-0.52
"19657"	0.97	0.56	-0.53
"19658"	0.97	0.57	-0.54
"19659"	0.97	0.58	-0.55
"19660"	0.97	0.59	-0.56
"19661"	0.97	0.6	-0.57
"19662"	0.97	0.61	-0.58
"19663"	0.97	0.62	-0.59
"19664"	0.97	0.63	-0.6
"19665"	0.97	0.64	-0.61
"19666"	0.97	0.65	-0.62
"19667"	0.97	0.66	-0.63
"19668"	0.97	0.67	-0.64
"19669"	0.97	0.68	-0.65
"19670"	0.97	0.69	-0.66
"19671"	0.97	0.7	-0.67
"19672"	0.97	0.71	-0.68
"19673"	0.97	0.72	-0.69
"19674"	0.97	0.73	-0.7
"19675"	0.97	0.74	-0.71
"19676"	0.97	0.75	-0.72
"19677"	0.97	0.76	-0.73
"19678"	0.97	0.77	-0.74
"19679"	0.97	0.78	-0.75
"19680"	0.97	0.79	-0.76
"19681"	0.97	0.8	-0.77
"19682"	0.97	0.81	-0.78
"19683"	0.97	0.82	-0.79
"19684"	0.97	0.83	-0.8
"19685"	0.97	0.84	-0.81
"19686"	0.97	0.85	-0.82
"19687"	0.97	0.86	-0.83
"19688"	0.97	0.87	-0.84
"19689"	0.97	0.88	-0.85
"19690"	0.97	0.89	-0.86
"19691"	0.97	0.9	-0.87
"19692"	0.97	0.91	-0.88
"19693"	0.97	0.92	-0.89
"19694"	0.97	0.93	-0.9
"19695"	0.97	0.94	-0.91
"19696"	0.97	0.95	-0.92
"19697"	0.97	0.96	-0.93
"19698"	0.97	0.97	-0.94
"19699"	0.97	0.98	-0.95
"19700"	0.97	0.99	-0.96
"19701"	0.97	1	-0.97
"19702"	0.98	-0.98	1
"19703"	0.98	-0.97	0.99
"19704"	0.98	-0.96	0.98
"19705"	0.98	-0.95	0.97
"19706"	0.98	-0.94	0.96
"19707"	0.98	-0.93	0.95
"19708"	0.98	-0.92	0.94
"19709"	0.98	-0.91	0.93
"19710"	0.98	-0.9	0.92
"19711"	0.98	-0.89	0.91
"19712"	0.98	-0.88	0.9
"19713"	0.98	-0.87	0.89
"19714"	0.98	-0.86	0.88
"19715"	0.98	-0.85	0.87
"19716"	0.98	-0.84	0.86
"19717"	0.98	-0.83	0.85
"19718"	0.98	-0.82	0.84
"19719"	0.98	-0.81	0.83
"19720"	0.98	-0.8	0.82
"19721"	0.98	-0.79	0.81
"19722"	0.98	-0.78	0.8
"19723"	0.98	-0.77	0.79
"19724"	0.98	-0.76	0.78
"19725"	0.98	-0.75	0.77
"19726"	0.98	-0.74	0.76
"19727"	0.98	-0.73	0.75
"19728"	0.98	-0.72	0.74
"19729"	0.98	-0.71	0.73
"19730"	0.98	-0.7	0.72
"19731"	0.98	-0.69	0.71
"19732"	0.98	-0.68	0.7
"19733"	0.98	-0.67	0.69
"19734"	0.98	-0.66	0.68
"19735"	0.98	-0.65	0.67
"19736"	0.98	-0.64	0.66
"19737"	0.98	-0.63	0.65
"19738"	0.98	-0.62	0.64
"19739"	0.98	-0.61	0.63
"19740"	0.98	-0.6	0.62
"19741"	0.98	-0.59	0.61
"19742"	0.98	-0.58	0.6
"19743"	0.98	-0.57	0.59
"19744"	0.98	-0.56	0.58
"19745"	0.98	-0.55	0.57
"19746"	0.98	-0.54	0.56
"19747"	0.98	-0.53	0.55
"19748"	0.98	-0.52	0.54
"19749"	0.98	-0.51	0.53
"19750"	0.98	-0.5	0.52
"19751"	0.98	-0.49	0.51
"19752"	0.98	-0.48	0.5
"19753"	0.98	-0.47	0.49
"19754"	0.98	-0.46	0.48
"19755"	0.98	-0.45	0.47
"19756"	0.98	-0.44	0.46
"19757"	0.98	-0.43	0.45
"19758"	0.98	-0.42	0.44
"19759"	0.98	-0.41	0.43
"19760"	0.98	-0.4	0.42
"19761"	0.98	-0.39	0.41
"19762"	0.98	-0.38	0.4
"19763"	0.98	-0.37	0.39
"19764"	0.98	-0.36	0.38
"19765"	0.98	-0.35	0.37
"19766"	0.98	-0.34	0.36
"19767"	0.98	-0.33	0.35
"19768"	0.98	-0.32	0.34
"19769"	0.98	-0.31	0.33
"19770"	0.98	-0.3	0.32
"19771"	0.98	-0.29	0.31
"19772"	0.98	-0.28	0.3
"19773"	0.98	-0.27	0.29
"19774"	0.98	-0.26	0.28
"19775"	0.98	-0.25	0.27
"19776"	0.98	-0.24	0.26
"19777"	0.98	-0.23	0.25
"19778"	0.98	-0.22	0.24
"19779"	0.98	-0.21	0.23
"19780"	0.98	-0.2	0.22
"19781"	0.98	-0.19	0.21
"19782"	0.98	-0.18	0.2
"19783"	0.98	-0.17	0.19
"19784"	0.98	-0.16	0.18
"19785"	0.98	-0.15	0.17
"19786"	0.98	-0.14	0.16
"19787"	0.98	-0.13	0.15
"19788"	0.98	-0.12	0.14
"19789"	0.98	-0.11	0.13
"19790"	0.98	-0.1	0.12
"19791"	0.98	-0.09	0.11
"19792"	0.98	-0.08	0.1
"19793"	0.98	-0.07	0.09
"19794"	0.98	-0.06	0.08
"19795"	0.98	-0.05	0.07
"19796"	0.98	-0.04	0.06
"19797"	0.98	-0.03	0.05
"19798"	0.98	-0.02	0.04
"19799"	0.98	-0.01	0.03
"19800"	0.98	0	0.02
"19801"	0.98	0.01	0.01
"19802"	0.98	0.02	0
"19803"	0.98	0.03	-0.01
"19804"	0.98	0.04	-0.02
"19805"	0.98	0.05	-0.03
"19806"	0.98	0.06	-0.04
"19807"	0.98	0.07	-0.05
"19808"	0.98	0.08	-0.06
"19809"	0.98	0.09	-0.07
"19810"	0.98	0.1	-0.08
"19811"	0.98	0.11	-0.09
"19812"	0.98	0.12	-0.1
"19813"	0.98	0.13	-0.11
"19814"	0.98	0.14	-0.12
"19815"	0.98	0.15	-0.13
"19816"	0.98	0.16	-0.14
"19817"	0.98	0.17	-0.15
"19818"	0.98	0.18	-0.16
"19819"	0.98	0.19	-0.17
"19820"	0.98	0.2	-0.18
"19821"	0.98	0.21	-0.19
"19822"	0.98	0.22	-0.2
"19823"	0.98	0.23	-0.21
"19824"	0.98	0.24	-0.22
"19825"	0.98	0.25	-0.23
"19826"	0.98	0.26	-0.24
"19827"	0.98	0.27	-0.25
"19828"	0.98	0.28	-0.26
"19829"	0.98	0.29	-0.27
"19830"	0.98	0.3	-0.28
"19831"	0.98	0.31	-0.29
"19832"	0.98	0.32	-0.3
"19833"	0.98	0.33	-0.31
"19834"	0.98	0.34	-0.32
"19835"	0.98	0.35	-0.33
"19836"	0.98	0.36	-0.34
"19837"	0.98	0.37	-0.35
"19838"	0.98	0.38	-0.36
"19839"	0.98	0.39	-0.37
"19840"	0.98	0.4	-0.38
"19841"	0.98	0.41	-0.39
"19842"	0.98	0.42	-0.4
"19843"	0.98	0.43	-0.41
"19844"	0.98	0.44	-0.42
"19845"	0.98	0.45	-0.43
"19846"	0.98	0.46	-0.44
"19847"	0.98	0.47	-0.45
"19848"	0.98	0.48	-0.46
"19849"	0.98	0.49	-0.47
"19850"	0.98	0.5	-0.48
"19851"	0.98	0.51	-0.49
"19852"	0.98	0.52	-0.5
"19853"	0.98	0.53	-0.51
"19854"	0.98	0.54	-0.52
"19855"	0.98	0.55	-0.53
"19856"	0.98	0.56	-0.54
"19857"	0.98	0.57	-0.55
"19858"	0.98	0.58	-0.56
"19859"	0.98	0.59	-0.57
"19860"	0.98	0.6	-0.58
"19861"	0.98	0.61	-0.59
"19862"	0.98	0.62	-0.6
"19863"	0.98	0.63	-0.61
"19864"	0.98	0.64	-0.62
"19865"	0.98	0.65	-0.63
"19866"	0.98	0.66	-0.64
"19867"	0.98	0.67	-0.65
"19868"	0.98	0.68	-0.66
"19869"	0.98	0.69	-0.67
"19870"	0.98	0.7	-0.68
"19871"	0.98	0.71	-0.69
"19872"	0.98	0.72	-0.7
"19873"	0.98	0.73	-0.71
"19874"	0.98	0.74	-0.72
"19875"	0.98	0.75	-0.73
"19876"	0.98	0.76	-0.74
"19877"	0.98	0.77	-0.75
"19878"	0.98	0.78	-0.76
"19879"	0.98	0.79	-0.77
"19880"	0.98	0.8	-0.78
"19881"	0.98	0.81	-0.79
"19882"	0.98	0.82	-0.8
"19883"	0.98	0.83	-0.81
"19884"	0.98	0.84	-0.82
"19885"	0.98	0.85	-0.83
"19886"	0.98	0.86	-0.84
"19887"	0.98	0.87	-0.85
"19888"	0.98	0.88	-0.86
"19889"	0.98	0.89	-0.87
"19890"	0.98	0.9	-0.88
"19891"	0.98	0.91	-0.89
"19892"	0.98	0.92	-0.9
"19893"	0.98	0.93	-0.91
"19894"	0.98	0.94	-0.92
"19895"	0.98	0.95	-0.93
"19896"	0.98	0.96	-0.94
"19897"	0.98	0.97	-0.95
"19898"	0.98	0.98	-0.96
"19899"	0.98	0.99	-0.97
"19900"	0.98	1	-0.98
"19901"	0.99	-0.99	1
"19902"	0.99	-0.98	0.99
"19903"	0.99	-0.97	0.98
"19904"	0.99	-0.96	0.97
"19905"	0.99	-0.95	0.96
"19906"	0.99	-0.94	0.95
"19907"	0.99	-0.93	0.94
"19908"	0.99	-0.92	0.93
"19909"	0.99	-0.91	0.92
"19910"	0.99	-0.9	0.91
"19911"	0.99	-0.89	0.9
"19912"	0.99	-0.88	0.89
"19913"	0.99	-0.87	0.88
"19914"	0.99	-0.86	0.87
"19915"	0.99	-0.85	0.86
"19916"	0.99	-0.84	0.85
"19917"	0.99	-0.83	0.84
"19918"	0.99	-0.82	0.83
"19919"	0.99	-0.81	0.82
"19920"	0.99	-0.8	0.81
"19921"	0.99	-0.79	0.8
"19922"	0.99	-0.78	0.79
"19923"	0.99	-0.77	0.78
"19924"	0.99	-0.76	0.77
"19925"	0.99	-0.75	0.76
"19926"	0.99	-0.74	0.75
"19927"	0.99	-0.73	0.74
"19928"	0.99	-0.72	0.73
"19929"	0.99	-0.71	0.72
"19930"	0.99	-0.7	0.71
"19931"	0.99	-0.69	0.7
"19932"	0.99	-0.68	0.69
"19933"	0.99	-0.67	0.68
"19934"	0.99	-0.66	0.67
"19935"	0.99	-0.65	0.66
"19936"	0.99	-0.64	0.65
"19937"	0.99	-0.63	0.64
"19938"	0.99	-0.62	0.63
"19939"	0.99	-0.61	0.62
"19940"	0.99	-0.6	0.61
"19941"	0.99	-0.59	0.6
"19942"	0.99	-0.58	0.59
"19943"	0.99	-0.57	0.58
"19944"	0.99	-0.56	0.57
"19945"	0.99	-0.55	0.56
"19946"	0.99	-0.54	0.55
"19947"	0.99	-0.53	0.54
"19948"	0.99	-0.52	0.53
"19949"	0.99	-0.51	0.52
"19950"	0.99	-0.5	0.51
"19951"	0.99	-0.49	0.5
"19952"	0.99	-0.48	0.49
"19953"	0.99	-0.47	0.48
"19954"	0.99	-0.46	0.47
"19955"	0.99	-0.45	0.46
"19956"	0.99	-0.44	0.45
"19957"	0.99	-0.43	0.44
"19958"	0.99	-0.42	0.43
"19959"	0.99	-0.41	0.42
"19960"	0.99	-0.4	0.41
"19961"	0.99	-0.39	0.4
"19962"	0.99	-0.38	0.39
"19963"	0.99	-0.37	0.38
"19964"	0.99	-0.36	0.37
"19965"	0.99	-0.35	0.36
"19966"	0.99	-0.34	0.35
"19967"	0.99	-0.33	0.34
"19968"	0.99	-0.32	0.33
"19969"	0.99	-0.31	0.32
"19970"	0.99	-0.3	0.31
"19971"	0.99	-0.29	0.3
"19972"	0.99	-0.28	0.29
"19973"	0.99	-0.27	0.28
"19974"	0.99	-0.26	0.27
"19975"	0.99	-0.25	0.26
"19976"	0.99	-0.24	0.25
"19977"	0.99	-0.23	0.24
"19978"	0.99	-0.22	0.23
"19979"	0.99	-0.21	0.22
"19980"	0.99	-0.2	0.21
"19981"	0.99	-0.19	0.2
"19982"	0.99	-0.18	0.19
"19983"	0.99	-0.17	0.18
"19984"	0.99	-0.16	0.17
"19985"	0.99	-0.15	0.16
"19986"	0.99	-0.14	0.15
"19987"	0.99	-0.13	0.14
"19988"	0.99	-0.12	0.13
"19989"	0.99	-0.11	0.12
"19990"	0.99	-0.1	0.11
"19991"	0.99	-0.09	0.1
"19992"	0.99	-0.08	0.09
"19993"	0.99	-0.07	0.08
"19994"	0.99	-0.06	0.07
"19995"	0.99	-0.05	0.06
"19996"	0.99	-0.04	0.05
"19997"	0.99	-0.03	0.04
"19998"	0.99	-0.02	0.03
"19999"	0.99	-0.01	0.02
"20000"	0.99	0	0.01
"20001"	0.99	0.01	0
"20002"	0.99	0.02	-0.01
"20003"	0.99	0.03	-0.02
"20004"	0.99	0.04	-0.03
"20005"	0.99	0.05	-0.04
"20006"	0.99	0.06	-0.05
"20007"	0.99	0.07	-0.06
"20008"	0.99	0.08	-0.07
"20009"	0.99	0.09	-0.08
"20010"	0.99	0.1	-0.09
"20011"	0.99	0.11	-0.1
"20012"	0.99	0.12	-0.11
"20013"	0.99	0.13	-0.12
"20014"	0.99	0.14	-0.13
"20015"	0.99	0.15	-0.14
"20016"	0.99	0.16	-0.15
"20017"	0.99	0.17	-0.16
"20018"	0.99	0.18	-0.17
"20019"	0.99	0.19	-0.18
"20020"	0.99	0.2	-0.19
"20021"	0.99	0.21	-0.2
"20022"	0.99	0.22	-0.21
"20023"	0.99	0.23	-0.22
"20024"	0.99	0.24	-0.23
"20025"	0.99	0.25	-0.24
"20026"	0.99	0.26	-0.25
"20027"	0.99	0.27	-0.26
"20028"	0.99	0.28	-0.27
"20029"	0.99	0.29	-0.28
"20030"	0.99	0.3	-0.29
"20031"	0.99	0.31	-0.3
"20032"	0.99	0.32	-0.31
"20033"	0.99	0.33	-0.32
"20034"	0.99	0.34	-0.33
"20035"	0.99	0.35	-0.34
"20036"	0.99	0.36	-0.35
"20037"	0.99	0.37	-0.36
"20038"	0.99	0.38	-0.37
"20039"	0.99	0.39	-0.38
"20040"	0.99	0.4	-0.39
"20041"	0.99	0.41	-0.4
"20042"	0.99	0.42	-0.41
"20043"	0.99	0.43	-0.42
"20044"	0.99	0.44	-0.43
"20045"	0.99	0.45	-0.44
"20046"	0.99	0.46	-0.45
"20047"	0.99	0.47	-0.46
"20048"	0.99	0.48	-0.47
"20049"	0.99	0.49	-0.48
"20050"	0.99	0.5	-0.49
"20051"	0.99	0.51	-0.5
"20052"	0.99	0.52	-0.51
"20053"	0.99	0.53	-0.52
"20054"	0.99	0.54	-0.53
"20055"	0.99	0.55	-0.54
"20056"	0.99	0.56	-0.55
"20057"	0.99	0.57	-0.56
"20058"	0.99	0.58	-0.57
"20059"	0.99	0.59	-0.58
"20060"	0.99	0.6	-0.59
"20061"	0.99	0.61	-0.6
"20062"	0.99	0.62	-0.61
"20063"	0.99	0.63	-0.62
"20064"	0.99	0.64	-0.63
"20065"	0.99	0.65	-0.64
"20066"	0.99	0.66	-0.65
"20067"	0.99	0.67	-0.66
"20068"	0.99	0.68	-0.67
"20069"	0.99	0.69	-0.68
"20070"	0.99	0.7	-0.69
"20071"	0.99	0.71	-0.7
"20072"	0.99	0.72	-0.71
"20073"	0.99	0.73	-0.72
"20074"	0.99	0.74	-0.73
"20075"	0.99	0.75	-0.74
"20076"	0.99	0.76	-0.75
"20077"	0.99	0.77	-0.76
"20078"	0.99	0.78	-0.77
"20079"	0.99	0.79	-0.78
"20080"	0.99	0.8	-0.79
"20081"	0.99	0.81	-0.8
"20082"	0.99	0.82	-0.81
"20083"	0.99	0.83	-0.82
"20084"	0.99	0.84	-0.83
"20085"	0.99	0.85	-0.84
"20086"	0.99	0.86	-0.85
"20087"	0.99	0.87	-0.86
"20088"	0.99	0.88	-0.87
"20089"	0.99	0.89	-0.88
"20090"	0.99	0.9	-0.89
"20091"	0.99	0.91	-0.9
"20092"	0.99	0.92	-0.91
"20093"	0.99	0.93	-0.92
"20094"	0.99	0.94	-0.93
"20095"	0.99	0.95	-0.94
"20096"	0.99	0.96	-0.95
"20097"	0.99	0.97	-0.96
"20098"	0.99	0.98	-0.97
"20099"	0.99	0.99	-0.98
"20100"	0.99	1	-0.99
"20101"	1	-1	1
"20102"	1	-0.99	0.99
"20103"	1	-0.98	0.98
"20104"	1	-0.97	0.97
"20105"	1	-0.96	0.96
"20106"	1	-0.95	0.95
"20107"	1	-0.94	0.94
"20108"	1	-0.93	0.93
"20109"	1	-0.92	0.92
"20110"	1	-0.91	0.91
"20111"	1	-0.9	0.9
"20112"	1	-0.89	0.89
"20113"	1	-0.88	0.88
"20114"	1	-0.87	0.87
"20115"	1	-0.86	0.86
"20116"	1	-0.85	0.85
"20117"	1	-0.84	0.84
"20118"	1	-0.83	0.83
"20119"	1	-0.82	0.82
"20120"	1	-0.81	0.81
"20121"	1	-0.8	0.8
"20122"	1	-0.79	0.79
"20123"	1	-0.78	0.78
"20124"	1	-0.77	0.77
"20125"	1	-0.76	0.76
"20126"	1	-0.75	0.75
"20127"	1	-0.74	0.74
"20128"	1	-0.73	0.73
"20129"	1	-0.72	0.72
"20130"	1	-0.71	0.71
"20131"	1	-0.7	0.7
"20132"	1	-0.69	0.69
"20133"	1	-0.68	0.68
"20134"	1	-0.67	0.67
"20135"	1	-0.66	0.66
"20136"	1	-0.65	0.65
"20137"	1	-0.64	0.64
"20138"	1	-0.63	0.63
"20139"	1	-0.62	0.62
"20140"	1	-0.61	0.61
"20141"	1	-0.6	0.6
"20142"	1	-0.59	0.59
"20143"	1	-0.58	0.58
"20144"	1	-0.57	0.57
"20145"	1	-0.56	0.56
"20146"	1	-0.55	0.55
"20147"	1	-0.54	0.54
"20148"	1	-0.53	0.53
"20149"	1	-0.52	0.52
"20150"	1	-0.51	0.51
"20151"	1	-0.5	0.5
"20152"	1	-0.49	0.49
"20153"	1	-0.48	0.48
"20154"	1	-0.47	0.47
"20155"	1	-0.46	0.46
"20156"	1	-0.45	0.45
"20157"	1	-0.44	0.44
"20158"	1	-0.43	0.43
"20159"	1	-0.42	0.42
"20160"	1	-0.41	0.41
"20161"	1	-0.4	0.4
"20162"	1	-0.39	0.39
"20163"	1	-0.38	0.38
"20164"	1	-0.37	0.37
"20165"	1	-0.36	0.36
"20166"	1	-0.35	0.35
"20167"	1	-0.34	0.34
"20168"	1	-0.33	0.33
"20169"	1	-0.32	0.32
"20170"	1	-0.31	0.31
"20171"	1	-0.3	0.3
"20172"	1	-0.29	0.29
"20173"	1	-0.28	0.28
"20174"	1	-0.27	0.27
"20175"	1	-0.26	0.26
"20176"	1	-0.25	0.25
"20177"	1	-0.24	0.24
"20178"	1	-0.23	0.23
"20179"	1	-0.22	0.22
"20180"	1	-0.21	0.21
"20181"	1	-0.2	0.2
"20182"	1	-0.19	0.19
"20183"	1	-0.18	0.18
"20184"	1	-0.17	0.17
"20185"	1	-0.16	0.16
"20186"	1	-0.15	0.15
"20187"	1	-0.14	0.14
"20188"	1	-0.13	0.13
"20189"	1	-0.12	0.12
"20190"	1	-0.11	0.11
"20191"	1	-0.1	0.1
"20192"	1	-0.09	0.09
"20193"	1	-0.08	0.08
"20194"	1	-0.07	0.07
"20195"	1	-0.06	0.06
"20196"	1	-0.05	0.05
"20197"	1	-0.04	0.04
"20198"	1	-0.03	0.03
"20199"	1	-0.02	0.02
"20200"	1	-0.01	0.01
"20201"	1	0	0
"20202"	1	0.01	-0.01
"20203"	1	0.02	-0.02
"20204"	1	0.03	-0.03
"20205"	1	0.04	-0.04
"20206"	1	0.05	-0.05
"20207"	1	0.06	-0.06
"20208"	1	0.07	-0.07
"20209"	1	0.08	-0.08
"20210"	1	0.09	-0.09
"20211"	1	0.1	-0.1
"20212"	1	0.11	-0.11
"20213"	1	0.12	-0.12
"20214"	1	0.13	-0.13
"20215"	1	0.14	-0.14
"20216"	1	0.15	-0.15
"20217"	1	0.16	-0.16
"20218"	1	0.17	-0.17
"20219"	1	0.18	-0.18
"20220"	1	0.19	-0.19
"20221"	1	0.2	-0.2
"20222"	1	0.21	-0.21
"20223"	1	0.22	-0.22
"20224"	1	0.23	-0.23
"20225"	1	0.24	-0.24
"20226"	1	0.25	-0.25
"20227"	1	0.26	-0.26
"20228"	1	0.27	-0.27
"20229"	1	0.28	-0.28
"20230"	1	0.29	-0.29
"20231"	1	0.3	-0.3
"20232"	1	0.31	-0.31
"20233"	1	0.32	-0.32
"20234"	1	0.33	-0.33
"20235"	1	0.34	-0.34
"20236"	1	0.35	-0.35
"20237"	1	0.36	-0.36
"20238"	1	0.37	-0.37
"20239"	1	0.38	-0.38
"20240"	1	0.39	-0.39
"20241"	1	0.4	-0.4
"20242"	1	0.41	-0.41
"20243"	1	0.42	-0.42
"20244"	1	0.43	-0.43
"20245"	1	0.44	-0.44
"20246"	1	0.45	-0.45
"20247"	1	0.46	-0.46
"20248"	1	0.47	-0.47
"20249"	1	0.48	-0.48
"20250"	1	0.49	-0.49
"20251"	1	0.5	-0.5
"20252"	1	0.51	-0.51
"20253"	1	0.52	-0.52
"20254"	1	0.53	-0.53
"20255"	1	0.54	-0.54
"20256"	1	0.55	-0.55
"20257"	1	0.56	-0.56
"20258"	1	0.57	-0.57
"20259"	1	0.58	-0.58
"20260"	1	0.59	-0.59
"20261"	1	0.6	-0.6
"20262"	1	0.61	-0.61
"20263"	1	0.62	-0.62
"20264"	1	0.63	-0.63
"20265"	1	0.64	-0.64
"20266"	1	0.65	-0.65
"20267"	1	0.66	-0.66
"20268"	1	0.67	-0.67
"20269"	1	0.68	-0.68
"20270"	1	0.69	-0.69
"20271"	1	0.7	-0.7
"20272"	1	0.71	-0.71
"20273"	1	0.72	-0.72
"20274"	1	0.73	-0.73
"20275"	1	0.74	-0.74
"20276"	1	0.75	-0.75
"20277"	1	0.76	-0.76
"20278"	1	0.77	-0.77
"20279"	1	0.78	-0.78
"20280"	1	0.79	-0.79
"20281"	1	0.8	-0.8
"20282"	1	0.81	-0.81
"20283"	1	0.82	-0.82
"20284"	1	0.83	-0.83
"20285"	1	0.84	-0.84
"20286"	1	0.85	-0.85
"20287"	1	0.86	-0.86
"20288"	1	0.87	-0.87
"20289"	1	0.88	-0.88
"20290"	1	0.89	-0.89
"20291"	1	0.9	-0.9
"20292"	1	0.91	-0.91
"20293"	1	0.92	-0.92
"20294"	1	0.93	-0.93
"20295"	1	0.94	-0.94
"20296"	1	0.95	-0.95
"20297"	1	0.96	-0.96
"20298"	1	0.97	-0.97
"20299"	1	0.98	-0.98
"20300"	1	0.99	-0.99
"20301"	1	1	-1
